average_word_length,total_words,sentence_count,character_count,title_sentiment_polarity,content_sentiment_polarity,title_subjectivity,content_subjectivity,positive_word_proportion,negative_word_proportion,average_sentence_length,average_paragraph_length,number_of_authors,number_of_images,title_length_variation,content_length_variation,title_complexity,content_complexity,title_keyword_density,content_keyword_density,global_citations,local_citations,external_links,social_media_shares,reader_engagement_score,content_relevance_score,content_originality_score,content_accuracy_score,content_depth_score,content_breadth_score,is_breaking_news
60.93069675986669,3499.2546032013734,65.5456473718138,5799.334422263032,0.03216416416543655,0.2504088445711812,0.5377066884268441,0.6250745203730989,0.19144101624398197,0.12378064633500131,3.1165430068439695,5.209473551231531,13.811402582846096,29.891303568218444,0.027105390173051212,0.04194731259920577,0.06415109479519385,0.03611132634450784,0.03496532468114632,0.09257537028322455,63.62271246047481,72.09056386024857,62.72830452847377,5677.17252308171,0.3815148704823252,0.6541513989656556,0.6409243598438005,0.7521499875681044,0.23955913207194474,0.565921280059377,0.1533686914211162
42.211893719839814,3386.8765478052587,48.28765634147663,4939.678908070529,0.04343851254554451,0.14538569233840667,0.4726333186522252,0.43870898862698837,0.10635654244786556,0.1417025931913133,3.5308744251566546,10.23354981458941,18.311869514072594,38.24833450634834,0.013440445546434029,0.02351139890643334,0.07409379495874939,0.03279359236156295,0.11028533739849398,0.05146142015758444,50.830522924607244,64.23272227795343,50.225649206740066,4972.017025738518,0.4258640801159751,0.2773278169848182,0.5202707675185005,0.48879040060913137,0.27922267329880307,0.3210695778741567,0.28730262960232233
35.11483993776802,3709.9408822325086,41.88546389002313,3782.232458101066,0.10694061930867871,0.21405208353133098,0.2693335032696685,0.35907026883132187,0.20732293592329679,0.23043904664161682,3.0542551577976793,9.968394814101718,16.563539290122748,32.03632696214995,0.03155801518534967,0.027098629588733186,0.0596555487452819,0.03954040541244253,0.0729105006704244,0.09702429998849407,38.01422852577764,74.1078627009163,36.52609404170773,3402.70684129532,0.6691145910152669,0.31170737800927534,0.2626306341622057,0.4037592213794133,0.41867870002693774,0.5117749466088688,0.5989197813804663
26.073917827553615,2317.4555883697576,36.46131292163938,3155.6049482902326,0.03496135925152183,0.22000130679985674,0.4121178496383952,0.4128857759865451,0.22008351148619118,0.13640040099129178,2.0846021715115843,4.319410980263444,12.625826440674143,18.737031585560924,0.020118493112661694,0.05727647175443203,0.10019271834405484,0.04946280423858089,0.04980864967887247,0.10749182144842721,35.651932411136,31.80176138046387,38.57632705768749,3202.4709871496043,0.22262728713009844,0.35654781277518677,0.3763802583766867,0.3811021340970043,0.1716020124621579,0.2332969101132656,0.8403192514580047
1.3627701353810415,1882.6190913875766,11.035623429228204,1016.9166038513383,0.013644218655847239,0.10707776798840068,0.2375319943057799,0.15659996923855574,0.2116601480983151,0.25254347276263556,1.8086760615147872,4.8172133881682635,8.98053354376169,17.108489164068907,0.006610749590060134,0.038533463111940246,0.11979144576783786,0.03910306614492855,0.1752684666423308,0.10397232363999719,19.118518968657547,32.61842902481689,16.819855528747397,1787.0096889887034,0.15331766941937452,0.30069833496730664,0.43234259502124023,0.26700343004239896,0.49830366836431395,0.5899067843164303,0.615336379397849
6.565041142121683,1501.4542712764437,19.96985688417,1981.2119108230984,0.12147548405305565,0.19505705482528063,0.2228829315507968,0.17648728470377906,0.21135656564682476,0.4284924418536081,3.3224580320253243,4.237000659820462,18.944989157290067,36.81295310068698,0.023412244596904632,0.04059006760838432,0.07713824788887719,0.029036113664843974,0.15179849572912021,0.1483758080404185,15.916841883071525,15.999348810866351,16.611079944461803,1690.3678136722217,0.43583139004717464,0.19810681947521475,0.16981586299270307,0.13412086682400912,0.2209872107310639,0.37575863935192133,0.9414911633877554
50.81611811124465,4539.601406543294,55.009263261618855,5658.3419444362435,0.07747792341736856,0.24833846394404321,0.6427669980734022,0.6134658498230762,0.20715408387946382,0.22227884998643357,8.734643321776266,19.836775447941736,41.061058156459325,72.90145105647478,0.025525644818325144,0.08282399064496498,0.1923007265669665,0.09898657724614937,0.26389758729743873,0.16375094505260435,61.647436850845594,74.47217303288699,59.3663099633285,6582.507388009956,0.18550319765868295,0.27940250580326487,0.5658621076639985,0.6224538021023895,0.41138190340860215,0.18876589836823227,0.25302491612297806
25.153601699588144,1307.3244705519123,35.28040200880296,3496.6539442373223,0.03845371449953221,0.22715815089657965,0.34719881263243313,0.3343896712792613,0.3159106517783168,0.2857412106741365,3.0352188432596017,2.8848755390340757,15.870860806497385,47.070031323377094,0.005284776029814327,0.021186389927917236,0.031736377209392035,0.01049444941873132,0.04079025422492717,0.08655739289301262,35.77147689128126,27.192356393241504,36.5293342015413,3734.6827168269874,0.3840018693573872,0.6865541653687053,0.4238235169339214,0.3473029021046503,0.668463848465611,0.8931905470340333,0.8502241458247219
1.806503014095012,1251.7393147124892,10.129227626862274,1188.7760352189257,0.05250100671085806,0.05207898237984219,0.13344312524789753,0.13829465171889252,0.0627019547692923,0.1597458114676783,1.1830210020707368,10.772900692497016,5.7696480218152155,11.916840505347531,0.01947766377784012,0.010603816322794408,0.03162178540379064,0.02046607824228628,0.037648931248417526,0.0375651832347915,13.683244637715985,27.395535359749616,13.840197218511882,1480.325730479609,0.37795098579723424,0.10773045574253769,0.1347243428887261,0.13952698939189978,0.10822492879576089,0.1353341179327878,0.686440872875179
1.0851031322228548,647.4290379878203,11.082094355316675,1070.7405057397777,0.02381077750909454,0.13729243772920505,0.1505666818826367,0.11689755015757712,0.20551310773139675,0.2024868016649596,1.7562980526140617,9.675395932216226,10.931367696763662,13.67070711489607,0.033740993878054834,0.064365418709987,0.07353970981395229,0.038062980631899404,0.28792921051241377,0.10688546046191241,13.054831711010973,20.454606212174824,14.50805534356628,1128.8428361733454,0.20767684184305465,0.3450581700596838,0.16352125533556686,0.141862205729966,0.5654605852795939,0.3040332888114177,0.8384303412949474
2.908142905118427,840.1917610584422,13.059960154064981,1356.5095088615572,0.018012432751919244,0.08144039662645712,0.1475694173493843,0.10608055033797652,0.05409346471623551,0.2570352288805468,1.098613802394379,9.45095363391338,6.755891221264549,14.855149515204541,0.034675630833507394,0.025697381487607814,0.03974136791107369,0.015259361047075015,0.03949595269442214,0.12121546083689526,10.787998883789875,19.459065107910256,11.173452047616331,1173.2588642661926,0.18229140214545034,0.20835177107262048,0.18642878754975425,0.11342023169773054,0.10919213527092045,0.4851398682055612,0.9508218790357936
37.422988193158986,1529.418504541559,43.77958484333985,3804.569362069844,0.025930867417264115,0.24654652553382997,0.2878875525656288,0.36040011592617577,0.3026733949011729,0.13211861184138757,5.103047441798366,12.136290471977292,24.327934065741665,35.43809083851113,0.018709134175088987,0.08667781117688081,0.13712387207490012,0.08644384285548572,0.22344479592833721,0.16072250227608909,47.1879256681095,27.83263080517367,46.00268519317843,4380.501474042528,0.11592580961397209,0.483504027361222,0.2687668820624261,0.3837250733750461,0.42791385701103607,0.32289152512000524,0.6930446457898566
26.134570490449967,2187.9332487116717,34.254258966494476,3365.010698272073,0.05179433404226895,0.09656718188667134,0.16791378059977474,0.30682560229568656,0.12060034616133347,0.15532504489428883,3.675292811764447,6.123932709490035,14.663235760271194,35.84918271575981,0.02972994975651767,0.012503432885643454,0.024872086920756507,0.015696618994663035,0.17549273987436118,0.04582790365813295,34.427257418124,34.985775852951335,30.74380962967283,3280.140022942031,0.50664702687309,0.12003960967111307,0.10991127325970147,0.16580855208786865,0.3549175504246845,0.15536158176771556,0.5802435677268347
96.88732844566505,4190.6377889098885,97.48719976443407,7890.351873989388,0.10772347071059989,0.32691148591447944,0.6568880240541863,0.8774928681118063,0.15258290981537712,0.11532070289124811,3.8281285028256087,3.2602897665257045,21.34734671787074,47.1939847666447,0.008186301056483948,0.036406122342782524,0.06591317944197811,0.0635228653966163,0.05809722653380071,0.06614392457618867,90.76572567916413,87.42146774694672,95.82338409179158,7512.818530479891,0.7968663547806809,0.8713389492683622,0.9280600399329689,0.9704508218252229,0.6959234812397017,0.5279964740934179,0.06959094572814006
60.97751728310666,1928.9556683708176,65.01762188654197,6562.8869554087,0.08022552008677113,0.19175183786157224,0.35475120136029276,0.4785385808674025,0.18288541500654337,0.08849730269926534,5.643441249964154,10.347799267471578,27.087481472275254,64.2032214808547,0.021344415439851057,0.03253098635068794,0.058689931258192954,0.05999724409255526,0.05033850319331118,0.07801844476389971,68.24412108748233,48.20897849119251,68.42013477762603,7288.7790147124015,0.5927387283778014,0.3169919558056805,0.27527186218693067,0.5896363752574687,0.3081219531265702,0.19414241538030155,0.4301928253179975
70.54264699610235,4971.980039495079,82.86146003083957,6859.733445250492,0.11830430298418304,0.4805145653164959,0.7341415568712721,0.724648671199399,0.31068241701225974,0.2446270436869078,7.670398723227815,16.308861987936695,41.4821102421819,82.41868377903128,0.02168694070501614,0.08302126474353771,0.08629107193149489,0.03943662720670337,0.2321553502405841,0.14553731910476672,68.48224854525779,97.1650549768165,75.20454831258688,6785.430233674322,0.6752479317892148,0.8455626814528252,0.5243638982466947,0.6718888020633246,0.7403089566672432,0.5611209601480613,0.2566624644635335
91.08193241419488,3292.0747451071184,87.58863043011218,7606.577299465755,0.06397764975544148,0.19447171343274455,0.3899232257408481,0.45782201969852215,0.20085108480277758,0.06624394534289198,3.3786151111297293,5.970241318322948,14.93858387366822,40.94024072249321,0.013982315119424079,0.016772556481912976,0.02900925112728885,0.012622358441509976,0.10588284967713966,0.03420138166056728,70.4464117633492,65.9604603799312,64.56385828160815,5810.63168655619,0.5683588177336605,0.5738155894516911,0.5989559599166204,0.5281466382398811,0.6911523541140677,0.48251696108938297,0.25405054172011254
35.29150102227193,1451.8261466313656,40.640919482446236,4581.14829704689,0.06153342956203629,0.1157210777364526,0.23194734785981388,0.3335949523470319,0.19524017304181795,0.20004215270744177,8.16558417105098,4.154828479405375,30.942331812310577,84.93434033373157,0.03002778975797484,0.02747562650761399,0.03965552341412206,0.036667633961352364,0.13551369899920032,0.12756272245690445,50.32590881366258,17.01002350789583,44.36485638869099,5423.531389791478,0.21073207352219694,0.2053338710954173,0.17692025430076813,0.2726382586396013,0.22788156303408771,0.2784747578447903,0.659635346425259
6.379601915021679,585.3893368310584,15.72914763586743,1514.8708781157527,0.0272344310381592,0.06035830574993275,0.10169853413254044,0.1178913167762538,0.12028487256128886,0.08574118934107487,1.281920535680965,2.024098328852949,6.328221023906154,11.477432261002294,0.0056856397367488565,0.010084038499343475,0.02080978223253446,0.010052131374677038,0.030497921858933026,0.020624646467676838,22.134176564870597,17.801305974908313,16.85141428403686,1702.8100163488596,0.2958082371477161,0.2447580435166427,0.11811427713995276,0.14440059687751808,0.5345124830004078,0.31430782136101254,0.5769031732078198
32.75411514992023,1587.5333191496698,38.73997232616693,3571.8392581156413,0.052867987426474645,0.12014261762026748,0.29763915158537174,0.28881648942911453,0.1704494457180314,0.11066756637617085,2.785279623898786,8.345693773285205,12.351436522303597,26.842076162282073,0.021777180036198485,0.04815549538202629,0.15840848066135393,0.07105759916429621,0.23389449632814666,0.07354208782261823,36.39913355805772,22.927770444382528,31.815089728724352,3440.3103727113244,0.2580920780723748,0.24442382875560423,0.4279788813194817,0.31268963650010184,0.49391715771950445,0.206627783792237,0.695781993104448
7.77246935054004,1940.9335258843216,19.431633432211065,1768.5458879652308,0.014909166382380315,0.0559722376487601,0.10996893794702244,0.11186114981321538,0.1007108313872076,0.09732083256226659,1.3224450253630038,4.997297419628327,6.914293190420252,12.987671753323262,0.015002124476962416,0.018618061101823572,0.031176878601054493,0.014407174340007009,0.04893948788712088,0.07552338064078049,15.165273304988975,31.56959910253002,14.850895223555579,1420.6507408809855,0.11965031687532605,0.1142724309234774,0.10803475332530046,0.12377674041282656,0.20184727009873987,0.12017833750859702,0.8965886354127119
73.46111870483634,2210.305450590822,78.10878484495208,7687.963528573272,0.10200504217499878,0.1759283422167355,0.3120622700182213,0.5823321573949284,0.39031397894867564,0.08335505531068924,8.406515692011384,10.383964166221197,42.245771201108816,80.06912508363541,0.03804525037192297,0.021272271208296775,0.04238649175798507,0.07251518964120986,0.10165151860722801,0.04453665704136781,84.32598832120097,51.08086464906369,82.37570188116317,8439.754592924972,0.5757315196984327,0.18473970170280818,0.26155375928960384,0.5494555012691279,0.22871238584701706,0.12510928685754252,0.06278333049078977
10.34858139830555,1250.1531361665147,23.05700299238952,2479.7930773344306,0.04200961427065426,0.08831352187771116,0.2068042770022654,0.1572184320578406,0.08374838470185546,0.2036827240937581,3.043100545402672,10.323427503449382,16.300272209800134,33.22062598485648,0.015036240597031139,0.018218389399335143,0.0366556390074708,0.01166993596672998,0.2029893169063429,0.03129197624663104,19.261301635930227,26.636306525765455,17.867835160869088,2046.7161305406012,0.15885827187881607,0.17448207416995892,0.21045607385099094,0.12916024164258752,0.2716877270280743,0.27805388818244475,0.985352909749488
5.966113552863833,1243.0152115648027,16.113347658301432,2148.6017487487316,0.07117881382962499,0.0518112747307553,0.13458991733997314,0.12661432342530196,0.10956822158877276,0.11837312804771143,1.601325928953472,13.168980026553657,9.352326926795767,25.56244664982694,0.03492595882865711,0.010813048684318278,0.03299451086031909,0.01222671167828219,0.15323933111550422,0.023258327484010126,15.235883736147976,40.553962966784496,15.3198416994414,1869.9408974178739,0.554104639166669,0.10451504182249538,0.11186916243199542,0.12607279569140892,0.42019893796870994,0.1102818263894066,0.854013913505641
67.33028539713366,1085.8533603507976,71.24129350498157,7832.460748722534,0.036306370880150235,0.23025493906528854,0.4790266898411839,0.41907269856024026,0.09130382717474873,0.2033639933860733,7.525361335638442,8.008269836520562,36.37940688163049,87.80415626151563,0.03125773127971443,0.06892023530790013,0.09944943182441557,0.04751329359868966,0.22280537565808983,0.17593760955725593,56.578188891872735,17.19276531873948,54.781926575320924,6958.425029424927,0.12866165762901458,0.1900547673114178,0.28155837078935064,0.28163311429348475,0.18195539602371952,0.23934406185971568,0.7981340625045819
42.14886109035806,1704.8226148557033,45.58463564225721,4831.130551312304,0.08803226630170563,0.12563569662418428,0.41271320540977363,0.5008553292810825,0.3711848194007254,0.08966095959451797,7.948009420604085,12.246944785135529,27.361470795759306,73.5029577339038,0.014512086668890221,0.025745454049764936,0.07947687225202653,0.05694980452439219,0.07217392125692255,0.05305355205214516,54.70988250059112,35.09150511144153,48.84083569777298,5599.905046043457,0.4175687779449327,0.22646566757782138,0.40523139637808053,0.5385613085595075,0.46059463685898255,0.14778547945840048,0.190830183877419
9.598363614040585,3310.2751225077095,21.775117400380626,2027.9686017853805,0.05831109372191099,0.07761558309317552,0.16879291915028866,0.15903255282696482,0.1605277266902829,0.20235560848648534,1.7985628298224472,6.304969401826994,9.070884447297313,18.78152304411893,0.015434607889657758,0.013760825316671823,0.030960062399272063,0.011900164742346014,0.10356996580491751,0.05386211034356327,22.82548466608414,73.63451904507772,22.24813807739566,2199.316631789949,0.4807072316988232,0.155414998265088,0.16004029605776984,0.1659094200866252,0.599286009722198,0.3624957607701994,0.6521794394695796
7.031580728325653,1248.2162673976434,19.63403833758651,2214.6066410459725,0.08274923351619853,0.16525666755452137,0.19249522728137472,0.16403470036109663,0.16029035901088248,0.39305958976737027,5.185472356288533,5.327863584570492,20.689447612350822,45.64753127140275,0.03597785755042652,0.06520872982860663,0.10494683145352021,0.06833282098445273,0.26776936344549407,0.17844381318807487,24.14529373535397,17.42664692616521,22.986001640518417,2730.325916305429,0.37178834655629883,0.23167566827006117,0.19417942275405747,0.195635103522189,0.2565597268819478,0.5288210113334045,0.9186299996948577
47.92406186272243,1491.435725381585,49.81745761650669,4636.160046509781,0.018897895462131466,0.12310462972744163,0.307590307151363,0.40872122514349696,0.10737936079090592,0.08103678791354837,4.447033215465984,4.265990899835019,17.56407286446828,39.59787781996057,0.020239873485494112,0.04609538441148225,0.057983122379383245,0.031544827366799595,0.21355675697907056,0.07838431161665435,56.546527792349316,28.17394644751447,50.76178763642809,4964.946177128485,0.24753000881936668,0.49636536945104276,0.33701601032632234,0.5599732002072937,0.6795021573163816,0.31628179590376204,0.4726078027323319
47.042540823985036,3354.0457862061976,53.92754823771249,4531.020885361771,0.09388574399123739,0.48091772336271477,0.8557096917237624,0.7093062837968445,0.2897347241931398,0.2954393524588866,6.7811435787586385,6.002519489279659,36.4465707834274,51.59451309342299,0.015460564985402872,0.09528764879967383,0.19785666768597934,0.09899649414279627,0.15888572843742457,0.18703523829677376,61.11701781489486,53.875333708686426,70.54022839168785,5706.917576575692,0.38608799935154425,0.9846517323018299,0.9860518590555744,0.9613869571943606,0.601493611889645,0.8236328398275883,0.058567537755364385
5.2949989571113765,2130.223777361099,18.665973793896423,1582.708603242516,0.051510960548156876,0.2458305958011443,0.2887372786997581,0.23910281448878268,0.25430058155968754,0.2859284515756113,2.0638315122376194,15.051395049574165,11.536591825250914,16.474185643192225,0.02488571001560527,0.04753635922337445,0.07683673094154585,0.03755304953974774,0.23983820612034126,0.0780154666047574,21.283744943672897,54.656893533592566,23.252839946317845,2022.3293552406049,0.6322408389427085,0.5342519043818037,0.4214720148258466,0.37851708666834566,0.8108801802953007,0.6040398809062594,0.7436869767564187
2.1609219531824073,2174.263618701232,14.184638057951405,1051.7647060568183,0.0673348457409849,0.20296385553007085,0.23488651382639464,0.2612427318514519,0.27492728648824827,0.3520386160458888,1.1088558004220537,6.254156865917924,6.413990164787471,10.099609452426956,0.027475154894210017,0.045022877207919525,0.0459653560004587,0.03587391982223178,0.15457060278171103,0.11662006960967855,11.979346508401125,31.191854417756684,13.76769484219883,1112.972210160709,0.5306579968073867,0.36325460503779194,0.24592332924363816,0.3008506426033493,0.4252504531773366,0.5346537507852966,0.9081138382765976
47.97125801110794,4062.0154334120944,51.06255026053479,5802.863293994075,0.043257424154846326,0.11036846896429822,0.48720394102067704,0.4168354667278024,0.24353749119478957,0.09755522573321496,8.35600277060173,14.208878310143053,36.93432960204185,82.9487498080779,0.03608666505815199,0.052664587155136576,0.17515002728338214,0.07124338742744178,0.2718419517564006,0.1169548555498524,44.031163848885434,42.93363931734195,40.17735293580712,4809.952232341989,0.11716241637082865,0.15052352738772481,0.2990493829874735,0.2512026459718788,0.234994650077874,0.11878976913728631,0.5905298530538121
69.30038157905841,4049.5834932754474,78.90490156942738,6153.1697024888745,0.12505176298171766,0.4380454253716645,0.7974489540058672,0.8344641730890268,0.1892857043545163,0.23668002348885778,3.581074616938709,3.4837759577075094,21.25863130157711,48.902658063549886,0.006228308080570859,0.058317608124224166,0.16387996638095062,0.035447595368272515,0.06257161096122903,0.06093005699993656,68.55491592047716,70.44002838283755,78.11835677603219,6125.934240027857,0.7965743597703405,0.9738413807952545,0.9715602880149352,0.948160307447611,0.556996239594766,0.7899776561379291,0.2527439415823453
5.036930186791051,2404.754763886971,14.957988497264697,1264.224406907611,0.04874887687885669,0.09176551741557874,0.17668071540654862,0.12045845700268983,0.2769942682238541,0.1859804299715444,2.2848745335141354,10.181080688197044,9.812243587820438,22.050081276071854,0.029488892715576392,0.025408038385056522,0.09790239029095002,0.05215282191361862,0.10197020709668111,0.08217387738396283,19.22324283473984,48.55968804294571,17.837918479200543,1934.4467633693232,0.4232871330106626,0.20104456578303675,0.21205408457691297,0.1778833103175515,0.3276098609698341,0.28795723180082033,0.8602123549562967
26.714958027744895,3790.6893888452405,37.89543471835993,3394.5875804761004,0.13633950320075922,0.37608310938392064,0.5505133517321912,0.4733955895264532,0.395365644758758,0.4054050550786361,5.255537675527746,7.027305653780459,23.081012875762156,37.2441841898628,0.016159098672767824,0.06698694115300341,0.10921661760163637,0.06905305860508854,0.09353166739670737,0.1764421676059633,39.854280359518455,62.83667094933499,37.44582843577762,3692.9422787347225,0.746703538288295,0.8748423024771895,0.667232137552526,0.6102780219541433,0.5725192898028858,0.945183562663626,0.26626422072188555
59.89699739109172,4802.3517775737655,67.50506225097531,5935.32921312193,0.03862792341421976,0.37535788573876555,0.5074197117739576,0.6029055771023092,0.4327524765251813,0.23292553692184714,8.107442659161993,13.873880133418291,40.469530742449415,72.53271597828264,0.007195844856503061,0.05543396435208217,0.06447939688317067,0.05853535468907239,0.21898856398756814,0.06392476295108589,81.92003753897806,96.0168711886755,80.59802888837552,7985.302714421183,0.2553851440983126,0.86748707737475,0.6277942942475802,0.7373942812036028,0.9927708319463683,0.700309686360631,0.1402557442948934
21.728762164152922,2604.6380471404414,29.597486166844863,3316.2627589450085,0.050806258316257125,0.06775432880691522,0.18513255888799732,0.16783773538384147,0.16432391627704218,0.06837560397737569,4.330524588686304,15.12435242962928,19.944617338146024,39.66406621924242,0.029917088880790508,0.014971354030039064,0.06669892010318663,0.026716421731095997,0.19440777992607222,0.039985468318927166,28.879154159231344,51.663193130136705,26.02592654001151,3047.0624682533294,0.17623328111463252,0.11199746539200069,0.11787366205670181,0.1350231518736507,0.17819584966127533,0.10498410214654123,0.6776596937684578
14.539351196455813,836.3253264395652,26.942364954604546,2573.8610957549126,0.10850580264370592,0.36500421877729977,0.5214187641680761,0.3594800963843051,0.4060937238955869,0.4200695890406573,1.9049198336673818,5.920917163102084,8.953017178290835,17.074331656035163,0.021809499684734373,0.06735488024171889,0.10356943600358678,0.021500828172227697,0.22926038740143445,0.11619363044709374,22.854127179704623,15.938889762616974,22.173787697983478,1938.0341340472096,0.6086152654115201,0.7099625824074935,0.6127359766665499,0.3241060155711201,0.8754853163169094,0.7590291643615473,0.530473475934893
6.542106943253518,577.5412019800567,19.587631210215854,1827.3635025351955,0.02760805712886736,0.1193439292303864,0.28614025110637326,0.16860274051593307,0.12738918891001202,0.21560041240988864,2.541887231989294,3.068820667438865,11.179012893051071,19.711791741817688,0.026401272797677514,0.07052330016816495,0.18402741724778826,0.03838536410236485,0.15201363965384446,0.16889127149834024,21.4876275955836,13.900418144739243,21.614024064308243,1960.015602187534,0.27711930927398293,0.2945333988943218,0.4616183701610761,0.19152441583491023,0.3510910962433081,0.4354339789114547,0.8693922260592514
3.3139576703108125,1229.1168164711398,14.892801016640847,1361.9070682911572,0.054439204452177495,0.18253994546238073,0.2671248659495659,0.18436541314442065,0.23164391721566216,0.4294442959810965,2.5211657835862997,4.378312351472434,15.089559452967068,22.314394545239285,0.039685924032375315,0.08296339644646795,0.17352931665984175,0.07896679996008805,0.25090325929698015,0.18159152235202944,15.175420285708558,21.301006756349892,17.944004482854677,1563.3397382083053,0.3002869615667954,0.4510873869033644,0.30882174125655115,0.27722356691714517,0.5398595586431219,0.6142887055313936,0.8915679852060217
10.049475543849878,1434.7695208589632,22.437915205050288,2245.464841469683,0.04578331624844202,0.07300019025476245,0.15465804292325963,0.1455577975025479,0.21364728025271004,0.19775430470452668,4.163716497767358,5.645747332433913,21.33500467284054,35.16860257126618,0.02118257637821044,0.015969366884180543,0.032176013396175984,0.018081472466230288,0.06755382300604917,0.057667084677450735,27.509800182200646,29.456963561040386,26.46908688872305,2955.4252893271537,0.3429521614550888,0.1376678706922639,0.16277711400014677,0.14006125830099111,0.17623308507909377,0.29867513747900476,0.8436913342232928
41.37793348140932,1785.0214982306668,47.2670903327105,4801.704154374517,0.0354513597012045,0.12158459804463359,0.36729086018377227,0.43970519332714375,0.1209482575128229,0.07965299082393548,4.8780805398102265,3.344771897835016,23.83550150442236,55.36949612717248,0.010318977427103585,0.016126864998937746,0.06557358014755274,0.04235284380050182,0.1203888394139062,0.03463538762800298,55.849288132703926,32.16910141510632,55.49537417652795,5619.297696668986,0.27514127396897514,0.2384942923483805,0.41965036587242416,0.5988591539037377,0.4540828467056958,0.21459407464446437,0.5119273294294444
61.75845541541988,1126.5484087008983,71.70058848789698,7090.07257820492,0.11232226957990711,0.3687527349231869,0.7356499606024397,0.7730512065569877,0.461744864632564,0.3167392259180074,7.160672866931243,5.326109060915595,38.67347325025349,80.16938147909036,0.031032599471445193,0.07876584556188743,0.10478970788747216,0.048197667296193236,0.11769663010688422,0.10904081419972932,69.59790410257898,30.184667463181636,80.86119482073855,7583.403695733514,0.7671417328001655,0.7585557177274015,0.8180120558781936,0.8453131689864968,0.8584704102560892,0.6270119396460282,0.4002149809300347
78.32778568754365,4689.049580259914,88.0144221917779,8759.515800111314,0.054316332467466755,0.4147617050057292,0.6662715568202201,0.8603658544927099,0.2321144334344679,0.24349084483879688,6.22752678926273,13.532149701199726,36.98660782571084,66.21498229807618,0.007614680186121232,0.0715294595641147,0.06798786490963656,0.055037275963955516,0.05699678813618243,0.08274174596445122,95.93545539560175,96.06893284557574,99.78366033175114,9303.002791111858,0.4608044270102523,0.9642854879714992,0.8200929747043003,0.9136974154441876,0.32380538698083494,0.704332012295965,0.22676785184576143
42.66840214222445,3150.0368939268847,48.16001870870945,5182.956425804802,0.10738539599676784,0.1373273568633702,0.3204386992951246,0.5115898490054789,0.3873361793038901,0.19724376967887575,8.329423123276687,11.14730477739493,38.83039548160351,78.08335354303006,0.017760831049566213,0.028369292787179052,0.07227138850550714,0.046331854209462564,0.17989814087425396,0.08465059351477207,61.72754675455581,55.35700327672869,57.409621170989794,7127.225483710833,0.39549089226204925,0.3102601103061913,0.2725445393026655,0.4936897449012493,0.5465089642169373,0.3999692676876378,0.3600013239711252
97.74371101151294,1825.2867842988883,93.308284390558,9578.508256364708,0.1183307615008747,0.3161002138389521,0.7618101159219894,0.9054397597768518,0.19033509025629547,0.12079138039708989,7.0664595851382614,8.551564393236198,32.870668919133465,72.71076710157331,0.015456058397069069,0.04138997322463474,0.11373343112344257,0.0669494140925178,0.12418200813756697,0.06388048729588813,79.42518689039368,35.49291445678179,75.50921426073076,7241.470016080357,0.6344135297350808,0.5661461473217804,0.6959869615163701,0.8073635773662547,0.5652275565941406,0.2990582499901128,0.3789836556641324
59.07988026489094,1005.5152257718623,68.31798853083914,6958.642745632167,0.1984124189970714,0.41356735752703844,0.7949111869839172,0.9720078727073769,0.3477240582432447,0.30595186971266003,8.192590147097125,3.055920729609227,40.31610435417161,94.58939159959559,0.04237083608335996,0.053878028360306265,0.11116899455095279,0.08907938830771778,0.21640488604828986,0.0657878228887416,74.85763895341582,15.184678310052094,79.95246943096808,8710.175524631584,0.9703731075520099,0.700065422057106,0.8048628976117882,0.9683915019394601,0.7731486026821304,0.500692373026736,0.06133879641774753
10.4225135776922,534.6989024003603,24.00531924895308,2064.461924432371,0.09607150378723851,0.22675620354260678,0.465757377328562,0.33049270536905845,0.13239988888298032,0.3687718810474983,1.5536862700826548,10.587677921624302,8.23406815169088,13.493993642445849,0.04416506010780901,0.046693748553383145,0.10289405638737917,0.023348823420083462,0.12445788394456103,0.14643352348741082,25.142671925157877,19.909813201726724,22.623464844909567,2273.072647857811,0.5702322605700085,0.45179312308464087,0.606661743485806,0.26865504622007447,0.2508432865146191,0.7051704644032679,0.4645085377652518
7.888595887545905,557.1898693640155,21.58021667651366,2345.8520285192353,0.1392073266647472,0.23177264036240489,0.30543394201802315,0.3130519608447678,0.15841675518321904,0.38592294234327934,2.214750938016604,2.7463661272539572,10.829282549475552,23.188983635747338,0.01848725403300766,0.052193019140401566,0.05976453848458451,0.03309218934772748,0.133701626603711,0.08413083815988014,22.81325255805298,10.416474261446412,21.343816123042753,2416.6483592004774,0.7379487890884561,0.5365577589971203,0.4700057994187647,0.4496529313208968,0.40407460033353554,0.5593537931981066,0.5474258865199281
6.005369923633373,2054.385718253009,19.698558645089406,2026.579999162457,0.17888803445962262,0.2988211581710517,0.4794247194122996,0.31057570751305175,0.40078535896546585,0.49631540075006797,5.922310283083216,19.493773632308464,30.48003122571649,63.54103302983833,0.04491333384271071,0.0793888173997138,0.18457629149481355,0.09069938282859728,0.16183213921171294,0.19907159890439416,24.592492637856616,51.4421970512792,25.273498827381623,2743.8085588132635,0.7253126947732553,0.5487756097095239,0.4698645539779429,0.4017845192068907,0.3231562744463298,0.9516865481167383,0.5417508854363537
34.07030633149618,1105.5439601123533,39.683041414445434,4238.924825394031,0.012381622949753346,0.07897436615172161,0.2867575385321816,0.22364359639694323,0.12908809250296616,0.08986389474093158,5.378405305552321,12.524171200320033,26.231522623615138,58.870474504187264,0.02859476636839508,0.03667911812143554,0.10357072203922008,0.03363139353043398,0.12471551820818545,0.09484297742112116,42.52000854793397,21.88772744501815,40.57005087537303,4824.572075966345,0.10909389175332451,0.17836745922134337,0.25335931449440946,0.16507170495488238,0.14713178599393678,0.21139804902311482,0.9065088266733792
12.956983894096929,1885.7190917889914,25.402780865044054,2849.766836909549,0.0382257682721215,0.17441880075788851,0.23289972505337656,0.19437744369420334,0.11702964272257176,0.24733798358816406,2.668091470229338,10.422829341270022,18.385439689394612,31.045330784650634,0.011205828089325302,0.026702075972457096,0.041605254258550425,0.015383468949266307,0.05663851104114843,0.06083190262992689,28.000892156906787,44.62845259079106,29.69674870280503,3134.94827418766,0.292345936326271,0.5451685205153912,0.34591841364730586,0.204140785455247,0.38786048826817376,0.4894415382319189,0.8242480832137935
68.66520528955611,2115.5508918259593,75.05213456823476,7654.5075381388,0.06291353276362692,0.3125733340223586,0.6957842374771653,0.6902776738097341,0.1536126207604916,0.22711732942387725,6.5446329789780755,7.45266228151523,32.80356022473749,82.62746256537758,0.008611333601688186,0.03994648201190325,0.08769454335800692,0.04741842101239717,0.17612287489092457,0.08059028050874364,63.9960347027176,32.00405477444373,69.507065473694,7456.197762923278,0.3312429863411563,0.6248017475106182,0.7880799944669947,0.6598789695187264,0.3804922177473756,0.6699248027335583,0.27580706933718757
18.82856214679966,1906.2357681996705,27.272317027686086,2579.4150401790375,0.026999404819430153,0.104289808508192,0.2778143448040647,0.3034653861225277,0.1595849721874624,0.1148112974116846,3.786261863064772,13.953630270497316,18.059012251379848,31.10518970120764,0.03210778421415099,0.0270763305570868,0.08652902584796868,0.07272054661846433,0.17167593867130843,0.06407343638227798,30.308158980255683,44.12089554727409,28.971223426502753,2630.5637073777025,0.3057593614612478,0.24016516673842367,0.2632467368077215,0.39027430473967784,0.45565143386051316,0.20299289037093923,0.5446292820489507
44.984358738720026,3218.3931361395016,51.166890357400526,4698.344357145401,0.03243330929075825,0.2862005036563197,0.4471306977391055,0.5331290272792806,0.12175343586077177,0.13480915127181817,3.0605043189113665,3.139729366629323,15.125341715591812,43.62896351263092,0.0070334959753486,0.05847244520335237,0.06839235904211384,0.052921084443603605,0.06261399806376135,0.05538881741889838,49.009105956816754,62.81200869974077,50.10488096698707,4744.047212019922,0.38249985905904516,0.9171710654342141,0.6773698978798847,0.7437380436209066,0.5692910465805998,0.6600087880632575,0.5352993724622073
61.80275251529852,2229.865192049645,71.27878531778026,6267.204927652276,0.05203130451501978,0.4332548556157696,0.8643164021683607,0.8954781629984193,0.46041981385673475,0.3775953709507185,7.154359403029699,10.562315262286186,35.851680014578214,68.95817408582734,0.00996169639441744,0.07923257409612122,0.16316133606558228,0.06846916168512002,0.09733872175455462,0.16995273072382158,81.16901612385112,51.385641744708046,84.99366103760552,8492.39349124409,0.3488339003424424,0.9228576508982596,0.9649936294984023,0.8753054266785456,0.8828209284302224,0.8822758480364814,0.05112809638806781
6.529779234071923,893.9704612877476,19.460950246204906,1625.8708931110107,0.1537466415792301,0.2432717879960354,0.33684545849654574,0.34882786163411184,0.37833077412787525,0.33443535739055946,1.7568322432602381,12.220732519081865,9.651914308323867,15.228954173840688,0.015095862161639712,0.026993531584093764,0.09792421336397884,0.0397960030881359,0.15465407222923896,0.05591858228017785,23.910030755277482,35.84493071560073,23.440419247394313,2033.4317545879442,0.9003717150862248,0.5888298028904455,0.5598431189054476,0.6185763245014396,0.8498662293343967,0.693343206700265,0.5432084010539623
39.97773752032365,795.7095901983425,48.47998410780235,4252.592768279791,0.05077782604114773,0.28760601549214065,0.4637168417673289,0.5142271838932211,0.3826953895755403,0.2588421707160896,3.440655914095249,2.299838846993732,20.75779867002416,37.56428664238876,0.020295620031657278,0.05860903927958497,0.059508946483979,0.035692449344564156,0.08873325503354391,0.07535049270335033,52.901754496578015,22.93572445266222,54.342379661051524,5048.054098356298,0.7096250478705123,0.7314552563328646,0.6420184610520677,0.7552986229603497,0.64230088072636,0.7426675598270571,0.3057431454099113
85.85097383065222,1555.5724897166908,85.51423688429615,7102.27059081392,0.04636649759877683,0.18237588488057566,0.27587272027766385,0.4492845901391823,0.1464422449153893,0.06192784109716787,5.905609543939074,10.183698309447953,30.119085353042646,49.1985980332935,0.008327307600525012,0.04854937553572998,0.04062349988991418,0.04026620528122188,0.19347071379204964,0.07078603175539981,71.40655696054749,34.34702359583642,68.59210221868945,5625.264225537446,0.277474956070073,0.47050317653120516,0.3655231386985993,0.5949933675479805,0.6525980138588269,0.247406887043016,0.09279075795930292
33.07155124449452,2622.196642070935,41.20823823273129,3654.7694393284373,0.03416425256781968,0.28970508509626897,0.5742252684357675,0.5339283983820153,0.12874679245223672,0.24989432448900323,2.3519560828909554,3.842507081348881,11.14234645413407,29.148400360290456,0.014337109164071448,0.0431693511371788,0.09443693417453307,0.021255724877077446,0.06702250734173315,0.07559637572075617,41.26886911863453,51.566950797504845,41.05070609057446,3787.6484436699416,0.5975594237682456,0.6473215077624397,0.7550341105226424,0.5922650812568763,0.3648558226401272,0.7347686019977872,0.24914986526118954
6.936682993188415,2424.297255743832,19.354286319150205,1578.7457203569263,0.03529463928585962,0.11249598433468153,0.27107403229379906,0.19149636072356352,0.10687668957795955,0.17691770440833912,1.1855191100247098,4.479627916962223,7.7014076671474045,10.896437598558594,0.016404724274439942,0.03351382156161081,0.09446119304667656,0.029030271471746236,0.08314880199589215,0.08238135815070687,24.7299388800228,53.30489660023721,23.093848223868093,2225.5908958632945,0.5898788502720366,0.48216791598853187,0.5416268978244997,0.40646151244393086,0.4083282847662405,0.5329370533729827,0.6504386770593206
70.21968054896149,1999.5021044189477,71.21298338853379,6431.521691787561,0.06791189084447116,0.187501081259121,0.5279380349624588,0.6432964329623374,0.3993739808780186,0.10300172043571852,8.29002052462979,12.808133373408381,29.97771575586558,66.06888775922899,0.012518435024038085,0.034121080497077405,0.10102387140649127,0.04447981227375821,0.07818092516898584,0.06270128279402969,94.80181939547013,67.13868036735413,86.81071282107611,8853.294753334503,0.5999111274624388,0.5941936488691787,0.6276823470087222,0.8026453758770624,0.6059288161170838,0.40207143953391355,0.04483068420069669
17.11536413233168,2492.192622390116,26.531703752141823,3047.176739654581,0.024550194761734367,0.06833519180900999,0.14030019551717535,0.15355663459878277,0.0705285452114018,0.11350842526392455,1.7563008224198966,6.9923490224560405,8.818493769816843,29.925305511675056,0.033029714047195,0.022859444927972268,0.0403000014513239,0.02533430197491561,0.14593400013980418,0.049508078866407894,17.83738107723506,27.096772198432546,17.670330147549883,2312.077180882382,0.11326886268246406,0.10286786103472005,0.10563182163995591,0.12909525098387872,0.11275764613010995,0.10464689445731067,0.9970629873832072
70.55680161938943,2379.023229525442,76.34728258745908,7102.592056008258,0.13346072956209892,0.34747793554792816,0.7809686495560294,0.7629207147030307,0.13392248009284569,0.15724789044342782,6.375229122717662,5.4269766410048375,25.63741738203673,77.01966240991796,0.02637914314417527,0.07121742198869378,0.1658409714877584,0.04794666234501343,0.04031336459314922,0.0985209071690673,78.08371697317298,64.14622009864468,74.13725988928158,7394.144063956846,0.8930317991612401,0.9066592652335631,0.8933920859446496,0.9091717863729611,0.37023296391022875,0.7047258934136524,0.1444291125767585
38.44356263629584,1841.5928060637282,44.589065538548134,4441.188986599862,0.09379717984189799,0.18637056377972008,0.3167827632397605,0.3880873807400112,0.18341017558860212,0.13226001593352715,6.687485518494876,3.931264956301407,33.378436236537325,70.98745497271747,0.033970869417600476,0.0522909863583922,0.10411935544491849,0.05057677769058934,0.2174515858899509,0.11185419917290224,52.476910353718736,25.362793854781597,52.30032235567697,4918.171425385993,0.6495416650943352,0.3443269849554543,0.26385638598835204,0.41391496705331904,0.3693005891241687,0.32266110797795167,0.548209117286425
79.72676393584139,3703.2353250314422,88.57219529551682,8303.567053802186,0.16033708206731012,0.49473895093173625,0.8484992964466667,0.9931031319074595,0.499299063911423,0.29466458776982557,7.2674583065210285,5.79019939670711,35.91260873546121,74.54424410934,0.030637293736147934,0.09852970570439147,0.13125039334358382,0.08089852294016331,0.2397042974034845,0.10449311008011544,93.66491402517664,83.46741333525821,96.57603388932189,8701.003147510297,0.9140248035621358,0.9942508639221137,0.9819775669413385,0.9874054901542422,0.9960637170413912,0.8840906014292755,0.027542355231247706
10.286848923486401,1220.3047898064485,22.870907325625723,2182.8929852826914,0.037887291112343506,0.08872868159022432,0.20085744581013085,0.16304672376727977,0.08530090799711686,0.20212333631400686,2.120526848596565,11.161394830093947,12.993192494324568,18.47480938942184,0.040267051968451484,0.05786179159544848,0.14772013305647572,0.08461744449219948,0.08875536979850733,0.11332216837089723,20.61225219481546,22.01396696016916,20.599161038786608,1893.4529064482495,0.18313640251309696,0.13887842622213772,0.22034496119853006,0.2542362572296447,0.1137051486080581,0.17115560664607157,0.8638908428710435
95.7721491104146,1345.9884332163265,96.64124171385362,9657.469084453598,0.14195421581538675,0.4246873213039306,0.6704132047160566,0.836572170738783,0.15576896621482456,0.33927407106438107,9.156698035529846,7.545292668221531,46.829764482693655,88.39983813780344,0.03196582264402505,0.06385756168088692,0.08508316282030479,0.0751136295964261,0.06597147509428,0.17306403779048699,77.06694235701501,18.186657105540192,77.74461425798927,7921.719450270764,0.42680858769334573,0.6052184647226126,0.46124888776727146,0.67773919326268,0.15967036178742267,0.5649248485587665,0.41805434170931166
1.871733657558305,1486.3595362045971,11.91053662780156,1251.357297285774,0.16075576145765047,0.23519652523965143,0.295931926782659,0.21185238428249578,0.1852310754746693,0.48497938216286224,2.488461683057136,5.723511340212066,13.271582205589008,19.63750463255823,0.01778204742412566,0.04499029669027494,0.13547240125545226,0.041367463533976065,0.053291814363918916,0.12048203987848953,14.938030395264516,22.68603968975382,15.58167116521409,1534.2855326346437,0.71537648770586,0.5040518070428642,0.3786857385303967,0.3320777553190093,0.35290491318156103,0.6864942624820791,0.655613162629532
47.480677613563515,2426.2694131823537,52.98464053667487,5440.036752666619,0.09441485661943748,0.3459036777399823,0.5399072292428142,0.49790046066292376,0.11586257658021941,0.3502578917264626,3.839605037387442,3.0476484959458734,19.795299106535595,58.882629331823715,0.014846473798358826,0.04062732793243782,0.08117472125053281,0.02542434212838074,0.08369415180287383,0.09120114859422881,57.2033756210992,34.80462396676916,59.036494067956625,6372.869454749242,0.5679881120321045,0.7141291392982996,0.6162201385570926,0.5239226627529747,0.3433105800786245,0.7591467836803734,0.7420594033755697
23.777514208667093,2103.8378488381136,32.97273913288784,3134.774487379856,0.02174545663406209,0.12397074523608924,0.20193397020932694,0.304705695907419,0.0917279269592895,0.14025702240036408,4.519991242485666,4.787922768351251,21.335753286442337,39.617922316966705,0.009697004565150245,0.03643335970828142,0.04858161246214588,0.051907763914781954,0.16657260549129055,0.0960597473528694,33.6638281886692,28.65613793111898,33.56867058882924,3143.9100922633384,0.1415961754113284,0.19622070062226715,0.15347231701117425,0.32725032014833366,0.26811468491098017,0.15459964425894604,0.44718834046930467
82.64559625303058,1012.3477522585758,86.44729101841152,8798.269947833796,0.03902378233905034,0.25447420018677097,0.6027927406249698,0.6619002813450033,0.07757649823382796,0.1535134660927835,3.7190093824479455,3.0290242614066294,18.292434475745576,52.29305373440439,0.005200341272477358,0.03135116451480733,0.06682458699192169,0.02553541898085881,0.03393594463095769,0.055852637946268276,90.40956670384212,33.10396195261781,94.15285164168098,8983.38889437629,0.4615063805073647,0.7714109158858987,0.7919384983391681,0.7848730539878457,0.4819551637318711,0.5406572204195291,0.11679648149205046
70.12618264839428,1459.1702252343298,72.69027460834602,8180.592478755324,0.07807692530187711,0.16199695146623638,0.41662967395785105,0.496729249219526,0.06730936925269308,0.12383735623934215,4.749084259772371,3.6334018705263085,18.1216274137015,68.5494136549032,0.02260216264791748,0.024786372934463324,0.06061201969331331,0.025486502586844227,0.0723983537653739,0.06573971825431707,78.26960469092256,26.48433563006749,66.67015934839776,8968.455967729737,0.5499173330178228,0.24056568477185236,0.3413267477583364,0.532401223900177,0.2818133436952823,0.2645837236339744,0.6117111657164496
21.806654443411876,3762.2477216573807,32.81730320553478,3369.497608600611,0.09917722788942444,0.3228234308372818,0.4770698111025564,0.4233856942683749,0.41566447103998555,0.43621499961101495,3.2153514690924028,7.319698709617826,21.25239075028015,40.71505243568901,0.025262962312693357,0.0633402459808307,0.10344605095079094,0.06032348790744915,0.25699214449675684,0.15705132955586126,28.421925914597438,35.75099045350071,28.79881030172366,2878.8762628469985,0.2849649660131854,0.44559866356075545,0.30295248946504305,0.31726088121913565,0.5578124397476221,0.6163783918292534,0.8113081257204815
20.60383873130404,2672.9824439019985,29.663066439147535,2640.777093030642,0.031116769216785082,0.11114798040690578,0.2136990484650279,0.20874810462743534,0.06513286822559872,0.08639448674854837,1.254007869873033,4.21986368412076,6.813322532272971,15.389710974072127,0.013544845143490183,0.026256477447430815,0.03281043986913251,0.011729916157125249,0.06837467949522874,0.047401343199312454,27.820757166353427,55.383223715104904,25.114818575987606,2323.6344827984203,0.4714479976811365,0.49543480976907683,0.41773765325190676,0.3200571314779537,0.2829504232916975,0.46102162835318167,0.6869049904175379
28.4149612524077,1479.413789184465,36.4768452434535,3486.579640674972,0.014983676654532754,0.08670203840468765,0.22695959562429252,0.26468074177581036,0.17044876288775299,0.07521130864894325,1.7340410459744402,4.639877673416596,8.258837406764133,25.87133381025479,0.011365331422394985,0.02484780292444621,0.03516459426690283,0.02089189425214322,0.1607185141863198,0.05757232329195637,30.43624456898058,20.883630584020274,28.34006046020014,2964.8102213637653,0.11365854003700819,0.19367749018912886,0.23437749200967387,0.19190696879415295,0.4190489433014178,0.14576579857255303,0.9180739258914559
21.14853388934532,1620.810814148256,31.072273357722075,2931.8068099637117,0.1974447861029992,0.30524122767738754,0.4218054163686533,0.582691530482541,0.2609644593694052,0.34292436175219243,1.9243326341676135,7.56984484542273,11.306158780732268,24.249523566999596,0.042099536513201745,0.021150969789210723,0.04193672354712422,0.03519879472686163,0.08461449270516008,0.06706101563097808,31.80641268652643,36.684944109642224,31.028494186569947,3075.2163609544764,0.9864231312718573,0.512968032683885,0.42041503175204153,0.6731660415878595,0.5412917053668329,0.6256034664701531,0.4649406542376886
43.33626769169577,1568.7636625701705,48.68189994618433,4327.616176837835,0.04531368364891121,0.10189343279460511,0.17526678138453514,0.24390283578376823,0.16352941288844647,0.06941196692737747,1.526274491414853,6.350811023334753,9.619924850748157,18.93523837512442,0.0059815441731594695,0.011411415819303595,0.02499465231982945,0.012127289187624003,0.15253823991555396,0.02100590292179541,43.09277939991294,39.43670183766208,44.21729873993531,3701.7345389614234,0.24587583587192305,0.27001326355706723,0.21101987201751626,0.3445894149393884,0.6212867897321029,0.12151992548811298,0.864407287956305
16.921060186927363,1080.055921769187,27.19848008939173,2725.548223675383,0.050528150283340525,0.18736816258608835,0.3749225123975246,0.34317708043107176,0.15341182303539097,0.2515839124391225,2.4094145533249782,8.12904900812514,11.62290147106711,26.527848448066443,0.021560234326778588,0.070235990593886,0.1383077436600171,0.04552076275459882,0.09759610897564544,0.1369806128850104,26.198888873134464,22.4649130815935,25.079922079243964,2569.787339755603,0.38771219503815374,0.44945547484983084,0.39632450793121626,0.3896192725560341,0.34487706307269944,0.4150656582169871,0.6465532964963931
62.653840404416435,1282.0700254991432,66.26505685255789,7122.845723385203,0.025285210042895388,0.12913692809723365,0.26297339637575806,0.35804295775931405,0.19584577944635967,0.11168267144790023,8.52580859666564,6.802500501678812,38.13430904157603,93.24891949681546,0.031835061530135426,0.058010301768483034,0.09269886475099687,0.04503284155658679,0.26732476935153576,0.09946576519198001,56.70894466690019,15.50718261981366,52.76942634616927,6141.504114261726,0.13270803030828443,0.14823863789599814,0.13878494905483707,0.17683362886981502,0.3288291140671744,0.13259836035813338,0.7157020127303838
35.74883881677924,4169.710220980854,42.978129749267,4141.8548652783265,0.03514846709404448,0.21634098471125884,0.4948295516040368,0.4648956180303149,0.12578008886116127,0.13494732425774664,4.989568193628562,8.356470557512017,20.51785900115613,52.97800936761448,0.02465921644051804,0.04866120798750043,0.12226946240577528,0.07477974740254466,0.06397943158608799,0.09671149988263665,51.80399015619857,69.4432686574374,47.560785727161715,5086.695881345624,0.3883802908963697,0.4905739046223039,0.4940992780047374,0.6073076761668211,0.25164703159217705,0.3720233024177263,0.13479029648407592
12.429304489443911,1848.9138425863223,24.138759011045362,2486.8998752204934,0.05751106265003362,0.07912408034507724,0.143207078980882,0.14515362808070656,0.11561664798561158,0.1968977498179634,2.7937733342129096,16.058963470375335,11.31091181009239,23.560286951996574,0.03453380942390887,0.0272055896760932,0.042987252798797795,0.021421324864281888,0.12722403460675286,0.1045338893422058,26.03825942608325,50.97981057273933,21.36317881891508,2380.1925842206533,0.45311438597746995,0.19289333071261883,0.13100686282877538,0.14076265098744928,0.30876707739187287,0.34383576974322994,0.5419386782227217
23.366174625023813,892.5007023521795,30.81823191852877,3135.2255071436766,0.08194153712417877,0.10161195364745862,0.1709143037756931,0.2331011472109614,0.28564310178506047,0.1407126242317447,2.8675061004332316,2.9928635558646275,13.412171364164818,37.80887823768674,0.010294957239042585,0.016687505196316635,0.023462934190131374,0.010900246524908539,0.14955315428134952,0.03640876296563411,30.158902864098167,19.338670035132463,25.611784406656767,2720.4907455732036,0.42858288687946516,0.24154005791545544,0.13824702066433556,0.17446492759901513,0.45905095445163974,0.3406236799494004,0.6078551603479911
10.900181773795829,3335.321314257602,23.26960089858474,1900.4936969992748,0.037003008245606685,0.09099551623841125,0.23612657023703243,0.21924830641280268,0.13489313260888924,0.08914121013534586,1.9444925942752964,7.314147091770502,8.736737571201934,14.777944613444443,0.010988846595882862,0.03567088658672389,0.11136462161020887,0.048353842110856395,0.07918674771799289,0.08144661242173436,29.819856003767796,54.40910027101325,26.072182496822908,2527.175766270522,0.24142181930382733,0.3028008888865858,0.3582918982742741,0.29600009185947923,0.4395593082110601,0.232570147201827,0.7512400619823134
69.93512836290984,2204.82263322425,76.75842333910616,7586.242332209338,0.13353625596005259,0.30974241762987254,0.7591162064466254,0.8883313713079944,0.1085766899225048,0.2285421184015747,7.370902118573513,12.851939167822056,40.91159833175566,72.01511337208233,0.046323261538745206,0.08133549018289639,0.11596901116699226,0.09752238843874403,0.23262720640066933,0.15836634702748636,52.480217667968056,29.415113409382776,54.56225384553851,5113.992771932568,0.5382360789256233,0.5575057032992002,0.6438521170299377,0.805405414888304,0.17534917631141814,0.5005724354302983,0.3141185180132261
1.8719110151035747,961.6317380302021,10.000069726699024,1392.9422881232897,0.03224328269320107,0.05103011090971476,0.10119049077866384,0.10342117284993785,0.2124721789643341,0.16081987824010993,2.9666412501522,6.708315068558742,12.045981894307076,31.17383877522597,0.012054014275052255,0.010183433733282826,0.02156444772046602,0.011807670838574928,0.051614605827050734,0.036082517118036235,19.039578671925508,22.082596740628805,15.431604540739526,2388.9886702977456,0.31974472106772706,0.11691638207988463,0.10753414572840297,0.10856089392467028,0.37953597231724706,0.20286984666748065,0.8819421541349397
40.75259948248611,4374.574377821942,50.08455816773027,4992.917397083165,0.09493199844136851,0.42288603059187835,0.8032536872726801,0.7240969427915301,0.23586536174427938,0.421501170386099,4.66212767074559,7.762735987623821,21.4861914755356,54.904298414546645,0.024315829915968448,0.07794690092831856,0.1618574633286219,0.0461969778879593,0.039942917823106903,0.13871162258996025,59.210648817462335,96.94063219727856,60.827055880369976,6008.233001538732,0.9412285622810246,0.9655196700925747,0.9818121304475939,0.9485454104873273,0.8134105401090147,0.9449393740001127,0.014978029343608035
20.282210673748185,3765.9406901935695,30.869081036799784,2633.8283044929794,0.19049546138086845,0.40462083153544937,0.4559097549563585,0.4470129813598565,0.4608965101425029,0.3933873808553373,3.7320424755884205,9.245395527399559,21.901195313617965,28.32935229457304,0.023601867556213994,0.0778850318276835,0.09231241226225803,0.060722293109899246,0.2413559361784957,0.15485569999778237,35.98243974076057,72.1954605401654,36.734067744888925,2966.7618435574036,0.8024701742199389,0.8701836115919095,0.5174761171148435,0.5514604340132856,0.9340268128609829,0.8138165914200759,0.5364723559003997
20.815835113883104,3674.080906994386,30.988268839728615,3145.6387782569695,0.10302670334845,0.29830307470782275,0.5240335825336488,0.38727079259428365,0.21119824611023227,0.3002575540408544,4.989919017056014,18.106533009155616,27.087209558368755,38.61027346709107,0.028788551687556074,0.08599898738439306,0.16453216208250335,0.07633905935643742,0.15561987407475192,0.18057046740535204,34.44754805709506,86.11671430856256,37.204636481889466,3257.825806787259,0.7606455105786665,0.9098514044892055,0.849757579299973,0.673718310907894,0.47577653930271935,0.80826322120627,0.37409210902368806
34.97620002176336,881.5252377646276,39.84500507917715,4299.263333413635,0.051193328166228576,0.07080459320533147,0.17035525166231014,0.2766662367787046,0.13797316266386933,0.05709353969008627,2.1605458241624205,7.885189806205121,10.248254099490557,34.522662017918556,0.005989548219094427,0.010771783980146858,0.02221320159638535,0.01063678459029865,0.10880024237630356,0.024693165217286456,35.91624784763726,25.98778863232903,32.64381680795345,3717.020630944339,0.15976304381036702,0.12360698025759678,0.1255754562676958,0.17343894161407544,0.2677704125023385,0.11156014291206764,0.9148040024018749
50.50334574483592,1434.638099521037,53.54792014405528,5393.157438364496,0.0843189198646218,0.21329814334793393,0.5439476290544651,0.5048603650343454,0.25577659698847427,0.10234326465121481,3.975616210477417,4.946233646804933,18.599966257359807,41.52850262988859,0.033638430431820146,0.06530333178020427,0.12554280095072431,0.060675685806700776,0.10825583764264358,0.0965571978963405,46.346420000655954,20.996274679783582,46.41144259501998,4686.589404107451,0.30223065927925624,0.32816769978555466,0.5532076034241177,0.3720366567669821,0.22007156418096321,0.17875725141857884,0.5416105794867528
23.117222670746933,695.4015333856793,31.397095502220818,3424.516074113001,0.12728177569818858,0.11908830690515253,0.25365291192831785,0.30708870218489875,0.08811582125710259,0.21147572288686128,5.861767213237099,3.7411710779109506,30.16879670337774,73.17365261196667,0.017416553953645754,0.014499049423584098,0.041316569503980605,0.03742072649497003,0.16307327066472355,0.026901682786761662,34.064252939312304,12.053819977700204,32.70206354471325,3701.3981603855595,0.5318953020317839,0.1414868824211117,0.17599219786311324,0.24055964377157069,0.2564041084353576,0.13387351447580872,0.6293900713960965
40.863550582959306,1355.30049873379,45.20185896209565,4172.549152464049,0.011952838066166647,0.1069293384548241,0.21026876294924787,0.2315985112138288,0.06371252200942364,0.09247498357693394,3.094033120270185,2.138880354412816,12.524600402759665,35.221629120679495,0.005048436291999647,0.027502923027112394,0.04743208807443965,0.024884629478442825,0.04008598580308108,0.04784705908882369,45.345344499438994,20.992232473796932,40.19329016768603,3836.7149978264315,0.1245879248424348,0.2631516336385112,0.241063210502839,0.3541833077661182,0.13794055196071517,0.2329033884293688,0.52828538898042
25.735512284464853,777.6689041280213,34.977704622021136,3172.944462783474,0.16239923129638195,0.26259842056719024,0.34035118132853426,0.5112150738772143,0.17745316655911814,0.2041125478140712,1.6107165559901806,5.501264889193657,8.568786916771213,17.775334502449272,0.012132032791057155,0.02105697209903817,0.04942346512106043,0.047976263171240416,0.07875306160928676,0.03461726574381016,32.70579269446655,22.574285546659038,30.428428078857575,3086.406482339168,0.5328817000355158,0.3455306871686698,0.37909811974901214,0.5311810289441065,0.3759829691831705,0.32036020924138386,0.4389056956422584
74.57969449949768,2874.477109135765,86.48441612863515,9436.738216883497,0.12381742361746703,0.42052655762158503,0.8923960386310372,0.9655296486855274,0.48531647264430927,0.26530663891567036,8.628550764731884,8.097008054137927,44.73543699956836,92.85199539365684,0.03808756207369072,0.06252257627187226,0.14224182733359167,0.056542535951952175,0.10672584165391104,0.09364841655048228,75.42748872919287,62.21790316684241,85.9201615367549,8175.844541453321,0.9112569291029395,0.8144859089557691,0.8261673230295624,0.8319576013876171,0.8805167567993563,0.48848896271567505,0.1923976880963777
24.785413828882252,2705.43891075545,32.753152327732394,3131.7473266668103,0.07132570380135632,0.10925742070739429,0.19046983792009176,0.30805660950267305,0.2952808090384764,0.10340236174674791,4.610831491179451,5.025566201304856,23.164756103794108,48.780745551474595,0.026768978279195967,0.014462544175749244,0.032187336468762213,0.03001096016509872,0.06766760423183817,0.024417720169047804,33.140646274329825,50.45307351468416,32.22020895968964,3068.543281877639,0.307810408060467,0.15257100250831265,0.17584749656312001,0.35345170557625216,0.2300801109140852,0.14005144937495828,0.7529348468942854
25.525631859649106,991.5227147575426,35.87036535549097,3092.855376585886,0.18794724159944842,0.2750783903574592,0.3432150223703363,0.3972479889077972,0.11702439648916946,0.22612363269350108,1.2866726894936418,2.684558171693805,7.478783251264196,17.106705596456894,0.011559701758771013,0.02123082888435032,0.025379812340768124,0.010551133704137586,0.030879685247485862,0.04233687531884614,34.69554670896214,21.815830156893647,32.587647299448705,3148.9504717534423,0.8997376284509052,0.4835058633450254,0.3357401944183909,0.39484509242977694,0.21524790179074552,0.5577473277950943,0.5765519717312966
75.30475609215625,1410.201143071478,86.71395619856324,7494.878686143745,0.1879667114428809,0.466355352540291,0.8220482433074686,0.9435544609746399,0.44282185878340313,0.240556608441351,5.8776340204062905,5.629595243425387,27.106638927947948,71.90945710878282,0.025047270637386397,0.07018149653381148,0.17004283223535585,0.08113948147785385,0.058187173905760226,0.1607757457830883,69.7780201965006,22.560956530493556,72.01180258064504,6435.538673715167,0.747590363498853,0.8427907433424033,0.8402161351915023,0.9248643645710594,0.454013238546112,0.6193696314140116,0.0738296173268328
98.61823906412121,1443.3282436201816,89.4510469848344,8491.556086512119,0.11238673088015683,0.16865090660860907,0.508516449794123,0.6285660877016516,0.07339235271715115,0.07508801722254521,3.056008698108532,3.051579884270515,11.842442560201352,45.993714941070984,0.01652412669215874,0.013696363628239732,0.07118559688174714,0.018761784606747864,0.04967707212478929,0.02299091845466549,68.6000488790324,26.97685881672913,61.21745825652922,6207.785373510822,0.6149160831915182,0.3057930102457884,0.5321111257150217,0.5936044604194579,0.20634020534624878,0.14423279563459446,0.1874082761695171
5.624124865917657,2119.8982975759063,16.99156401946003,1653.2093654691566,0.10465945696669453,0.09637088493955716,0.1889468811950063,0.1640664656783327,0.2925263167091467,0.2975186355091882,1.183554098397567,4.744951834554275,6.982406844633806,14.577156402253852,0.029418853258484617,0.017966784953998925,0.05698218858051376,0.021844249645141926,0.12869634353076714,0.09594124814161034,19.18016463631701,30.899892835255645,19.42704026480153,2077.8408497017567,0.4719710736249268,0.13297079744132312,0.20740704902591864,0.1432997917385642,0.2742420920747567,0.29719619049366014,0.9068125505562366
6.422498352135349,934.3271371248777,19.723772119000508,1825.928000907652,0.053834045682863284,0.14085157631565837,0.24813925063069567,0.2632783979206778,0.294833319123136,0.24168006413246043,2.721994814413002,15.073989314146928,16.091387416754326,25.575164235699127,0.0169028087017676,0.022017234883625166,0.036186259793019614,0.018112140351489333,0.2387171740964581,0.05209690818421491,16.102942346007623,29.117598298476473,19.32785158142771,1509.8177699109942,0.22853813984705584,0.21223656607566077,0.1739389299408891,0.21122310713582224,0.42320294394027025,0.19211225697808482,0.7423787370303445
2.057164785047783,2481.9665569059234,14.422242091612317,1326.1011710285995,0.04085624595899373,0.19514048095671852,0.31106086590605186,0.25822037450096186,0.39565885758130326,0.4417097584520653,3.064990779630483,19.096283489084477,20.468311790010517,19.52697234768958,0.023323760459168827,0.048998494464294606,0.07043601403819869,0.03287650047434859,0.22505656632635426,0.09284004281517548,13.135899007705389,40.355957198367626,14.918866667894163,1363.290685393513,0.1772536413043118,0.32798714034574566,0.234256472158526,0.13715055698381942,0.49611050278542346,0.41233364073397116,0.921213499519455
18.452541192002187,2152.1427825314304,28.114240917578098,2738.6383814002997,0.13581072635704225,0.23017109012326695,0.3413919996513411,0.39229454718478135,0.19690300162341765,0.21564300055390234,5.139125046620878,19.346080313668747,26.406806940618857,38.770152590432716,0.032017182102893,0.050060410140113684,0.09141120672823233,0.07943623667638543,0.23614486800493079,0.10109269641738637,29.261968400514846,34.97560501152638,29.74418852848681,2975.8143258331907,0.31601122810337007,0.2864904136681805,0.3361253051513863,0.41946420441140714,0.2998094103226281,0.22297117785029694,0.4409603594609549
67.96596621848795,1517.0946051383207,71.16629738164775,6249.370799214312,0.12899433049402198,0.32368662547558036,0.7371220465062774,0.6903833800136219,0.4299996199066494,0.16569979857198142,6.623370171351506,12.060372229596993,32.46186204190389,72.88865943596237,0.04102461552559565,0.08396296306517297,0.17315277615877617,0.09506512002560118,0.20724639325245334,0.1614079027237807,69.21788202908354,40.50972926698797,70.09798404567486,7059.981858374463,0.7032026725815992,0.8709485252567861,0.9504682672358169,0.845439735886904,0.6584518719919171,0.7044803061760824,0.2610934319224918
55.29269913871252,3850.0075405532866,58.93231801330653,6221.149638251217,0.05042489687368255,0.2389286650964402,0.5319564769376958,0.6303510179317607,0.35836682869576447,0.16565540160459896,8.643653821672496,19.411064572696368,37.63973863172805,87.74416273429846,0.03252196114984155,0.048156961957229884,0.11759646801098117,0.08046495767250576,0.17952412989121572,0.12916187704492943,73.9425046614151,87.69874858279523,69.37392199998669,7975.634541718159,0.3955085927070348,0.3538614695186176,0.4231542985268304,0.5884220011591069,0.3629058565231134,0.3985871190621871,0.2620655410886491
65.34608898364691,2440.745340970195,68.34011669846414,6273.686395146998,0.03766389509378215,0.11686801445509111,0.2364435765105259,0.36768592089325874,0.23365983426474884,0.0518879457119832,5.4685683260353395,3.006475756801639,28.74436264908996,59.64234976188479,0.006679510696199694,0.019148839787911803,0.026556648699937426,0.014334734074407617,0.08740587684963522,0.022454995509972642,71.13761434810331,40.39278263839098,74.40739154136935,6515.1291509067105,0.16705994783895886,0.40353655225443724,0.25503199542610655,0.4263974637526546,0.42509840034643903,0.11864309953135246,0.3633889327939215
28.631094210095977,1380.7346702528578,37.37293611757163,3484.4540937921834,0.10786307387077368,0.2561843621715752,0.49678372370275886,0.5456988610342406,0.11285806389868876,0.23154787294093684,4.426828360458882,8.632523161499924,14.925251371930715,41.74560297939457,0.029058352866943526,0.07135334828221516,0.13865373632930383,0.08441630888935801,0.07369573218472278,0.14074503430409313,37.82453377896041,26.79170335468549,32.71665700325582,3671.2898811414093,0.6555835909843576,0.5465465551622829,0.5301639209324143,0.6484327763251071,0.18280470077495578,0.43951967678580284,0.3848560679127414
32.582036580176165,1133.0599943596299,41.008603468100354,4343.8089185434255,0.05445047464068455,0.21422079645521933,0.5255901288243325,0.4794389443660167,0.36008715104755185,0.1481829904524243,5.865974994609305,4.464789101263575,30.051036782652215,58.00434091906141,0.021273813146060652,0.0323824060844102,0.06661170366462815,0.03535786333507645,0.07391296449792885,0.03302166835519797,42.27542151056183,19.152177753971593,46.40153259459904,4702.686083343532,0.27863278758225757,0.4580413008583171,0.47112551705911626,0.44553361853612716,0.4005992861370299,0.24176813810850975,0.41185118801349296
8.338502839216492,2860.0367201003755,22.290575574851115,1920.0443705007779,0.12283832027006797,0.17429355313858455,0.2618087882741767,0.2232139794294254,0.38428926503786076,0.1959334786526977,2.2823085288460745,11.976923946476836,11.788502188666705,17.51041531147105,0.013691157949443384,0.03968332396124095,0.05017490422678153,0.02057143026678444,0.19934834588327213,0.054924579728537155,18.72452487208518,63.33520293443402,18.59513513352474,1736.2952655885201,0.3313888995105305,0.45993159769909453,0.315198911880612,0.2312051875851068,0.5353661929672421,0.3576641728259568,0.6484996448079718
4.341714317732293,2741.0617653110703,13.093485108837879,1279.4528059906834,0.0534331842912977,0.05660632374878068,0.16535349538274005,0.13300619282661852,0.24666557521830237,0.1556805926920972,1.0718359583081944,8.207823273317532,6.0432338052145615,10.336365804854475,0.006881155765026039,0.013095691182899424,0.06644604617070411,0.01352818710187854,0.1944675325260882,0.02687334458025795,15.361999704301658,76.62899993140903,16.37749488560668,1475.5315600253493,0.4339030843193533,0.15139037639599368,0.212763311009322,0.19128032183154728,0.8811711249812814,0.20796411532525907,0.6606653573978352
5.418206836047708,1601.3694366986015,15.98816952871112,1884.105078432116,0.04174677192364551,0.0896725450200734,0.14969434775745583,0.14861114271550283,0.11858703894341777,0.28333824755738934,2.1995179440111805,10.635688116881465,11.57034908565634,22.864663405977858,0.020332195868492626,0.018154321957878812,0.03668975158607338,0.016562359867649104,0.11331840678259664,0.050947653881419905,20.185393339149925,37.02496226113392,18.85694664216524,2218.330628679846,0.3442559093563069,0.25314778346651806,0.2059138095700925,0.1719925575372934,0.2675666419851487,0.4194921687677854,0.9263028147836154
71.22067161675331,4078.446808380401,83.11869823612844,6761.888879487606,0.06854485757911809,0.44538036175784707,0.7460775246834128,0.7994257471739235,0.36616978373122194,0.2990347555846225,8.321722737128917,15.61692548877744,42.315052694245466,74.55396507402688,0.012981522713426426,0.09441314298327326,0.13962059989149353,0.07658338001369827,0.24497128255716286,0.1941333951068821,75.97280988767889,64.23369024648709,84.47141767712496,7456.077598885339,0.2146391065672155,0.7242837303088984,0.6971161510829839,0.6050894002007163,0.3848467934360648,0.603462399411128,0.4655680724793926
28.221661514566435,3199.157570690872,37.076007949630394,3351.10896601785,0.01726180167586862,0.19217352019410142,0.38833345317553153,0.3337344326295685,0.11969727038587875,0.1040984780260766,2.648881315277864,13.021313640604784,16.59276176168206,20.035247542775263,0.013093329566627033,0.0699974551820648,0.09677854581264062,0.06358907929645136,0.22230587431007373,0.06017793287431945,31.78908642618818,53.68743863925078,33.51945577832446,2915.55097366302,0.14022760751151087,0.45587136188051874,0.5002257818115252,0.3809403173624072,0.37121544358673253,0.17379252740851914,0.5737278169940832
8.870186445644752,689.6067334727596,22.534679047665485,2224.300297004172,0.07468529383349293,0.17211028882522791,0.24502716915103465,0.27179297669866764,0.09091555061115787,0.40891660392794904,1.6870774599344514,3.797671219418982,8.62558050983575,18.6445437922072,0.04120540443723382,0.03697851862816327,0.044980304798616616,0.019519907492444293,0.08812078315204136,0.08908890496250567,24.579862225603666,14.405614429750838,23.42544029256576,2571.0723155347578,0.5397865102342154,0.27509448572043693,0.20797825272076445,0.17650732649499384,0.19810880464202005,0.47743959500052535,0.9372871805491463
93.05040602346996,2491.1407199188275,97.35514957477822,8223.183268285784,0.08268060139658229,0.38035610424625715,0.7091506882908287,0.7217476036395329,0.43414938679793474,0.11541991770317585,5.13462344525228,4.911279462219736,22.849107497553213,68.23199884586829,0.005206122736869936,0.035801772799333435,0.062154101632287094,0.028562880643564634,0.07680093615140583,0.031451329428247875,83.76773578192513,58.07005044823992,79.86805237124157,7721.480281109974,0.2886736552168839,0.5785586656326697,0.6101170883930946,0.6401529496840672,0.8470907995614751,0.3281123595521265,0.37226582029148253
24.818558874765625,3809.8895596900697,33.10091627862141,3030.3821883809487,0.023339420614668465,0.07620436401727405,0.1535561449867995,0.14978761618546466,0.10136644737295218,0.10115562231434971,1.4710820918868555,5.5419284789985666,7.718994374876083,17.003219100536,0.020804211017326105,0.028415912564528068,0.051331280587747094,0.015842492254940947,0.09371100013254459,0.06889903137286599,33.53967326211736,78.40788786381482,31.610689847776925,3123.238929098286,0.22612055155913535,0.17630186419749566,0.18463015081576828,0.1451597886089679,0.44992047029801757,0.1753770165468083,0.451468258774228
17.603303167561343,1828.107302131133,28.50695202150518,2884.0408996736933,0.08433766155241154,0.23198755263080162,0.2853395422168954,0.35385513126274387,0.09671532589605691,0.22131265245090723,4.465610212845298,12.409988398616282,27.735911318731667,55.460303856606316,0.02233256010061832,0.05176203287493083,0.05387611156912479,0.03399753874516511,0.0464787542241295,0.07056248882437353,30.643318633997026,48.90974779398906,33.30807659973366,3251.615663894707,0.488386921676255,0.47340539172414164,0.2894068244461166,0.42456892035646243,0.2078271242381886,0.37518204353879414,0.7406085933705032
8.201234743350533,1147.7189820542817,20.75822861384399,1727.0370249993819,0.10037645926240342,0.1587802379812918,0.24126362803800055,0.20611849256378656,0.23281613539345555,0.28597482018625914,1.08947947315672,6.78466329990008,5.1756548756224685,10.256408089496132,0.030984790548179084,0.0355275527195085,0.09408335580815474,0.022921254118014878,0.1913106139988534,0.14921954918324667,16.02025744385612,29.815674678114643,15.49893668015171,1415.6052878662426,0.6117052383440533,0.31296235037030373,0.3018580312320138,0.23812587817820827,0.4793446810988313,0.5695866035279267,0.5505194884889164
20.02420680737507,1797.4053981143459,30.22032319233485,2720.5795980562275,0.1643413445211339,0.34768476026507855,0.36550794486800975,0.43747869372365306,0.16479029077277724,0.3261893551721982,1.465384186608034,4.747344036135552,8.195560180043048,14.361430634586958,0.008498551505638266,0.0403233011915797,0.02700948442427133,0.012561412976138674,0.12365393715301039,0.03446019765163214,31.783818193280958,45.44281376629375,34.011775229578625,2814.539911085147,0.7594132750972298,0.9383060441592773,0.6775270109884692,0.5010750423885708,0.9154106736462857,0.9028910580009577,0.24632092254185878
16.97578838008478,1094.425765887633,26.633387794074327,3075.1719861751867,0.04860153551656255,0.14635759575790114,0.25624637870181655,0.23705261858765125,0.11664749878338261,0.35399116899905814,2.4958475384193637,2.6610662627813726,13.417526422532271,30.32534401681733,0.00890677722629324,0.04237679583213784,0.1089266690894199,0.025238041905660324,0.14639872159846062,0.1197907314433749,28.060908710572324,13.952322525333951,26.112061545152585,3019.548073086676,0.30910843151726947,0.27467491805555444,0.3103670766777471,0.324693290985041,0.30767915407660407,0.5047455774289835,0.9056979835829844
13.472025038321638,1640.6701758637341,24.861985189345877,2505.6533003610753,0.0942809694387119,0.0767068632401104,0.18054955120525135,0.2640369960525641,0.0729994065893257,0.1782701566204019,1.5728340862724601,4.6156467802422645,8.989233339209681,16.619773435473146,0.008252039763996234,0.014477984762108919,0.026645611539617833,0.021841570125647723,0.10050595688846439,0.037375789172255085,22.447745784726706,26.562291115734844,20.210999682537448,1966.8911230583972,0.2882274269171619,0.14068326901078515,0.13439581275900372,0.29375617616311994,0.1503384768549034,0.19340915682241758,0.8194463362589114
42.720360142462404,1231.9699178764786,48.22254933480891,4840.592211034804,0.04287638494767276,0.10690490443025122,0.39621570214831026,0.4607449053755703,0.3198372202332124,0.07036550807633345,4.252015079616025,4.784784559356766,15.750213639009731,49.69380525701383,0.021470598932512963,0.01482820089952282,0.03927808736837571,0.014916661530855854,0.17021869024541741,0.03316199915381612,42.23500606205671,18.597827718528347,37.038659105946046,3838.023960703771,0.15428733388228233,0.15534036727084374,0.22591995917605154,0.2397119564028068,0.5238909306976219,0.12005483642403929,0.5667524717047875
45.84891625874701,1860.7735926259943,48.69087074793619,4849.145093706926,0.012551531668846538,0.09514483231266829,0.3673906995336849,0.35752575298364786,0.07222789525524784,0.05552343751926674,5.862816189561851,11.924317992234483,23.64174978097893,63.66916321005703,0.023223421972940413,0.06308124172565786,0.13994622640314164,0.04037899815402893,0.1384863900645646,0.12290093030505288,45.99688825880515,29.97402660245207,40.90405869445465,4364.325231634307,0.13242193009934716,0.2238641385449364,0.36723915972944493,0.26332563895031763,0.144116841907039,0.14871624469886155,0.35414183381118963
30.87737213849566,3648.2143464160017,37.2605469552875,3709.898185811824,0.04957597738219592,0.13490626743180473,0.29485477521902026,0.3796506616418248,0.13607735023031434,0.18917224247943337,2.614754529746765,15.959367841829616,12.107877039972026,29.930694542977434,0.02392848633169805,0.021106534125210935,0.06520018688142279,0.03674834269106158,0.0632855619523773,0.07403846929276058,44.4290008855423,88.68189444455672,40.70920746620613,4390.734295515155,0.4943923035367679,0.4261781092511793,0.3493091585353634,0.5033475198342747,0.4281810795140885,0.4601889915611635,0.43180189417757514
59.65926308826921,3062.002471705289,64.50208439048625,6162.586618824149,0.02041308582003833,0.11675996303358091,0.36771450540328127,0.3712231857198814,0.12381867306656062,0.09284689204817022,3.1125064208535376,9.418521105641114,18.596912831881113,43.71619532784811,0.01991034844916558,0.019162337366442066,0.0830392178012177,0.03037937559969627,0.045253264967579025,0.049685230313984315,60.05760290907179,57.221758867252596,61.99483126175169,6166.090370371552,0.2725922192168893,0.17862007794510387,0.29271802143949127,0.3929954146063516,0.19914710622900894,0.1484578692335974,0.7121388048405103
1.0090371069368365,871.9077532375838,12.020689452466119,1588.1754579899934,0.062219277381814014,0.1816282087812062,0.47381891957456984,0.18698481729938451,0.23891134882843745,0.327314218144419,3.3332357695693355,17.626842525434792,17.16617023899969,29.876686912133017,0.044516923091518376,0.07145048663566717,0.19298278337594432,0.05697009743037298,0.1833247741041954,0.1619313263938378,10.222775454087511,15.725473501652141,12.673485666351539,1283.274060277513,0.2696334696744723,0.2253166023829078,0.35492688482225004,0.11941098226129034,0.12692004722623107,0.20307095457052537,0.9834457695418439
32.65429429372861,1411.1645993806662,38.887610442846665,4207.150970239166,0.01643567581159378,0.10314913398690037,0.18433414397491552,0.22188974987272522,0.07431693224338187,0.08662321286322652,5.882521688252871,11.669308670938776,26.33663464279416,65.42929592700195,0.01618975525658497,0.02106029340104958,0.03610881911203906,0.017927580082198313,0.17993784638399188,0.03664647876491541,41.61073705025457,33.6371729292536,38.78755873210033,4138.30064690401,0.17348789851884172,0.2551852730721802,0.17301982932484433,0.2478458016597114,0.3319089291493109,0.1744317021292255,0.7507496583218479
27.04251671948529,971.2609006666769,34.40449742970121,3763.6487555843687,0.053630641367666536,0.05765657176597703,0.2143905014224818,0.3060832014538063,0.1859012762826421,0.09040412903422143,2.2653679006854186,2.8206010360736533,10.099538140828773,35.362328772603064,0.007684372497538163,0.01023107302656781,0.025642128063438015,0.010647824265496294,0.1362168904729521,0.0228019520873011,33.00211241258015,20.324908407982107,30.001106126170257,3431.889286295469,0.30778765618211634,0.11352583344265878,0.179687482740037,0.23680719893876412,0.6651751797540516,0.1432546491518262,0.763888285599984
45.03856505934944,1981.8214474580643,49.443623650711075,5150.207248896679,0.045169857073797844,0.11445944586930394,0.22965125609897333,0.376202219674546,0.2006640632169411,0.06823978117266241,6.966044753060984,9.671721986909223,30.725057120193988,64.35136947246825,0.018887481935143138,0.016357007789387236,0.024652284872262092,0.02210316935560144,0.10374290825291003,0.029339765699125133,46.65313024173202,37.447354269168066,46.26828843254991,4438.511200991956,0.28785978681687685,0.2575605460398175,0.18573402167392192,0.37016176951472557,0.20914199135941175,0.12401997916754488,0.3712796000503811
78.2822060380213,4098.0279151832665,82.95325476862533,7354.648687396502,0.10022697146129127,0.1806400708184969,0.3861633197887886,0.4964221870296284,0.24176294815698973,0.12550711663039488,3.4460830245926974,4.1292423870961645,15.657307063542616,54.070568509153745,0.012524583102300533,0.01720053849365094,0.048720856441528036,0.019362585456073122,0.03063907382165526,0.04457622387784578,79.38998715393762,80.95255756350959,76.44766416089942,7655.346850273434,0.6470695948729135,0.5316958581625385,0.5528779945923797,0.534692517815948,0.2768319518521525,0.40692254782530207,0.20291291592631217
11.334734987808018,1044.6052563299597,24.35128530084951,2514.7683344902803,0.0657410095178242,0.16758051830356163,0.3758007201179588,0.3347138834183796,0.22296120179819176,0.22652945948776473,4.689932311042278,9.316766561700774,24.316161082004978,42.54939450843883,0.01903277318708467,0.02867068913222973,0.08606644456139768,0.05494196167679275,0.08589980504875833,0.06108578693430209,22.85494964049831,25.810109396138575,23.171367031334473,2167.918917597285,0.38925716855896175,0.338200709583765,0.41274357843624554,0.3495102722343788,0.3790211198666664,0.44624160485349135,0.8054251878160031
4.801361107546627,1541.6349565060252,14.297303939996485,1788.0598773798895,0.026170104471855186,0.07478299813622376,0.1439921723224023,0.1413636400306225,0.0915452631061016,0.244686001786303,1.5996849591604276,13.684321633227707,8.543589401121393,16.42401924467519,0.016327258717505008,0.01789606847524963,0.028045663176691684,0.017180063525630857,0.03995749244606636,0.06325327062273338,21.692249336156205,34.01733601964343,20.177969048395028,2435.8697442311063,0.21359148621413065,0.21350761584353314,0.19799014688112257,0.15482517824784703,0.20767685541564307,0.37958578953194033,0.695863187826502
19.521858314818708,1507.8734840110085,28.444507488940406,2729.877331087359,0.05848355000572535,0.1798763923640244,0.19563400554747723,0.1942484705036996,0.26509768700616715,0.27800076453180345,3.8004598125507476,9.5605346257,16.796128515065373,28.291730257375686,0.0257882849599496,0.031195454397758938,0.031645901200283585,0.02676766290599197,0.23644070727250746,0.10287744230036114,35.10994852943817,31.655293355664273,33.893126497822074,3202.0974586162224,0.2925652835833768,0.39397313396704653,0.17251267643311272,0.24745130346041086,0.6385373629732858,0.3620978155642339,0.8623940005936527
49.85565163285971,3771.2295248545897,51.93787283922732,4693.796768874027,0.07847613585340181,0.15918657357834862,0.27678834863074897,0.49472513086745373,0.25485792396256624,0.09762673715645011,2.2384993667832336,9.410681263476938,10.837809915803625,20.5063509244814,0.015009072600088678,0.019333023390145993,0.027402301287808885,0.023564210117985363,0.09084410266841132,0.025005580780607068,59.85657857929244,74.06473874234925,55.29992708261224,5265.16695291125,0.588518940873358,0.4068971111410104,0.3676972165903517,0.5608298229201512,0.7843876313460938,0.268489180657689,0.4297126367671501
46.257380733602496,4181.329796801633,50.288713711992386,5145.987097854421,0.06729682074130891,0.23185808375293387,0.5145570208443051,0.47100702454113286,0.40378245225289244,0.16191816719742155,3.8103160573109713,12.88262233124362,19.95605251834744,41.80457121115436,0.010287436588549647,0.03553539518325456,0.10884073593297756,0.056120048253459114,0.10620116562158752,0.04645793710927886,50.43601423202758,90.13948021999668,48.913756087865295,4918.944856148067,0.5088543885197595,0.4790378020420997,0.5025907970261153,0.5283972490738151,0.7038121592526148,0.26846772506819533,0.2768607008167422
73.53412408968835,4870.3012386883265,77.27576683754604,8963.883424097707,0.03021731273845582,0.11588451570878679,0.5315706425077859,0.6411870490265014,0.09292494657702892,0.07877471877857446,9.308840719534262,8.15949841329868,46.80349129305933,96.57633373584893,0.01459607400953426,0.04053734030904279,0.07760989013037398,0.04498274038273805,0.07854365689669461,0.09878369748224664,83.56024672615148,68.8234825366267,75.25471020261334,9035.816623760275,0.22281669654575115,0.27604282196742497,0.4451072234390446,0.5706843929679027,0.1431471515440078,0.28491531811912835,0.20061083983346856
72.30712697004901,1365.6550672059846,76.36710160590297,6642.740391977353,0.024209656727034463,0.26409041139513806,0.6458208339712457,0.6950221932627133,0.07752596730619686,0.14641133034967302,3.42280333583896,9.602296872406098,16.43605285373715,34.0460329114615,0.017872588222209416,0.04971638945411019,0.10540052551561935,0.06731389748521278,0.05835718262167908,0.14326047176373732,56.4074503086916,30.71106809638416,54.1676140869528,5184.732790769894,0.1742366469577411,0.41564763083823447,0.6156291071486127,0.5637768577894224,0.12512397207706122,0.3798968078885087,0.2728493758915525
35.2002890139697,799.3580114806299,44.44632056591383,4353.685264073783,0.19520463820075515,0.32135246654097027,0.5448172672098084,0.5581554694867502,0.14985024008224443,0.31435470891486655,3.237398223912192,8.888054901227418,20.2375907137939,42.544979402389224,0.028550655881062856,0.03892890310884408,0.1088171267338088,0.05804253616836364,0.20471316430325298,0.08076873220123601,36.99258751993504,17.41563747962919,37.15583525984786,3699.4363197257003,0.5878222317054961,0.2527714399837662,0.3098555726662754,0.406163359169791,0.1716588041812635,0.2442064795630836,0.8249804357066344
84.93342151537017,2290.6042743756475,95.89527165788142,7903.449951224284,0.08993671755966096,0.48871984631921966,0.868169576774134,0.9767955887050627,0.47370136394923246,0.28974325349689517,5.533182765721474,12.943175072204061,28.839226197701564,63.71821486790832,0.02464938885790567,0.09273119141512993,0.16620430409815756,0.0940336655130129,0.2770299451234955,0.18435801916033537,85.38423270072926,49.630811954056455,90.06380053085175,8590.465973924136,0.3059770758785723,0.8889512236798947,0.8003900329087138,0.8838632616377385,0.9205409084447348,0.5825695282397682,0.34532515536922687
45.92423822813187,1006.0993922999924,50.96697806677074,5570.445706441086,0.07706490627399397,0.1563735238376357,0.5213259034829308,0.6163222820610484,0.09483945022139224,0.16383019183211858,5.975531585605439,4.86182601726286,31.31164429297537,62.88996520435966,0.019879728537198094,0.0410937683434439,0.0832156897394419,0.04139287211015508,0.07838270845536248,0.07284176063018251,47.70757407616254,15.80787913075841,47.36677066443738,4967.9219579051305,0.35554386597019416,0.2129203595562596,0.3791331952777201,0.4388732967311646,0.12548890257289158,0.21691618756662184,0.5722791905355052
83.20754901181392,4276.376374565345,88.41990465534664,8382.933018329637,0.06486150037437512,0.40088374564833684,0.6099515823830818,0.8487987676599357,0.429392391296154,0.12991751151429115,7.006300164188751,14.898102215877383,30.414799712886875,77.06570118572758,0.006886983013664747,0.07766264247112463,0.05333703737457464,0.051060618299365694,0.11180111978796439,0.08425495910181366,93.04098791147631,95.82876743945233,90.75517485157823,9058.956620050963,0.35565094194549224,0.9141878030658436,0.7610609431035689,0.8095106023329369,0.8971614807590204,0.6338809907813632,0.06013138134132401
1.9603849415534238,2751.2934823023143,13.310282670369366,1238.9876288009434,0.16254418641925883,0.2896606671705766,0.2878300908461437,0.20677865837036769,0.3563442421622282,0.4839135085405001,1.6893012626573731,9.981236273618384,9.080978311224928,18.353343961241176,0.03892657073926539,0.052142697499845195,0.05660171476196645,0.019920449196636752,0.19815767857934183,0.14718603895924054,14.595724631600909,45.550703819485854,15.609940848981816,1571.935123891897,0.8143684529547257,0.5041956087169216,0.31115697335526427,0.2571498809909503,0.5445623240536153,0.7661040255835839,0.6097314295024344
39.04174924248055,2746.7226478157086,44.5459266734298,4560.3053964016235,0.07741153089236792,0.11114375682371451,0.24267343680783074,0.3912865266042285,0.06894043640997329,0.11843449004738972,7.402858592550838,14.510353490545155,30.394008285810155,64.71243572932835,0.03209275789390409,0.037501979498438816,0.04030241350604521,0.027124704345881243,0.2313355128209389,0.11516551000359938,43.2994915171226,32.86288014945489,38.81081752484381,4581.076541003106,0.12826011844296745,0.1275172270347407,0.1365920340153811,0.16918077847184274,0.11747128794344502,0.13622405026807505,0.8322320866407704
25.97152142168349,1586.8225088372076,36.871805404704666,3488.294204543695,0.11091838037129619,0.3273667231867787,0.5333190263117398,0.6130581744118695,0.2055386022601146,0.2768579590205332,4.421015399178456,12.94374696924643,20.54244983286519,40.468373605344574,0.015024935951207456,0.07896055273650429,0.08127560750641107,0.04536396684827276,0.15105801071373443,0.09545850417845657,36.571252549494766,35.66738689298849,36.092144428229425,3581.3177209875457,0.29537199444959467,0.5748244566582351,0.45052559199873,0.4804956820225901,0.41527026645051085,0.4431085159227161,0.5080730776123986
5.537758602745441,572.0215215550488,16.200268103652387,1315.7888488596432,0.027536770974585924,0.0780645397524921,0.11043459660097076,0.13725998624061816,0.06864469646882645,0.19395420077309208,1.77057127337159,10.383484597008188,10.824586124371848,14.453972488481204,0.023980418449448735,0.017793768335290023,0.03403772616773674,0.039322124056090486,0.04066785238457655,0.0561257692365021,16.416210056014354,18.325885745739583,16.591736627231608,1609.2490148655484,0.28689453278397525,0.12913955182570414,0.11826536927720159,0.2091526316066084,0.10545852263302506,0.2182289267397084,0.9469580177160581
17.811731256886773,983.2708592880875,26.864629089705517,2507.042509745726,0.053389769525557976,0.11815055769891812,0.2481883826680058,0.21319866025414866,0.0906096181009015,0.15489424346998798,3.222663505825878,6.955861617266449,13.383090267996442,29.366203356880206,0.02662146544428476,0.03181279829142146,0.09796698132291404,0.048865899578624944,0.2089790331955386,0.11961159367003242,29.069527740278204,14.424150133710905,25.936479846082527,2634.9311338084344,0.30931154294475005,0.1745668746108526,0.19154854741953142,0.2549513052827617,0.1920698115534468,0.2681312763796088,0.7051562183209418
19.38685066421194,3253.091479560032,29.882905529409438,2933.068878351278,0.18276849678933899,0.4264330331282818,0.4954170146078207,0.4899149461281709,0.4584722778102185,0.44778618498484124,2.4900775152214796,4.114533305215885,15.652150306580394,23.702311188683037,0.009014517794975183,0.04138442817378457,0.059757241193487035,0.044411028631833355,0.10621394521863282,0.059833523125638076,36.952826303051644,58.66958739898422,38.11963495217632,3761.5804547620496,0.7801979322418438,0.9314944982344144,0.7134442254332285,0.6351248836731461,0.8572796697260043,0.900875412817457,0.47348733494762796
32.45934989736697,815.9148349435249,38.94848902749485,3629.5040800964334,0.12770277495058438,0.12180184661501794,0.3762257777381495,0.49139975197732066,0.4137697739360387,0.13289922188551892,4.70471163564937,4.1369078348983965,19.61725722374734,39.72526289243435,0.012182398725476155,0.015128543254354731,0.05339186124740053,0.03279274189762825,0.12831645102327324,0.032371239496842855,39.66088265391803,22.382912716531425,34.88153160534951,3420.3881242400225,0.7710584169912176,0.33755323192848785,0.5253714689111053,0.6712944020208989,0.8159967046634352,0.42037556243907576,0.35256510913559164
4.966532869955742,2252.8714836202867,17.513306506918056,1243.4700800165886,0.05309085005216681,0.3015886112907563,0.40698297072110207,0.26947385445158434,0.2136681541800432,0.4325815474065839,1.965091347911935,12.98933900913906,11.104276790788724,14.154505854934541,0.03054938043874959,0.09343166385651713,0.18943733900389456,0.08434801020035408,0.10104690342508217,0.19529942612997053,13.939052867830739,33.935710173214346,15.691282618581393,1169.8547341090343,0.3087432235038178,0.6378035767242626,0.45316223196261557,0.39413404929796775,0.34190979169075764,0.844417583414953,0.9274682815472719
11.84889615274483,3412.444051118176,24.83039425090279,2369.1747866554597,0.04607000177368332,0.23774359827158625,0.37392868588178846,0.20254712216547474,0.21841212276183405,0.23632339671564268,3.2535416900758243,12.277856334305635,13.611507385213615,30.932669068194667,0.02575885438169089,0.06126355820869092,0.155073742752217,0.04154144585271432,0.07327978359850229,0.16896834079334128,23.352615944769553,72.61232724957023,22.019699726219137,2240.8457603242236,0.27323835294536336,0.35195022990526237,0.40635276684804933,0.21940236706958116,0.18291523595692893,0.5163904591847227,0.5525100542529273
6.623537351113305,648.7414379304956,17.674174632240533,1612.1960191588369,0.026205184420742687,0.08719091295574806,0.201485005842346,0.16690908993646447,0.33505218663197445,0.17139175032871912,2.1622249096657638,3.3901174380959413,9.749845251101567,15.634834690910582,0.017668539459630667,0.024424456663504387,0.09835610318844332,0.02432166529479701,0.20900298191685915,0.09533478057581272,22.2696588143117,10.526814110726466,19.807631944232085,1772.341148344284,0.20940096200078318,0.23437554421596138,0.2337126115378173,0.17074466515175557,0.5923023484573858,0.27739005354661533,0.9105081489022323
21.589374312116284,1132.6913075348311,32.30923246320197,3441.1864933423244,0.08130581994122166,0.345422660556285,0.6887061658812226,0.5428454726360391,0.15733820897485007,0.43271923035203397,3.8547820024826738,6.2978725058134435,17.108032942324087,43.34361124481333,0.030981416679337227,0.06360387465303526,0.1784228528590929,0.04746028175567126,0.09128443990520727,0.1861988868683415,32.39474564566837,21.927792533494312,33.075831972805545,3653.2816059320908,0.5508905445425238,0.7181917508314989,0.7084332658398703,0.44742141709660943,0.21882436122465176,0.8219927346157496,0.6961431395426703
7.265672829142569,566.7938488018351,20.178926306195738,2003.045899756382,0.04667206351249861,0.10919232219003216,0.21733155420357933,0.14034270577570204,0.30192156570145273,0.19831890416521214,2.5963112830232453,8.931442577905553,16.588704902760533,28.425919513667065,0.02062445367901786,0.045826490258145426,0.1163709118369893,0.03433094566783035,0.20148170434677076,0.09506363059756745,16.32700831557012,11.382947518892678,19.468786147380897,1713.257461889343,0.2565028614158522,0.19283804799424303,0.20859709204476293,0.14296295796579064,0.2331545164553895,0.15815563990894743,0.9863550099461273
31.635660617682028,1185.1299550532353,39.35412801051156,3464.519337162617,0.13226492927473296,0.23029262160022557,0.2614843546696963,0.3886336687837893,0.3334406923335499,0.13467632785937642,4.1906396121480665,8.097351116086417,23.064610866550115,31.887953340981223,0.011053623493801467,0.039294517632629845,0.03540282188019886,0.048542942563800304,0.24947143602296493,0.048631774149138426,42.94529115914767,23.85658446124311,44.918924113954944,3834.0041271149757,0.28096620591809723,0.5179609865387013,0.3183164770026794,0.40791611194311417,0.6629596594610659,0.2380523372983515,0.47426711567699364
30.723296311400308,2117.084296387874,39.98708444567115,3626.9951889298964,0.04493470903151374,0.2860962285581108,0.4196622951673721,0.4421949487615275,0.10664788351921191,0.1676459875934492,4.887306518280431,4.199751665940525,28.130908250472782,48.3878952821528,0.01287448714280347,0.02934726959731379,0.06260222246055627,0.024555206150892895,0.13450912292847755,0.03406500807915709,47.695758583353914,55.67259326181533,51.4186892107917,4231.449995917103,0.6229631886234155,0.8531384504582186,0.5608036357558313,0.7338293251005187,0.9380933141384622,0.5951405108133038,0.5326151186147788
8.793695106588704,2103.263579148352,22.713183260405856,2476.7559105506866,0.08303337689211013,0.14374491752912522,0.3371460060025211,0.26326295920414483,0.19228624328744662,0.24137510587038793,3.6429940678887567,13.082657791812439,18.793203764079166,35.805389058543575,0.042702175941268836,0.06632224353960611,0.09485753790222631,0.03335068263047829,0.22704418197462875,0.1258773638603193,17.307200224050856,37.91581197570972,18.834627738836197,2125.1448109894586,0.3640517856446392,0.32794114942865743,0.2990843461197603,0.1442504948660367,0.2795449363016458,0.2854223279623542,0.9239721854293055
2.723849081378128,3179.4820103624907,11.424743089455124,1553.0564493493848,0.08496092710965221,0.07648945777085765,0.1379682988632448,0.14170012373095203,0.2954402243913819,0.18149661296772865,1.5182330667119033,7.472606291228519,6.859895513566061,16.236871058811783,0.01880957288240244,0.010739226654737154,0.02267988013580616,0.010220495919787577,0.03607381848262128,0.02642717669542488,17.66016309330527,76.65296203295932,16.19252318962953,2113.869644903495,0.7491886476809883,0.24138052969350665,0.21327953931039978,0.14323454213401401,0.46312187070093547,0.40702247479707476,0.7256841927625679
73.21704424776043,2338.1875648747214,79.67058548877492,8985.063544298246,0.15175858474564588,0.21217458478511605,0.5810336607016453,0.7379758600136365,0.3978958919779968,0.08997816962858879,9.24940355912055,14.474255050438593,45.56129364952076,93.52844772546732,0.021045091401098438,0.029226071720103018,0.10902943883575371,0.047329592544810686,0.10273279220227427,0.03933744786619139,92.72646547126178,62.795948022399564,94.86787195129867,9526.840453236646,0.8109335373574318,0.32193532901291033,0.5445348239087324,0.6445223004490467,0.4037018296196267,0.1310563133072638,0.22947474470895995
43.03137191029396,4170.202757280868,48.866348151104134,5127.330672295131,0.025575079112686878,0.16105577255694728,0.3283386170421948,0.3334987234086595,0.19861334309025674,0.15126920866260607,3.0755558091263375,10.116491981696328,16.108927345203686,42.00439369697889,0.019869447052521402,0.049833862758575175,0.0675064005627938,0.03307950168366692,0.16441183025607103,0.09165832630728127,53.08100736943288,70.55543901138967,50.69498524758778,5728.339776102678,0.2973126722967473,0.42453722282001966,0.4166316298060978,0.3609466622598129,0.33539702299956176,0.3006799507493592,0.54673181805972
44.159360674854774,1091.492862041631,50.26490790855353,5131.879086441525,0.056975598390885375,0.1953482911647717,0.5686561643412217,0.5315972826947735,0.08700268561975205,0.2289466019146984,6.929024641736726,7.567103582464386,37.47058676147091,75.11225331802969,0.02737201427706777,0.056161794070835526,0.12601176831431535,0.05876153181285169,0.1344928201048706,0.1706503309367491,48.489875793468144,21.71203429816356,48.419482187406025,4686.848034028963,0.5035100395462967,0.3658134548609872,0.4994269913991783,0.47239391052564683,0.14277607885817614,0.584353579158437,0.2365148089160657
73.32611861133599,2429.59511292108,75.24307970654232,7430.937217507242,0.012902021392586033,0.08451719406352469,0.3098837612622611,0.38614727734038906,0.07449807318545888,0.055094333948264754,2.659948635336464,3.476553526421105,11.474095870929377,38.83450631043449,0.013515978426305465,0.015614247497588834,0.03491903794402037,0.011739412280620245,0.05413233838552432,0.030145836402296792,57.499179038675514,32.84792072932912,53.25040215555637,5324.301122822517,0.1958734662270956,0.26804763449842034,0.35059604860724897,0.3480769778014082,0.15131614570827173,0.21525033652407452,0.3075256659722402
37.72300417765651,821.343305945019,42.880408283093715,4327.650915074057,0.044355846205998826,0.08980176943915556,0.3402951497193064,0.30747412801940294,0.2343251499447496,0.07359098976088284,3.2542595273424886,2.1659537853818773,13.741011461600335,46.003235316178646,0.010609153143340731,0.020245666880489743,0.07513283676039978,0.02510928124505434,0.1049876574102942,0.058769188200402826,48.28076512505302,16.71237836442712,44.89066393439852,5143.6684498102795,0.43580355129903897,0.17627087379688539,0.4400437817951303,0.3629840080034839,0.35757945464737123,0.22753470615710208,0.52098912005508
60.519489748465034,1607.020646745464,65.34709825821919,6312.484425942046,0.06939932137423355,0.1973275666409467,0.36834388990248434,0.5401291274095231,0.3707386319049731,0.07716675196553262,7.950563065944881,4.041231718329458,38.17302516953447,76.50897352015159,0.006665033920274486,0.01373073484889353,0.024014286394520853,0.0233296639468461,0.219363735614923,0.020919554279873367,66.52937165395653,26.043469058840238,62.95623815269151,6981.435144413605,0.27767623137208625,0.4426763745061555,0.3122234716326336,0.47599637551620294,0.942846491646598,0.1549276530675905,0.12506887779742903
24.407155859259017,3039.9040572775857,36.100476125522746,3146.345075758377,0.09552326612751699,0.4334029497646098,0.6777841193204972,0.43140156905171456,0.3072055156762615,0.3507198921376644,3.0649416394321705,7.199030416687855,15.774526573269467,30.55045786849807,0.021342927739263596,0.08798391648968225,0.16570056497278415,0.06961935627929376,0.08246992345383265,0.15389700781739787,31.778704580653834,64.34772383676739,34.754278588727246,3010.485177616337,0.6741281790029242,0.9908883059544513,0.8993160273708196,0.5791393461538643,0.3849108599717534,0.8719657606956346,0.4838933213103932
5.288358706854416,2453.5468532731793,17.121172713010868,1308.96657323215,0.07540013582133567,0.1411499982851704,0.2095525410937281,0.23426815531795084,0.38335327699402294,0.20746339796017677,3.194636067687765,19.80550982610168,15.187747593317217,18.704050240806854,0.046111057543136914,0.027934198354131128,0.06457821499124698,0.07483561895902964,0.19384672505590353,0.08862470437345722,16.956010227201638,54.37726438208787,17.06718549869506,1667.2247930802728,0.4814841416039861,0.15375824766026225,0.15979307242555102,0.22522873978849442,0.4126569960196443,0.18146029623103452,0.7375040923104004
54.98304385094451,3038.012083201206,60.10139613173087,6004.298389242483,0.051587092509993486,0.2573863852256982,0.5857936225477455,0.6698136119688582,0.16721787192214868,0.17221932596026235,6.830524855362796,6.299928763723823,29.283415052144026,69.71391447808234,0.009285239642663022,0.023805268066575676,0.075585294711658,0.02933700455128087,0.13716723907602021,0.07738374857657115,65.50781268962106,53.299117061482896,62.622782167287376,6638.496247700424,0.294419270571847,0.4325786565064607,0.43572420554412644,0.5952147111596604,0.6095801285041592,0.45332520293599615,0.17425342731665422
72.34332504837056,4494.794629791422,83.52931842474054,7032.312521033427,0.1235486625886781,0.40042668191333364,0.6477149294548411,0.8065708707180982,0.4649639743178272,0.20570651287571035,9.26542536230024,12.237427641411948,47.59470528491692,89.03851273238875,0.03686058906123115,0.0691453796926554,0.09620946920142838,0.07492059550806886,0.29747426895512313,0.07211877799649549,75.27514462315924,77.55296084140218,81.78410745912419,6477.576919302077,0.6244261016069357,0.8317242753482521,0.6410016595499709,0.8502917990047689,0.99744309739089,0.4741201502389184,0.23430651159512228
47.06157829636641,1906.1569488758557,52.30046991258856,4764.384666831018,0.05026392167772491,0.2487908675084164,0.3585961935299064,0.5477339846204842,0.23739795304770886,0.14227066469817257,5.971036290711902,15.468609072625089,34.35974219464274,59.90857112264308,0.015738792323271248,0.06559418003426827,0.07993492179578052,0.07205356477352251,0.2792816916909491,0.08807522709202327,49.854132482985335,40.36859660683518,50.8585140316319,4676.885226122762,0.2213839943374829,0.4183448164700869,0.24189995848272264,0.4541182280954977,0.6854891153437107,0.2035084899188194,0.3145547324592657
38.90415069477965,1466.437686875307,46.71990097064383,4172.39470461916,0.10438433015941098,0.30781893195703836,0.5146858016657857,0.6731303939022119,0.1522852420181445,0.29177532357362285,4.706193802075241,11.799195911608154,26.107403583243208,43.32874507791165,0.02761407791352118,0.06404400443655793,0.07871981359050365,0.06388980859335003,0.12367778276609605,0.12650681558622978,38.45407222056033,24.123223332800645,37.461094715175534,3344.0412695348136,0.2355763119597731,0.4389935470822719,0.3328147300095366,0.532618625161306,0.13722041490205286,0.37602102439993745,0.5468188114693403
71.12444540772125,3947.927585840275,79.3973608514469,8561.9085781076,0.15501710203181426,0.4072672113414989,0.8039210456144367,0.9661320980516814,0.4380378484239661,0.20952686018715802,9.81550285059924,12.462872589634532,46.889921599409675,97.1315785189755,0.02337476010127975,0.05074241139642459,0.11020563852845201,0.07192179880250407,0.07879962460274537,0.049732165581974686,84.60154509457834,88.82804670399526,82.10416165528933,9083.281013238126,0.894505469009679,0.7904754649145408,0.7826840971350284,0.9610777212834727,0.5871700581597161,0.5638516422188973,0.17115266689481828
56.810163889157565,1210.9625825822416,56.94699015165226,5852.57508059712,0.1162164988824432,0.17911190348986122,0.38323112943974547,0.4814491454745532,0.10476181037423221,0.16139104886394845,7.9204856619969135,2.864171110092388,29.504851838516213,78.99196378398348,0.012382822192532056,0.01693387980818964,0.047002220496035474,0.024423839293513418,0.11404686957690481,0.05889497406285164,67.89911182180649,24.17868351140746,60.98435365421449,6422.782285341264,0.6122856157263211,0.4203055484982483,0.46156459197533256,0.6429307515307519,0.4669864696614814,0.3540628022098968,0.1997683441042446
37.086198921102365,4175.679548560095,44.02321833941874,3799.433373618104,0.022774606697475407,0.255473805792139,0.39480997839600407,0.3562169249923255,0.12919079804563818,0.15215441129037582,3.163520382279482,15.943145525297435,20.894799937925306,28.593720328231345,0.013323561789011078,0.06462007148005529,0.13648844402534002,0.05380556798859076,0.1803276624868669,0.14203024524592528,41.83128268838465,75.07749415993602,44.954132493772256,3806.708466257902,0.19907580080481627,0.6837110794696999,0.5986721813987174,0.3792322208334075,0.4929125156147525,0.42232127683411774,0.4177198720723916
4.015413281636697,1248.0576992174663,16.58468943616787,1818.4247919204818,0.06463734517419142,0.20114313832528424,0.26330508055536245,0.16321673182018612,0.13920281648894225,0.40787653300406246,2.9912025432959495,4.905030578994775,20.53889063106178,42.345584309260076,0.014873600662309834,0.056631562258767726,0.07422217218675939,0.017157645463506628,0.08097285281063303,0.16455351037283666,16.19327505104024,25.921975104017708,18.344727719258422,1893.3119424464235,0.5554124125184056,0.5047758932264393,0.4324860817921299,0.21710562324031385,0.20908771414812624,0.7396180423968262,0.93882616475442
41.333477356388094,2203.8915554960977,48.855804444277865,5154.769239966963,0.07681305994037316,0.23266657409205255,0.5048659623830868,0.47512758487260404,0.2656990608149596,0.13310998997563606,4.961599407899425,4.227317535117727,26.587604599431295,66.22379645131474,0.028641246774280066,0.024750473575382823,0.04319128296987871,0.02680614937997395,0.2185264515248397,0.041118227146726374,51.25194744162527,39.78512926435398,50.36433204495193,5291.173654010431,0.7212748910044402,0.5256652493838626,0.5642442272043134,0.5676082898126432,0.6361782662408999,0.3854492714209839,0.21667600123746145
68.15008209927191,4328.884719107253,76.16571189153954,6637.942505130614,0.055399430504922006,0.477824005412978,0.8472085035159909,0.9100492683202347,0.4528560697212542,0.23966669392120854,9.413468716820512,7.544817141467353,46.45180439107405,91.11696190988881,0.034918927737260734,0.08639768594077966,0.18488428301610652,0.08641792927633703,0.14393910563965354,0.1247392155368237,67.76026205882243,58.61360045707284,72.76438936604492,6589.005600561286,0.5041876109915107,0.9281485488625836,0.9092564359657541,0.9264903815789014,0.691065913515616,0.6826172114578083,0.21708405514740464
21.199775540374397,1318.3645333206848,29.534684126761196,2687.7393570201743,0.017583223102627908,0.0836272910570626,0.1836427131185396,0.25614348065650183,0.21702463393947144,0.08869330996873054,3.3070423915868163,12.916589421941307,17.09695765565353,29.89096507447548,0.012503906138121414,0.02423318245072602,0.03521894720820976,0.022758938162429604,0.10639018266976644,0.03995733186656306,29.96985599466619,29.115021002317288,27.276925732342427,2512.969948874274,0.12418340443887238,0.2108106571557959,0.22328988166528654,0.17751371260702203,0.2603080116768844,0.1586514243245929,0.512556653444951
29.44616796224383,716.042581940682,38.016867370879275,3416.5096482385325,0.11221077425175952,0.2398152931504763,0.37744606172974804,0.3875391699037999,0.2758310756397636,0.15418037097146095,3.577718452857017,4.846171438700963,15.982755097856577,41.14926301500828,0.010093755873575984,0.024576803976320095,0.05339501058069485,0.017250273986620258,0.05389742687445927,0.036748547415496984,39.11802290193757,21.383220348496675,36.30330904565951,3351.3099960635163,0.6912975599178451,0.7119529181351612,0.5273053983035351,0.496636244316956,0.7521479075190608,0.4713403965476835,0.581407228410298
3.403062290868076,727.496306636688,14.130606539863475,1142.3362503130836,0.015510661743577533,0.06644287210002386,0.16036043423329815,0.12631769796265072,0.14900555499944873,0.08367157385100217,1.1728864844373232,4.011644635475101,7.703311719304696,15.73236570614898,0.009128183636367826,0.022827142764685174,0.04041779225827337,0.02145525049038092,0.08937323481100706,0.03464610456572071,10.734388201478893,19.685315634523462,11.965196340392156,1000.7336509388192,0.20928381722164996,0.2579560722093256,0.25432158666044596,0.18147330454316127,0.26046499662529715,0.23340777402686722,0.9175293298267768
22.82930650522855,761.4621030571263,32.69610189602001,3323.4984794494044,0.07843424267952383,0.26858106868972537,0.29553648878884015,0.3781739182465923,0.20407975038092607,0.24700041717970453,3.5232496973083887,8.5867764846646,18.976199219830665,47.90569551887094,0.022680128444252694,0.06053355943393677,0.06033764468484255,0.04347954275470147,0.23576675520339577,0.08853182673263578,32.92437446021249,15.847871201916522,30.93509566045151,3550.586547584764,0.48306129435093026,0.41150760768447586,0.22510473584570143,0.3507252761212652,0.5060664671508064,0.3910317113027721,0.7281887111207566
21.2272536778637,1340.0262343378242,31.493943012943244,2878.419913749648,0.16228207393974312,0.4054934081287544,0.5617999660193693,0.41613584917133306,0.32758518283408483,0.49098780211668075,3.471050079902149,4.335002121606669,14.580562758263865,29.464282440976945,0.03429338313556565,0.08239860004064832,0.1868024854124007,0.05303001591074452,0.09929209893485191,0.16014216349393684,31.540674650535536,24.51772322865625,30.11783235112198,2781.2076049094026,0.8659214971495193,0.6288703305397025,0.6116622331539318,0.4655011454844666,0.5335543576282411,0.8660485592583427,0.5793226093314904
59.31073322535776,3041.1891270509163,59.472290560025364,5296.783483397222,0.02848836160478127,0.11719671186433554,0.3143084409647236,0.4937318109094953,0.1701308962504102,0.052342607604509796,3.0727106321655406,10.22700725188129,13.510685822671062,35.70434916804913,0.021826909360710463,0.020584286423832875,0.05428122697468734,0.03079163702214821,0.14493338417271132,0.02794275529613829,48.729851656673624,60.76441569705309,44.05655484193572,3970.332065477677,0.2054517950953944,0.20398744793646506,0.3040238537536676,0.5190855417440378,0.30082473081206357,0.11312755196613575,0.2819457911591965
9.67836422872492,1876.3078445316603,22.520383101137188,2003.1132968027023,0.09348713671764106,0.11385561192423017,0.1511289726406701,0.22022590787635662,0.11852470823349523,0.26046657335093315,2.5339541698011447,15.121057338499778,13.888979555563534,22.709735430431525,0.04029000231680592,0.01705449258557494,0.027033596990559683,0.021575872143581826,0.09030055770862148,0.050112768247659825,26.21110930399918,35.89540278722758,23.743030307685153,2390.0317410535918,0.6672616333407659,0.13303860043112203,0.11590812241250673,0.17539993756626926,0.16928428633178952,0.2853217411100134,0.6705745770423526
12.872885801182447,2624.7072128834966,24.006052199030133,2190.175411808762,0.011729000514690748,0.0899834558899101,0.12826023826540822,0.1256843647530195,0.25440435438868675,0.16657606513981377,2.854766657201356,10.240218971723179,11.731992116477468,22.323564035739757,0.011429097166771367,0.03562314188988487,0.06660930885683769,0.05599846328310237,0.2435819107778337,0.07198554186174912,25.479155456563994,34.85597562458014,21.43917628525835,2070.4412990141386,0.10924459045348163,0.1900529933152294,0.1804640128577325,0.22663715400381604,0.5625866523563495,0.2138971680184152,0.7863142795007566
13.075806482393936,2033.3474319839293,25.020780490775312,2460.4622179768094,0.08558144066650607,0.16208020702082937,0.26070166740928824,0.26957112612236583,0.16953361953418966,0.28283161027699455,2.123241976416094,9.357753556425196,10.792421080096963,17.223962064808326,0.014322426277057005,0.019268291151357017,0.05863942541047597,0.02236141114658607,0.16361973042399164,0.03894997196854213,24.334806764642067,43.92946038871689,24.46433504794818,2229.9455681239197,0.4213423069138046,0.3366097725230374,0.3162459254611982,0.24241203655092067,0.3481385237140735,0.4097227257746522,0.5190537708578715
68.59305830817395,1845.8334273719513,76.09844254904783,7772.536326001384,0.15135997566273796,0.3866664112215278,0.8575115280135657,0.9256897400005318,0.4741459965141299,0.27740380011669347,9.619481203150274,18.430180597961137,47.557083750331614,85.72635268439605,0.045236600782033794,0.08078157227158865,0.19197960343364714,0.09876162423963894,0.2522989735623676,0.18617939948126372,59.59928138751022,29.235422057030153,64.73393251289532,5899.40695822777,0.4911845361556935,0.5754270187735158,0.7513474073690807,0.7731354299846517,0.4113691880695161,0.41784243560617884,0.24338005065383972
53.912597031855185,1772.9242571149166,61.4172941095085,5093.456354100988,0.09393625333303768,0.3266017644682208,0.481817375518568,0.6438190909646367,0.1896565314555046,0.2627818728638361,6.587700000324712,6.065514075611913,28.496295787381445,52.135244255843695,0.01038504894840734,0.03133081925399916,0.03774983736911574,0.04358402884131674,0.06020158830538635,0.07914040863802045,72.52652582192201,42.148390860133695,68.7365052088738,5916.105324459654,0.6917377188978948,0.8142421435479242,0.5951484856126937,0.8008755964936703,0.4039252027394835,0.884972198931586,0.2101492314708906
5.210185501524685,1809.623362773937,17.022266276995246,1966.7595760336492,0.14552625569733899,0.17082146499851875,0.20592000518999015,0.189288704982848,0.13852551764372173,0.3352922377514696,3.4664879560555786,8.107460957987216,14.971435555791434,30.009671424306283,0.025476535127580004,0.017860946330942856,0.032057260014710855,0.013124348248577803,0.044114670223522466,0.052752529163902696,26.426870449573432,55.60485839627437,23.394779611852584,2637.967496259189,0.9243516521125555,0.41194222848147594,0.2767213902183453,0.31934732956068934,0.5875830705736427,0.6275334518979839,0.6217551900184083
33.88420395371366,2511.6290985925857,39.9351844734406,4311.036755902237,0.021243947812036413,0.08541002271925606,0.3801711723759686,0.35837753684365614,0.07286978031990231,0.08625778001510813,5.923704110175682,4.628183057311844,30.91422625361397,76.28122956585763,0.006625617204645158,0.029679030016249965,0.08852891710976896,0.03855319120457437,0.08228581993026307,0.06220002721323262,46.07599981750535,34.876563700306555,44.697705231283,5261.591229121176,0.11677538500740871,0.18789448688148278,0.38316011611676665,0.3334692645494815,0.16508354792559704,0.18186567713907312,0.5742627473068658
7.032808929552937,530.7633242061709,20.871804567533694,1461.2531004937873,0.08054551912532337,0.27387220646492527,0.39931952748609933,0.29977053169658724,0.1627816922052645,0.3135655355309391,2.520863656260177,4.764169689533841,13.72166521899879,20.702815503717098,0.02130780478965161,0.07611895774121956,0.15159646898349183,0.08167311430984554,0.08409785520406018,0.12781496967783698,16.143834254296113,10.884519023227359,18.01677978276191,1362.2830107013501,0.5346237332523482,0.6575664243986405,0.6400871034800211,0.48672932180749545,0.18821450551075503,0.5499262797681733,0.6140318626256714
9.395296122693152,2510.0493657865195,20.835717637262572,2360.4615492323355,0.011356653142936967,0.05862461743685982,0.11180742839640644,0.10568833609347032,0.10915444980138408,0.11950771494026433,2.2218612450326454,9.614915518223821,10.234928460628822,21.905645847614885,0.02480938497365104,0.029472700660811334,0.043097477185625226,0.019653449725145693,0.06088501997635266,0.08209826773176211,22.27443414756494,46.93449829259168,18.8917529725846,2230.0507521713807,0.14621514292466506,0.20674556168289426,0.17161108930405178,0.13344355794197355,0.17789952784732826,0.28310425547314844,0.7096431971627257
18.687959972138113,1617.195414741465,29.248627352581384,3155.157145803837,0.13013352753860327,0.32694154199881853,0.7134766464349174,0.4688848711164834,0.4805944891861506,0.3714549366299106,4.547522988105455,5.144678479672729,19.366816257014893,46.396180839892935,0.02486146311156497,0.07960920151720617,0.16718551218081482,0.05141879384512209,0.2815592483971548,0.17243042193327926,31.82112015239193,24.176406010490357,32.93558942465767,3514.904870975706,0.5465444905802538,0.737363874104924,0.8367059064760314,0.525252976156891,0.9861958313293525,0.871438312142781,0.39559924901012006
13.634442046150829,3596.4595924413416,25.259144061613874,2222.3428666019026,0.0500608525849409,0.16838642293217354,0.18287266259107182,0.23351369969287575,0.3328750716682156,0.23114280611639454,1.2726370201176511,7.923213192490826,7.277906936176697,12.7245600764793,0.025970653503545996,0.02442862187895937,0.02596600283531632,0.02614209976806544,0.05860147032190819,0.046546729648473395,31.519389808339483,87.54687730378853,29.00371650092837,2751.449009922277,0.8342559022413528,0.6693459098460744,0.32691752312342365,0.5696893154716985,0.7703720519306163,0.6960571103206324,0.5682353752469188
96.80971829912347,2079.8202903858996,97.70431491844036,8264.40391390235,0.19265096837518134,0.4668854310465951,0.7619929216094141,0.992612632574061,0.37572608080165715,0.2157308230900944,5.80151146747214,3.22425034509336,22.473339556974164,68.4045872956473,0.008083419218772096,0.02150978426357576,0.02872247539818392,0.036129035721717814,0.031237677333456476,0.06320860919907136,99.99824792427347,56.36415733548353,99.89175359246657,9346.38584947861,0.9315795603364644,0.9511798679764667,0.7890414465146876,0.9885538083466867,0.7441597742050918,0.8692763946891355,0.03987982947835822
1.9876556395513267,1837.8361919674749,10.627221990466095,1651.528069601541,0.03033474212318727,0.05449751346196718,0.10231802113028383,0.10237755224338102,0.12074353823926569,0.12311056692721263,2.7645853457571445,7.953362398763,15.07511248999755,34.36496610694807,0.03767428223879306,0.018967070234996195,0.036861704710573984,0.01425260558490223,0.261041710625745,0.053130717127931756,13.445725830328644,27.08580813618375,13.72998727671816,1680.4297134753263,0.1506396945086593,0.10222930057769775,0.10784041548389237,0.10028661180142337,0.2943604298381658,0.11467686300616893,0.9423688306069141
11.85940629201277,1728.804927392502,23.435092958612163,2604.3850732709816,0.06369278535008556,0.06508963803666488,0.209433113022159,0.1529603455436068,0.07232348801246183,0.09687827496398088,5.251367859421356,12.145671679744918,24.093494200328312,44.01220185295937,0.044088797657653694,0.02026319174990829,0.10801140313244725,0.054509808112746895,0.23691108186904097,0.05995096732159794,19.016683100338522,21.037399708528543,16.95384061686531,1919.7330046028947,0.23533789737177663,0.10233166988114802,0.13004897813781716,0.10965061674853005,0.10200495919416451,0.11171916301478878,0.7977097200736225
50.66830400393121,1091.8032654942983,54.649237788335235,5832.275878926497,0.04057080739920704,0.237385051436686,0.5347574979971882,0.5508705091443246,0.2783812234440167,0.12271588027825416,6.02956102602408,5.419036873325855,32.79457322001571,69.1793676298457,0.01105283053159496,0.0448466837220576,0.07229869108655097,0.057216784166722476,0.09416003701167538,0.05861272340946087,62.04973895410282,30.835182161173428,69.65207878691767,6473.531609005078,0.31927718076150935,0.5354940950391001,0.5589191438905051,0.7056076099430247,0.7213599204594059,0.2945066393823997,0.11737234949607889
72.76511447260951,1902.008274602934,82.42372258829613,6439.101274810786,0.14153037289092177,0.39101277303386356,0.5992808745152461,0.8867158913165606,0.3356625364798612,0.15140314351724338,3.601380130698427,6.0111780750007116,17.03461815034837,36.43947267592868,0.015798748590679704,0.05303928166621207,0.041684263390319366,0.0546369586827403,0.06556228015608413,0.06863598244030945,74.74863768496161,38.272078877593074,70.76303554860314,6495.638497672002,0.7963710955845039,0.9151564702003729,0.710272930802214,0.8850269311274716,0.545384963344092,0.590916886628084,0.04316602756071786
16.79329261763875,1366.2753240870036,26.822406541549892,2625.949682342735,0.03131623191865868,0.10654191719062464,0.19929273234779213,0.28362273538411603,0.16283083349820676,0.1303102283764166,3.476639716396034,8.851995485013727,16.76711702920125,28.626604927714894,0.03743298438750855,0.01729384892063774,0.04335026410660784,0.06289052342935625,0.05434950250195373,0.06488195168372832,22.999760870678518,23.46186773859359,21.606873109191564,1995.7489833427126,0.1625622168860961,0.10300934798432247,0.10900594918907976,0.2416854758284888,0.12939888714838946,0.11511290237137971,0.6219473627919829
40.16927099807454,2000.1842639429192,44.57805669094369,4259.446500518466,0.08566816397760302,0.13662623610707011,0.2002110654005642,0.35033017540996947,0.22677530645540764,0.08059737385608617,2.037779586269183,3.348430094026221,8.661301054976184,20.945046775356353,0.010840579479208174,0.012209951828083456,0.024705878008804246,0.015322606547047648,0.11168669646220616,0.021689449734059004,41.70387917670318,28.108016258027433,37.48198497406605,3848.1645191680395,0.292126817928879,0.24384739700901062,0.25410947126242556,0.307787930058857,0.40567236261303075,0.1257525679883963,0.4210147046019918
2.799930713550135,2571.502204778455,15.444660087436091,1580.3227729229945,0.11863377846784276,0.3660526136440194,0.5268554536937506,0.3680819843449107,0.4693590142807284,0.4949932821724447,2.1318420383067203,16.010025440836532,10.420312288114856,17.575181605861154,0.03502605756928323,0.07675051395202549,0.14106014749088194,0.040087857096199796,0.189158598715166,0.14070075749348493,14.3621516677182,62.66010353263859,15.736398920944136,1701.7967985979944,0.7491230481159881,0.7564564106614609,0.6836434050004802,0.3132847336253828,0.7166789519992303,0.9256640553340244,0.8789879672767513
55.370690929971865,2720.787466822436,67.25918181978587,5461.223684492516,0.09692648307733083,0.42892012051591627,0.7784197110518661,0.676353795772582,0.21377421452605488,0.3661510323308665,3.882467073389652,7.926254642278159,25.094305264024374,50.25209508315954,0.007150264299802803,0.09122876905184206,0.18588188264340397,0.08125606834248833,0.12678141511582255,0.1893871642758126,54.89737809869148,37.24927371326288,56.25754545628187,5283.986012314487,0.2897304827756111,0.9147064270909498,0.9610772190966297,0.8564474826423328,0.5726270143201215,0.9348817991311541,0.3453046109441805
23.40958680166335,1858.5406562889489,34.3375720070962,2960.814033389898,0.08371069530714671,0.31455560959693685,0.5031044782669163,0.5307031690599168,0.3680787211283451,0.30225340720262417,2.1971602931128333,15.219358574982289,13.910198410772542,19.162834068286237,0.014780902496382812,0.0474510508952663,0.05388846321069181,0.026022147367981363,0.262916161044836,0.04769308234565421,31.01587586230676,41.9303381947677,32.90916442153356,2688.2645229360382,0.30853023346277314,0.480824006136197,0.4796592830643849,0.5330795567855201,0.616474914790519,0.38767200251903894,0.6517075335880025
42.23899092511898,1503.5111293760492,49.055049693729494,4740.015754627168,0.17271522221705077,0.27071256335047134,0.47157748453323284,0.6911915532493199,0.4063293337373106,0.23397181152257504,3.8488701068601245,10.067040141871825,18.542352946300483,32.23758922031075,0.024156929704331365,0.03198114018751266,0.07536565553685998,0.07745574967020237,0.2480372682109347,0.07523433752989671,41.50464167254605,29.061610843701217,40.63417168038795,3879.1820687714003,0.47384265467079334,0.23922968601330274,0.2710870780550418,0.4961255455727659,0.6778610381760274,0.19556835955201587,0.42981902571815495
39.26440510355513,1329.6285830453185,47.577215628626135,4334.907827676332,0.15919868968117776,0.32847412229733886,0.49602718651184374,0.7037434794488424,0.4149284409706006,0.30788308281848237,3.981448226670568,6.550639651042796,23.512213046232567,34.545129697938044,0.008638567165160694,0.024061542600455482,0.04049025256754783,0.027035825462677746,0.13583976316133745,0.03792214436731743,50.65674191079526,33.695281943881824,50.35253962215482,4282.696864078102,0.8771366347357976,0.7382563784327435,0.4776937507820737,0.7464181868291193,0.8421163273056351,0.7364575422911072,0.5048474186313636
7.226928365354525,796.5670350245523,20.168243077930676,2172.198991684133,0.021758953540936255,0.14242849759685514,0.16936140080403878,0.11801446005369484,0.17076776934646037,0.3357914419925774,2.1696641632355362,4.244282132223941,9.993220305460072,25.30024826561672,0.03368575027576141,0.04197924298186852,0.056594142818503175,0.02460124189111318,0.24654105101500737,0.1409728988108752,18.789038075591424,13.393526169617592,17.84150104463711,2263.374156765404,0.28784600324088344,0.22209350234915412,0.17583692148603855,0.13203856013626628,0.5404767322545668,0.3512071395576078,0.9458778972254502
5.026784064476984,1613.6212896399588,17.451355872233663,1644.8201506971209,0.15523224226215698,0.3164903644006461,0.514847304259859,0.3905814900145834,0.4979743409081748,0.49918459090414874,2.825705950828362,10.856687950943005,11.233542035981785,26.088003700062018,0.04539416382376411,0.05331978188632249,0.14341893358962104,0.06157956390964284,0.28059175136657,0.1839300856043315,21.58324554239398,35.75702947276807,19.491761890079736,2068.698278230791,0.8690251562298814,0.5406329552559586,0.623153378037934,0.4899862038921176,0.9804046966137856,0.9615780742263634,0.3535203719029619
26.533155417610555,2030.1642387625916,38.017192507518466,4008.6870167158936,0.18322650322405284,0.31369025624958685,0.5580204727340883,0.5174359478770455,0.17161488071254172,0.26960938276142155,7.535300053129581,11.816803848718738,42.68566719394409,80.1209748213242,0.03207343053388307,0.05171194362961771,0.06852329695327207,0.02520446602272111,0.16041443755697216,0.04845298337462712,41.057374184298624,55.22804165131476,45.1396904879329,4610.10800771735,0.8986755244379359,0.5785200950344223,0.5126559216354194,0.5167102127775065,0.3147684205440264,0.47818111614273306,0.5168151708288451
19.338184498592152,738.7920801505545,29.134434824171773,2962.132880554957,0.03604597483956462,0.16171899022787473,0.28067867665136464,0.30488400165193824,0.14860001139407022,0.23551256342964674,2.5467912305318356,2.9227861977616185,17.154322414296537,29.31570219899017,0.011758392535747583,0.04270073236286415,0.09592030694324014,0.042154036954667955,0.05436082822324422,0.1272167177104131,31.459793361350577,13.463302519416482,32.57209016838602,3485.7353435298,0.2702061045622969,0.37870911308957955,0.39834855795951124,0.4173711662428913,0.1460244539445662,0.5284974010569209,0.7248112300866814
6.012886372687462,877.7292961095716,16.384911550791465,1987.3839442792819,0.07084263343316015,0.08088717109941429,0.1823190024802343,0.15068085604967843,0.3259362020971374,0.23530408692224053,3.7193525428720386,6.092885773218762,12.668881896163725,31.653705307780662,0.03074532821575499,0.030602539390061332,0.0822394359705525,0.035071379272523656,0.10859547156842461,0.16066873186002043,20.333593138746522,21.320892274668722,17.721528118161462,2328.4348925468944,0.30506206884524845,0.12874476911680577,0.17276265283081907,0.13622740317211904,0.3816342058593988,0.26686404387451435,0.872074519619693
39.39599726777934,932.4518581427087,43.92237527905447,4337.120949562699,0.08579030353517281,0.07951023968246633,0.15102363983470737,0.22676828270123411,0.10097962327234625,0.0841838153604388,4.307237496679218,4.755610797526415,22.78605304051226,54.76042516367316,0.005983093355603297,0.013957184402694731,0.021677171986197768,0.010747490351237652,0.10421602229111727,0.0369725375415467,49.57277964610366,21.093318351693174,46.182837586511845,4745.541425343844,0.208787331884579,0.1612001765034616,0.1153171955781961,0.14637244860822723,0.2908545800664251,0.16685256818890773,0.7093657318940474
25.470190217538462,901.9314127145243,34.76818127560722,3448.4720809711125,0.02772469047770292,0.19137245061282154,0.5066601798683475,0.35264029604451697,0.08181012832199228,0.29723403762204964,1.902502705594352,7.011814913953634,11.25525867339363,25.672670408112108,0.01801180755678828,0.05545476816909144,0.19002087046447053,0.05441300107053101,0.08428742066599086,0.15482620983003678,30.206744721190052,25.448786811639714,30.754860263558168,2765.3037959404696,0.19397757443352137,0.4969710621845494,0.761280315901058,0.4008744504841902,0.24670279973357598,0.6918961160277756,0.8676824431789489
7.822467984639817,548.6482732259146,22.283460566689673,2196.5535699530874,0.10385870812247973,0.2810250828390274,0.3303185171717293,0.3004732616435132,0.28429792486331024,0.4549358630671325,1.638944329534636,9.695975365726456,9.56446936424663,16.038077665084288,0.043663180077861484,0.06163333102265429,0.11861573476991595,0.06451378327653494,0.09750522406700675,0.13473029238858317,20.176029957869424,11.920984887338792,20.452246917152397,2131.2455774415957,0.6848853192615538,0.5914257174295507,0.47860348121875124,0.41548990495464944,0.37510012902671575,0.6904958617892435,0.6570393770948091
24.27330011962108,629.0932931247729,33.759300260207034,3237.263245972331,0.09983454886078558,0.19068845755732983,0.2627664407706252,0.2943431667341691,0.2554944674666002,0.2563998918298975,3.1506639987453053,3.089704390228526,18.280826290293227,31.286591741813496,0.016494646300004932,0.046040020558051044,0.05343035038490913,0.020730081266273438,0.1650210907390232,0.0801212713313956,31.555722629368937,12.422870386883707,31.69970891793921,2768.926083634769,0.3504567467879134,0.36307592310079917,0.25398261163023356,0.2679278858197107,0.4363909362864994,0.3609240871860742,0.8449242962176298
15.682510134357702,688.3046752776304,25.308459769021812,2652.0987043768732,0.020574104255386996,0.08637421024097129,0.2119890978278562,0.24328830080345495,0.16572135794564286,0.11784428906163656,1.862150289989472,7.4509547358003845,10.499095190723262,16.790408762102643,0.029806391257054973,0.028399514912830506,0.04942476049981104,0.03534143477663865,0.10158054115633593,0.07300359691903686,23.842617373384872,19.845101933751536,23.74193005054712,2246.923729324563,0.3341407713453427,0.229966678833498,0.19811370046396967,0.27322153396863635,0.265501845049143,0.269482338074808,0.6327568547838438
2.8228948133183525,2399.2242140681105,14.553643150854485,1714.505892473078,0.02467668239116717,0.158610267095834,0.28068085644670804,0.18443509396680377,0.3226077017080081,0.3458515545472751,2.005349568725092,5.993577984148053,9.776649281740216,19.061726663520936,0.017607047772766764,0.029013540970720193,0.07432421638758213,0.018719522875921102,0.09593823795351386,0.0889158852890089,19.99245054291423,55.842990179074704,21.118110987434896,2430.283884083534,0.42740136892159447,0.4621777873327157,0.4353312039641979,0.2635400615071059,0.7501490634722873,0.7672649837669071,0.6267125119342805
3.672675788371494,561.7499003417945,14.639229046560535,1856.5943867986634,0.1298084439031053,0.17087625404333176,0.357844418030642,0.27318487884259174,0.38690737528812824,0.35307161614090127,3.8950423009760975,12.169676506430935,17.957910226401133,36.65103886981951,0.023917059196583126,0.059219647859636744,0.123193113160771,0.029717867586625105,0.15339459649062112,0.12061834468103923,15.4057716845743,15.118393391181256,16.06177171603298,1976.8191243519423,0.2830314437441647,0.3986583338638356,0.35841584774537755,0.16013419207187363,0.24902839081462483,0.4203255018060737,0.8369893565420916
25.387357253810162,2076.6253711576005,33.40840238331048,3089.091120519295,0.07353481178012576,0.11001094301760939,0.26947976485794367,0.3030818619794147,0.10032442966872691,0.09902983107721282,1.4367660561215054,10.85846928086662,7.491690167809079,13.11902131894873,0.008107992997275638,0.018929351627939114,0.0391705230635834,0.011756617068686477,0.044797438659651904,0.052643810043620974,39.41259250048529,61.60711693009939,35.92687199222618,3592.030142408052,0.5144098939084635,0.37922706412402013,0.32125351104247685,0.3549497607592058,0.48047190755082675,0.3559140923737761,0.5905653155990835
64.01812639724226,1128.6109421392562,71.67750448710957,6914.9871553286675,0.18112712453149316,0.44005089331416564,0.8306624059765034,0.9038775497362024,0.2832665954609601,0.31137903250818944,7.070175249868653,11.539589466930563,30.748537358256808,65.39103981567153,0.04255037300305109,0.0924796372924156,0.19410249683675992,0.09954538308504246,0.0942060982562031,0.18334466286746798,63.800832481978894,26.30810202859468,69.29735533152123,6982.408926424926,0.8812633114743673,0.9192990531151856,0.9427325133468155,0.9018113693142711,0.20992855528545332,0.8667328705303519,0.14752201628487027
24.831441558056508,1862.9062651375496,32.96882594112659,3231.6257459923645,0.024421491317571264,0.11413799699722664,0.26601978120216113,0.2048009533057198,0.07387048052120881,0.12975998696563637,2.5236139577382843,6.410149232452868,9.826565463556587,26.365605179830276,0.007713364489747406,0.03912423473619297,0.08009400130992331,0.024524491746564032,0.1363372963464801,0.08339830509199313,33.3085416255782,33.760998693347005,28.565301857417094,3113.2677549623713,0.13255552698783324,0.4083852783665262,0.4008953908616137,0.3223591655262318,0.20141440630720486,0.4078830923156464,0.864774958995747
53.26321331707542,1698.5635971029596,58.44668435547005,5132.613513980756,0.07036190477897677,0.3270261821941502,0.5006919414978496,0.6600739030346164,0.40047373889893634,0.27315339456593846,5.454626894665729,4.204423863349727,29.329382919796576,43.37641234298765,0.01376775272744152,0.07855413918579769,0.07305691651082263,0.08320207244622295,0.2571879327218041,0.13017413046902537,52.56075539356655,24.01020719816019,50.419543826981176,4366.398000146896,0.2046289754468795,0.6805778085434294,0.46314507994390375,0.7376404086158959,0.6673165951932406,0.5525898080150413,0.13468601458328278
20.21526545471031,1146.5268703652007,30.27317111685557,3286.7236013630354,0.18413673189987373,0.34625493367120325,0.48166739699444244,0.48892613051939365,0.16453134927485175,0.4925023732718053,6.268258260105907,14.5938179834296,35.810173525761364,63.37685673176618,0.049445885871696606,0.08200014967074255,0.08387665164140592,0.08486042734246294,0.24843874235781943,0.1838806460343173,30.625372131925484,23.6931784207512,30.122676954767293,3118.5816033759606,0.7026220513597926,0.582848388481125,0.3048604777320866,0.5009216571698238,0.23429902822287102,0.697951695885558,0.5152753104793854
90.98840342496128,1274.8202773728412,96.61927694787505,8706.55660202767,0.04269849261668388,0.40077386535743176,0.8248664770614119,0.8467209798905392,0.40153129593382847,0.16318545298352471,8.933045543661247,2.7008847748960765,41.48795661411744,89.0484036309073,0.013866042302983746,0.0942066815382631,0.19666541988714797,0.09147128802784571,0.23004998395627793,0.14464967811466448,94.8572886607478,19.171285497320223,96.68387243625217,9251.785694388655,0.16356291163380676,0.6343048989916279,0.8206123133832041,0.7137323347740673,0.807182889161415,0.2811154993046945,0.1778571388520313
12.570516431787633,2279.4483797195185,25.57219295504771,2443.424410853046,0.18503471695140042,0.4024084983865806,0.6902477847483242,0.5449153785183913,0.4982850362398219,0.45999083308330513,6.320244254882192,13.048144040360324,28.34230663139707,39.351334885675456,0.04436519156535693,0.07256368744610307,0.1671051665904685,0.09169422262522442,0.17029622704352998,0.16730129030160087,29.71433366602444,32.45938056272371,28.485309420722068,2826.446718746288,0.6605280694157343,0.45746678682827413,0.539194865493564,0.4536183267960442,0.2919790734883711,0.4719125368473571,0.4902537681412462
62.56191434121202,1923.3532160329883,66.11079566813288,5851.450994402169,0.0546605552404703,0.177967479979714,0.26658448581961425,0.5350866713115107,0.25403405877939306,0.13505118076938932,3.165373449332709,6.422664942324507,13.763773597062501,30.709018539010373,0.006842211583039825,0.012368836581184199,0.021481219374994944,0.014671305896327468,0.0984105471254222,0.032397050436460496,73.56242131122279,39.042125949294906,67.3311943689134,6579.226430500475,0.260179841953998,0.2162611069386962,0.1544642198125181,0.4845308629266858,0.4275694252296242,0.23069898867284996,0.2745649081077262
2.3815292605917704,3165.475744828956,13.30362443293152,1781.009590932715,0.04849802689351028,0.15069778778567222,0.1875089799324169,0.15348207806966424,0.1928292761795609,0.3979101498268577,1.8800286379021471,7.6801502024343815,11.463258594686504,26.655562769778797,0.010252976368198805,0.04636987580205329,0.06263525536171882,0.02235126497684362,0.04758308059933986,0.0963329520752473,17.276770300053258,68.66881385006327,19.866367357802087,2136.096804107095,0.30754431053338743,0.4482539651635873,0.2745755746187442,0.2984464279785896,0.29257230947287416,0.7356921763152474,0.8280300247544664
11.702312712834791,562.1255199384468,23.75825687423042,2397.789994907123,0.04127107577059133,0.09115230141598486,0.25811369571411297,0.25406784599273835,0.3165657373676801,0.2492697610728061,3.6775205763769265,8.748454055140131,15.65148321100983,31.617030861834074,0.021590643486922315,0.030229517290104233,0.09873209425445723,0.030136571873275304,0.24927719531223647,0.1444843695377766,20.123578393936338,10.055677433917511,17.98453168262769,1759.3037795417708,0.16133761308459424,0.19312723681278363,0.26223973570166287,0.1621347478002054,0.597289834966333,0.4674663078541697,0.9250581495096283
33.55250170733752,3359.8434389223125,41.478871708120714,4152.820381892589,0.04342378203119633,0.2782547261606569,0.6298799094119,0.6086620228995621,0.32740965794658544,0.16999302786378753,4.424827762041407,18.620652922569928,22.23530046417383,45.06001187431044,0.018552853184275245,0.05405608987469366,0.16064820725994408,0.06434395346380538,0.16274427749664894,0.10886390751728442,41.55079961706634,72.10144944350542,40.65129956052786,3926.889468867181,0.27599822024928833,0.575291983119496,0.7326634634300232,0.6580473443915351,0.37403279396426586,0.421059716125064,0.4747526814586783
78.24978361561647,2599.5066590422716,86.91252380331596,8901.659925331845,0.08239777522319297,0.4528648869758717,0.8860022354935557,0.9279027701064375,0.37516818892227777,0.2595927663569456,5.154539953019062,3.631790937526673,26.620659405085014,69.9121029435695,0.018418970897102583,0.062192091856307564,0.14019355971947806,0.030402231487921358,0.1184243069344777,0.06922295337575057,95.42163486375821,55.53906368132159,98.02774739244886,9812.404656635286,0.7522682672898441,0.9909606091382774,0.9913172881547474,0.9371950288311618,0.994028276780261,0.8855393143627223,0.030215841437172264
11.13975148330532,958.6308793071757,23.23859835085261,2464.5078111922558,0.06412204561764784,0.06511327208786898,0.14591114300569277,0.1775029606711129,0.18983267465032155,0.14272967423643806,2.373896585238727,4.907515643022376,12.094116681171892,26.757206977995935,0.010464732878956912,0.018034226096841542,0.025039979725481425,0.019503265086451196,0.11569994621722393,0.03360377791011773,20.504079948510462,13.746038504783,20.30502615262452,2158.0202826622753,0.2599888385731227,0.1871704813574711,0.17655586658020583,0.2204774061452275,0.32513060246158554,0.18846263812747047,0.943524867359827
28.460022591087142,1351.303966380696,36.79866233870876,3528.799710638599,0.015214587862834585,0.10509752043849047,0.16595467300879674,0.2382614035036829,0.11792264783575442,0.10085232323843013,2.200041788389118,7.364671900385806,11.977805461184426,25.16390553812345,0.014381464895188064,0.04179537996133829,0.04196143434263437,0.02245021144031396,0.1755791242802701,0.10043008079717765,36.59745202147079,29.609773592959797,34.44167922377101,3696.665247460309,0.1195249174170994,0.17378224192414,0.12143846688353167,0.20204667162685302,0.23794744855913222,0.18220516470613837,0.9517212680000664
34.300073212577885,722.6285327321433,40.2786223439574,3736.0821497869592,0.07847415713620905,0.1345281808536234,0.21798509221755297,0.28428384476622515,0.07243624436045125,0.0968089938335619,1.4266167705517288,2.1246392930098947,8.857184720509169,16.304922278164607,0.011772140758037765,0.02411217002800942,0.02712003493537701,0.016743699233965383,0.08150283352335079,0.042297879814380976,37.59218495588015,12.597430448573972,35.05153398031875,3316.841047213258,0.5170986811120752,0.36771076291103516,0.35692927680011055,0.42158890404642657,0.33372398401932546,0.24602487743897672,0.6474686698829104
46.9516112590444,1690.8518175289214,49.88160352859759,4479.875781641396,0.056421454260995374,0.1551673188631793,0.43437269081436347,0.4065981820302662,0.3051896666835752,0.09348133359579076,2.9806553003128613,5.151815446202993,12.786990075238894,32.20494846819208,0.008078983628332835,0.030808346117926856,0.0767379138036461,0.03353963147691701,0.06769196859489394,0.0543053799415023,54.42665333771198,45.33761910734302,49.68621234404011,4896.755872159478,0.4268038461015861,0.5672194455008296,0.6410661675541603,0.5752787254778644,0.76644717326726,0.5206696671395037,0.21977343013899936
24.3260175216651,1202.468591716999,32.720094932496536,3352.411664154973,0.01900551044158897,0.07737765877638816,0.20954899874315924,0.29097325685737246,0.2546618435059676,0.08726627520673023,3.456292045812752,6.898098615089324,18.03363612254262,44.95955094892097,0.006613868656528596,0.014916234327363262,0.02404813857010727,0.01921566283448924,0.10554272579693287,0.023038109234648534,36.17063176864383,24.18755579354181,33.894080839972574,3603.775168043008,0.2086156179222416,0.1594872604514418,0.17731671732368792,0.2949070049068709,0.3138855954801667,0.18331151750897767,0.8207809878068296
54.778623543720464,943.5898460005989,66.09659779076742,6724.497098522306,0.1988634117149441,0.47692465060738803,0.7147667926364022,0.8381678438029124,0.3727566105956527,0.33225531136164144,9.795873752652348,9.617065913205145,49.0730780617059,97.0379611801356,0.032997947958842755,0.07052617155793427,0.08985280751274849,0.07916874803731724,0.12464852046743781,0.0777042533179214,64.84549388518792,22.917274889759167,69.79253371290821,7065.129288095547,0.9364868521609514,0.9392734265491828,0.7916831249112386,0.9091294415243277,0.5465911560138526,0.7856239164756744,0.12874570260285534
10.642949343356422,1904.088757876907,23.889129979254346,2272.6680025432015,0.0453311549840398,0.16292644525511946,0.3454559562122849,0.25273041910693744,0.10687377193795868,0.19936525639478025,2.0326066956223383,12.392341824562443,8.69798532339458,16.678164804393003,0.03723359970197991,0.05693044014054018,0.12149623825606189,0.03798803763502663,0.21214107355643164,0.1362415453943248,21.631230957332104,49.22036820772657,20.20693283746157,1923.6415545708096,0.38531240356883306,0.5189279800527719,0.4238244863212966,0.3180027753449245,0.4669014043562818,0.6082084073652327,0.7893401637250423
64.70902816469767,1204.268722135816,68.51233675913251,5791.874369125841,0.07814930219450296,0.27415929447435106,0.6445651644697258,0.6852620349051249,0.11898945828822376,0.11461237944024989,3.448468789649511,3.547380575428954,16.640263202258367,34.06762064121565,0.02052047182497062,0.06589289448762105,0.17208066301280212,0.08594731771936728,0.03458732542720025,0.08873217934489903,65.4739648385669,23.861217319499058,69.27164428059496,5749.716726858999,0.55075830454292,0.5825725650481405,0.7739677521603133,0.8776557737486186,0.15661825011320635,0.40274173045292483,0.23680108354931817
16.61617817324416,952.7920836171764,25.650498316648786,2751.815964523916,0.023574943087530064,0.09498386442134626,0.19084649977128218,0.1819477298015326,0.14979735653079693,0.14436446763900626,3.4882668567836363,7.477708313140454,15.367179639695902,32.342428809099474,0.03330631546107591,0.04348085082340004,0.06385130854422205,0.05128817529726748,0.06465960421495352,0.13698422037535957,32.86984722152674,24.59132645836191,30.621180333968084,3541.3659928513057,0.2099510834543736,0.21018870923814995,0.17090376151593217,0.2730914057648154,0.13023973257623706,0.3058539701831695,0.8279430667706562
51.77958737736055,4449.420591649866,64.39908813167361,6351.4970583183085,0.14070494656583157,0.4135202145883706,0.7346976314389121,0.8760741667386831,0.4915880532821835,0.32940151813798224,9.582613784070876,11.949817083982845,47.33539272412477,90.55305649869169,0.031701556792584955,0.06181116845158647,0.06546956153590064,0.033650043999925744,0.16745788525070676,0.09071223827284706,79.02203051657008,91.69598849257493,85.70771454266111,8931.475529450428,0.7097653980751957,0.8361527121190767,0.5487454795632345,0.73556891972882,0.702384988592989,0.6514580065254264,0.04123320279533016
51.20862794028468,1042.6821581371269,60.51919623764145,5068.570310736566,0.053575072082205764,0.3819838361939633,0.766711820587157,0.6772235483178222,0.27855075329562795,0.19096635187454478,3.778774000814448,7.297522082359266,23.873886661310202,37.15944778297639,0.025404030106273186,0.08108898129320065,0.1441350631597008,0.08564023428606798,0.22059231103618987,0.13919889190026075,52.100920800842836,23.024769239789784,54.05843201831287,4526.064600431766,0.3607815137402377,0.908643215236238,0.8283429254189716,0.8229977494120624,0.7181986536542951,0.5716898044217107,0.22202136737713446
37.10580788542558,4075.0278937074713,43.21069649357961,4257.713729038699,0.020151376286287583,0.11598253468571285,0.46011702655275183,0.33703717547499357,0.0648822161410065,0.08922625027452855,4.462787908100598,7.2014505993676945,18.765238304876192,58.84332912852744,0.02007194019038661,0.02261559655302244,0.11749514716329194,0.03662231540065784,0.12248644550197661,0.08484117316123498,36.78137319486543,47.200054332209724,32.99819560116454,3285.078867991481,0.23909566604964333,0.21215274706889614,0.3740105860986053,0.3048130884622855,0.18473402335783984,0.17046242648965088,0.4735291625315906
27.642561766175735,3049.1549104072797,36.23191340034721,3232.473072846839,0.07111823306628273,0.12186417626832283,0.17633758901349936,0.23170406389510503,0.21197758758350566,0.10781676867623287,1.6375236336421488,4.0068126040950425,9.78783606283799,24.531678877056336,0.005711082917110117,0.015147149192652082,0.022092879948232287,0.011450638624683096,0.0959427986863492,0.02240819479850491,38.27044093207123,72.26188161168615,37.65942536082303,3568.891708342916,0.6439888597425921,0.5254196825848508,0.383097377811277,0.3735049886881906,0.7273934241335555,0.3868933067755153,0.646570130770256
40.05906769565764,1223.300513241946,46.888683567542174,4324.32984850107,0.14425597963910441,0.2720222884720024,0.40061124970356093,0.4289649125679438,0.245874173635569,0.15127393977858203,3.751764353512941,6.376692874189195,16.31452507644097,40.11491169195025,0.0366440800257609,0.02302984850258715,0.069929662871584,0.027769289138296946,0.1450432784370748,0.0719565250786207,41.7181029593071,26.394515051359416,40.028804278043715,3716.787141606961,0.8376727012578917,0.37842142383102706,0.35187424365727066,0.4518728861338192,0.660584481119735,0.2506553099960155,0.7197279084210814
55.91856567943838,3494.079552075219,60.947646387078166,5508.972695613731,0.015901322359364825,0.13532177444627402,0.3173657497242826,0.3855885635986259,0.056853046843799486,0.06434979909684141,4.028710553307914,10.315195907233843,23.503086731309075,56.97549060494517,0.007526863185286117,0.028543072714852055,0.05320241317574717,0.04231670377581386,0.06781563951786276,0.05297389086168692,49.74862204219672,54.78224805597549,49.869193637004265,4623.6901024732215,0.15171764597990164,0.34584801489410527,0.43357285596012696,0.44417818827526556,0.11223693738360101,0.1550389029482482,0.5098760276203913
22.274686082063432,2259.7558279636255,29.913616335511055,3330.292562655815,0.06577901901734143,0.13625846886893386,0.21045831884361502,0.29450764708158084,0.12048797083732121,0.13600609546639844,5.268484882375115,3.9487397731548883,17.975992977081663,59.10314241720166,0.015340508030048433,0.02746511178961979,0.03682959067404078,0.020448638175846287,0.037735721455715784,0.05478850787989211,39.26389541792261,46.499278236719384,35.04239423535492,3883.888413421617,0.6947801850641028,0.45367570225613446,0.24084678811124113,0.447528833567745,0.24396615972361693,0.3151686473786489,0.8377816839220434
44.47729259310183,1924.3149962481982,48.81529084465931,4335.647577874204,0.018032424260394794,0.09502357826629017,0.24047490839789584,0.27096823191438496,0.06536776629050295,0.055240917483371246,2.4317668906616867,2.678286326617443,14.237255131099827,31.55774879499139,0.009393045338511834,0.013714519457061607,0.03936012634226376,0.014180423080883561,0.06692120798847886,0.021104576494680696,48.71278257097901,46.163036401684344,48.45510109909302,3981.356806926436,0.4857273085424245,0.31596455857327727,0.3962118576228138,0.4337600825168566,0.3893807588857333,0.15716643438707478,0.27366568750575143
64.78045146866613,1343.8354291133526,69.80661982973571,6654.595548185419,0.08445604772867293,0.285120338295123,0.42007117701796776,0.5121294074646746,0.3827167654585418,0.24052020053282466,5.473043341690183,3.1681692706508855,28.648409954003025,60.31225326657655,0.005639952521801409,0.023435955045952965,0.049455900244583684,0.02450440580306577,0.03977674084860713,0.04156165611164643,70.22144220067378,22.186815853200653,71.44679962756358,7316.182164532949,0.28512020668167465,0.46180608211417706,0.4407576746887443,0.5634897647660196,0.41663725542005325,0.3749029363952813,0.44036782300697896
61.71145706310827,2940.2237929050057,67.5849549937272,6014.017885479415,0.05516324162429039,0.1880949629482266,0.3925881972851877,0.42899920719239126,0.1400183556723292,0.137761879685665,2.964042248124204,7.238683029267892,15.290215583687257,33.354673641098756,0.01742850587061016,0.03846059802805982,0.08737371052850888,0.05990742313951788,0.039986525845411756,0.08576979315530263,56.811172715072466,41.473553026294915,57.469523778439516,5578.715124928304,0.4453526423047408,0.5044426601568659,0.5075449258612883,0.5440856260955623,0.3194110157144836,0.533891230325681,0.5733628851331475
2.0730732671506207,3317.12649494454,11.959311586097346,1220.3900033359732,0.018923995763001657,0.13113518054497006,0.19646023318501704,0.1328634894040948,0.12971031216637652,0.29956230165268066,1.8488328851282994,17.864086188757156,10.88567880360187,14.81164007023075,0.027411493454408672,0.04360194620007354,0.1012257855353656,0.05200855320167792,0.07570483988225628,0.09645700706973206,13.559531042120312,51.48586318518139,15.126225642197387,1332.2712671230997,0.1519996668348852,0.30311605391337026,0.24522999680604435,0.17432459667426312,0.19218281765124118,0.400401805572237,0.8713265876328309
14.520612089223393,2026.521748561423,25.345500051573026,2641.278599959227,0.023475596718057868,0.09906414399768518,0.22032458770278932,0.18383308039457408,0.28773853240331015,0.18942172351675304,2.9027126969413843,8.970750498429187,12.946564597702679,34.390642437806235,0.015027595054992822,0.04300745776457244,0.059342088177155784,0.01886243417524765,0.11764927912431195,0.1389641553750574,22.527532922922745,33.86433653104238,21.66028209650256,2348.113878291075,0.1966046817426179,0.20389123822238908,0.21718515852457415,0.16390782183128152,0.3200362241220553,0.32671397259405655,0.9091692554386875
47.281947639528425,2764.3323533064345,52.08022501630998,5698.410579039971,0.17906340478852634,0.3659481093548534,0.7397508018778131,0.7141869204600788,0.3678612186371256,0.42687115542101334,8.928209910684595,6.0249860124408725,45.5971796186404,95.97326331263584,0.012861001612414389,0.048486283274995996,0.11248050984964408,0.02812149514612757,0.08798736387557739,0.1054309800720137,75.63487052244595,66.54285353740862,78.17877782503598,8985.423528686228,0.772343452184765,0.8385234816756869,0.8709847179973282,0.8395516244529606,0.7654303710237703,0.842520640166531,0.2599185705929244
7.072872761781457,842.1733502715799,17.23721007871182,2084.6938952426835,0.015201130096737804,0.05002152555448107,0.1175643320658097,0.11400133476066994,0.05867484330782781,0.09185877000380166,1.6880953637015113,6.285730664670596,8.318844365937464,20.485376725506388,0.03643221059617048,0.011654579722698458,0.035986566370104014,0.02234518401094183,0.11339753160830285,0.04623353366676124,12.464157776979087,10.073005292389224,12.42138979977999,1472.9705717093575,0.12881317364978742,0.10162014113212926,0.10033953265338603,0.10066501252748117,0.10051440541919641,0.10251625616118507,0.9992454770295749
33.401471424381434,2559.62217868912,39.57764527186147,4190.411276220774,0.10839814630130937,0.1603849280341674,0.24200163539548644,0.3537658060090507,0.13352040312601265,0.1341538588752471,5.89642407667328,9.604123646320772,29.27721694581781,53.844070252552726,0.028366212340437184,0.0206125453532003,0.04758200066462541,0.05650834607184902,0.22956453631325163,0.036175285512993885,45.29905158580249,41.37417265404562,43.90180919660867,4746.370590220341,0.3552078129467708,0.31389492746688163,0.2792118836864011,0.47819472385093165,0.30610881320153566,0.169757477626895,0.40537874562370474
89.92369738189952,1107.8299282886298,89.43079182341731,9434.14581833379,0.051915043983316235,0.2635388683814542,0.5429826454157518,0.6015085577695825,0.20636723326213152,0.08164885309087318,7.555626981680126,2.94243585909944,34.1710752813365,78.42500281625973,0.00602635793501349,0.05715446159975029,0.12322304421829394,0.06831066851506178,0.1869549981281097,0.050204754504088865,95.00203747510211,25.229338849463634,99.2024169150779,9294.173680000493,0.2662520254149113,0.5585217446823817,0.5977264516385321,0.654458347841037,0.7169573796158927,0.15684857712723002,0.1970154208146856
6.352448428696013,2262.6194236986435,18.149174173839214,1906.6804226960915,0.03240757913148414,0.07751490907219144,0.26435490905784764,0.2102502772718914,0.23978142215901108,0.15330912643945266,1.7945833658129995,7.069464258463815,10.941593919381159,23.496239074006002,0.019630162379361594,0.0275853828108473,0.10113112264346577,0.026441853441144088,0.2140484350236676,0.08400898060915588,13.258249285008542,32.268113780791566,14.661819519751703,1441.3994168372142,0.12119357720245104,0.13013709028134718,0.20989641403439388,0.15439213664153295,0.20125361047615017,0.1643167399828163,0.9817451287487933
31.42387854220754,998.3602198448043,40.212292636907485,4270.909772590187,0.19305901621019836,0.3565463521824781,0.6336885995639981,0.7855930021439381,0.4693976956684094,0.46612347281015826,8.771770962944803,18.021402281418062,38.02318641124762,77.7541426584709,0.03665936118876646,0.04686268938570028,0.11830883328772433,0.08978994212485501,0.2070201801922256,0.13214027722131075,51.976126366318184,23.36129484090463,49.359476095439064,6001.15883584929,0.6192379879989045,0.3460847686120033,0.34605913162325413,0.6152472676518348,0.592708859486562,0.39141756689313295,0.6559928457604467
72.65415144530795,2676.7699928307875,78.2313986015402,6773.6409408309855,0.07952078749880614,0.30567795626986466,0.5467768358983087,0.7609500968293521,0.21446287034363803,0.15392707165922082,7.1806274665594145,15.186422786531605,31.001659303168875,73.85618621809851,0.009579817904977021,0.034559999295451435,0.0932601221783842,0.06303030588264744,0.06253572019956735,0.08792425613500623,65.91012217575688,47.94314785594137,61.27983968109254,5795.198782395472,0.15633722742118816,0.383532994925939,0.4413264224742565,0.6817533403928702,0.17669076625295396,0.32511939267839324,0.23378067373064448
33.60081070755021,4165.141278882309,41.33978472119892,3501.432148778279,0.09868441387649898,0.2952916915783123,0.607515016887738,0.6444832454624743,0.12974752879745724,0.1984556645706722,3.5524473156712477,14.561137078120291,17.344289972013357,30.27308208130162,0.01403242124597597,0.03453342126681656,0.06476106128021182,0.049186948784629,0.042742362018249686,0.040741369541839975,45.08084999570574,89.12635560410223,44.276562913225895,3822.889660761416,0.51680909400116,0.7173384862895212,0.7931854356618834,0.6918821523847959,0.2767329653122122,0.6250439957298286,0.06356989284723058
53.42950308615637,3215.8607701948667,60.2344105886615,5328.962241330866,0.04071181301955324,0.27676901502340123,0.47023852616024614,0.5847922474382757,0.18334835156029927,0.21318830313730916,5.089076557461512,3.8296258557344536,28.38382551890102,57.49619469089776,0.009739550435227765,0.0482911147370139,0.0721371286524218,0.035623454172053,0.11673592118329597,0.13265201960487683,53.17682899329492,33.376690321873426,52.71046413753775,4884.479619084849,0.14548399732101838,0.479500259705673,0.38773545629482115,0.4953782808925106,0.31579955107787744,0.43586905499728246,0.33710809988363316
61.06071504923327,4059.1324107172645,66.94315474505255,5441.633635318668,0.0470633254077304,0.23811233840399157,0.3625372857056197,0.49179672916326495,0.34692800314958044,0.06598585249558506,3.2833135622094254,7.952679619361916,19.90113177857973,39.93378106362291,0.014832014120157134,0.02112264418714267,0.03498133297597726,0.034754712659374035,0.2040793685743869,0.026114835311898447,60.153968747809884,88.30073777541321,66.01178429020624,5283.711579486349,0.5453176351600054,0.6839659413134408,0.45209891109767436,0.7770813540155316,0.9953149513455282,0.34710297446438987,0.2613848070193313
75.19048830146012,4670.010641280135,84.7166813718178,9033.822213173358,0.1420840825639941,0.3624634634697502,0.6422177856945913,0.8734325642395192,0.30040857551860917,0.22453749350063562,7.627423568398195,18.930904901406148,41.93613146153318,89.17093691143064,0.016878038222932178,0.033785473295604725,0.08384895676838554,0.060299574424382864,0.11105155404639444,0.06314278123622843,71.01294858128666,97.85781485444188,71.199223911673,7138.85873279911,0.5688461051041652,0.6509677620229729,0.7069473093238142,0.8925169799750132,0.3880824249645497,0.4278395383117768,0.3259687418648383
32.424602132405475,2739.6108947245693,39.10301538899023,3747.5668902982798,0.0312284286931901,0.12105810945098026,0.21994608494572165,0.3162969226554609,0.306415770815818,0.09028523749610984,5.810152403853681,9.847826325986434,28.33828202226983,48.184482271111854,0.013914726542502663,0.02070583605433639,0.029246434410080378,0.01974220452763021,0.24241524199638717,0.025041991858552257,43.69593104471861,60.812002804981475,45.146530853433525,4272.17510281478,0.3024663647684168,0.2747706000354478,0.1848153987831971,0.3110087209089381,0.6524265125935276,0.1427635056189113,0.6773521939745613
10.452190712422468,1301.8997555070675,24.345219286766564,2079.9206160183867,0.1340064910489153,0.235277711300657,0.24999207961407743,0.3407836083981119,0.2733048974496984,0.30215018250748604,3.3860202735923406,11.715338494337194,19.21806676087251,21.800022178349202,0.031731744346982865,0.04164268615792751,0.054843163211849816,0.0537587079403717,0.14921257741268418,0.10230241458671396,24.82266703539057,24.054033963515067,24.68648509481182,2127.6025135782693,0.6575097433418021,0.3287440855845954,0.24351583524242068,0.28802298997942044,0.21059073322525687,0.3857326020490875,0.817179858852616
50.573826793039736,1146.6210463848481,54.0455290036908,6130.313733080328,0.08389616474795812,0.3048645286720488,0.5938707648860134,0.5894529317442077,0.10053059034339532,0.29777402381828466,4.636658991171511,7.945752101784585,24.34790102815062,65.23780844622057,0.04034053599538995,0.0726407133671461,0.11940346984608222,0.051620551400498906,0.17441986304794296,0.16959588580504575,46.73282784052555,21.41037047883319,44.98552863626177,5003.158199496647,0.41440356145189383,0.5096167603571167,0.4483262022574612,0.4203240782213611,0.20118359907172345,0.5077328378149624,0.5654407325794477
5.635666707362902,1574.6007253657003,16.312506553540693,1984.6019431443353,0.015706780642287088,0.06286084015445577,0.12213170659548764,0.11480210358269814,0.22868337610811884,0.11332449255346093,3.7367546298599277,14.055717464829874,21.801746645231464,48.219700668042364,0.04241755792258611,0.04482572474528735,0.07495001009267711,0.04869692673141555,0.25631180315735813,0.12097735883636404,14.946733531608986,30.041254293236452,16.743266244349545,1765.4742617094191,0.1530587992349779,0.12232433915433816,0.115349963379539,0.13817305492870166,0.3629295626624774,0.11783047751640312,0.9416883235085836
36.91716568084693,4352.98673716803,44.959117172308616,4766.7245228535285,0.041954454702960116,0.253611292584618,0.5427273818533133,0.3901828254918291,0.36221442630170414,0.2162134849904369,5.60065262944366,12.350420099208366,32.8880857308224,65.50710813412593,0.01679330039498254,0.08290264109387237,0.167848593808882,0.0480831693328152,0.1848250419997912,0.12352241908723588,44.25533746916836,71.58281815917786,49.985344303391386,5201.676479206288,0.1532406478363685,0.6200842371855446,0.6680991964505655,0.35891088996047726,0.3563825903459865,0.4070569420531858,0.5616074576559206
35.08103891422957,792.606500406184,40.832309653281854,3965.565162428872,0.10396989994969948,0.1558971877121097,0.40543364839115864,0.40109086834803015,0.32508744523007427,0.189900576062707,6.378193398874334,9.58371898245931,30.427904441914947,59.19287200166125,0.019221646851934993,0.03386487500185892,0.1301719437214454,0.05527900893793203,0.2114984120201194,0.059809055117566345,40.865409309695075,17.50012761339352,38.7307849581959,3842.149500902459,0.23022218049194548,0.14596752470117688,0.24237992436307762,0.2439819222919087,0.327503229051289,0.1463611020415451,0.7678340782053131
50.68505035524718,3136.4358218797342,57.2492679677486,5364.266753073749,0.18999461750499022,0.39867780424239896,0.8002669602352444,0.93842681359948,0.21070420177581645,0.28008621785542015,7.526118665115686,8.406865150169322,30.093742011196582,63.054299948857135,0.039303329665687656,0.04765172563452764,0.09447616499797228,0.05017594287825222,0.07245184020707926,0.07325173934393656,61.112946409526096,71.07633915761215,56.76561924700793,5304.026808022756,0.983325390500958,0.8370700066200326,0.8669232065230733,0.8838481359542543,0.3633408600838381,0.6787746376996147,0.18715413248201984
20.10450840640161,2965.1296641161157,28.712678536868026,2954.3343652635685,0.043862305153614986,0.14538725884457374,0.30061692566544645,0.3611952105041199,0.15267386669495236,0.14264935111816668,2.1125618013842624,11.503456128057321,12.299686382766133,19.31448538241079,0.01763112314940208,0.03507766109917314,0.08288066976672076,0.039287246043055835,0.054840543814359995,0.0682393165993706,29.095310320807783,58.125046921581685,27.491615057372453,2711.705991890341,0.2645269358210142,0.2981428703765524,0.36392996709841474,0.4041629601801229,0.30982126604477334,0.35503758916496525,0.7096625209027395
2.6077808284420385,2759.918346473375,12.552656335573497,1467.3767784073002,0.04896061123468752,0.07835164709810094,0.12643044190727915,0.1153448873420057,0.29414186844688806,0.21526927877518742,3.119672626104705,18.242970302386965,15.425658660137868,35.661677378196025,0.013114200698690261,0.025826286759502083,0.03871451263333142,0.01787484446863404,0.16853474566345236,0.06762604249381063,19.699625606453843,54.69954089594936,17.861250758991513,2443.1363860571682,0.1626529734540872,0.13694423493414334,0.12464644495773888,0.1056823060123785,0.40345772292181636,0.1770486207911602,0.9738629568496506
48.231298446134474,1233.607828289835,50.21712552017292,4546.184748424068,0.030055074683541304,0.0827971307327836,0.15352796513563122,0.3029964965435778,0.053996970347199504,0.05307603073847406,1.5077134664238787,4.194250846355577,9.715922600506717,19.568860878036546,0.009364388565059978,0.01508180430205478,0.022185733733214533,0.017026670219581857,0.042090582641744895,0.021841423987989137,43.81744372730756,25.08302162202742,45.24915519970453,4002.5780023887,0.2321641868877139,0.1994936092495686,0.18078355470273522,0.4015681403562109,0.1698973588906537,0.11751616753020067,0.8414899243220042
9.326895519781399,1235.0469293567637,21.772294587998903,2205.7070140050087,0.053929467064309095,0.1407754440959168,0.24221376043526502,0.24871323589965275,0.09419358843986114,0.38737663966308583,3.1778958280189133,4.810235353296518,15.94357764675974,28.2172595202309,0.014013606369730295,0.025991880205193635,0.0445292165345245,0.019473623604979312,0.19936522331261236,0.09547607650468694,22.326184865436637,27.69377663420087,19.41511537791768,1811.5008415209704,0.5327105581466768,0.2874816976455271,0.268519821487883,0.21728427111754667,0.5196737675835135,0.7509076166683907,0.7484142724167413
38.714580930737135,4306.981554845216,43.621788978652475,3814.231534407818,0.0666883851412557,0.18606622758360206,0.45678229108522,0.38249318594980747,0.1897707235295977,0.15374477285168897,1.664248575309149,4.585583262288456,7.017964583273949,16.66364651385966,0.01134270774858722,0.02495042509376032,0.09651243328361479,0.021792834345998168,0.043744021275626536,0.04627266733503956,55.504874210866774,99.29511963334615,50.89570698404085,4892.85847401885,0.8793774894192117,0.7437514631801387,0.8055024852643918,0.609766759717098,0.9886900771161871,0.7614672150737288,0.05805415183556917
42.5216740611742,2850.5420919673315,50.73451738351107,4508.156712966053,0.15164372329342377,0.325428203198221,0.6930889088989715,0.6382169188251893,0.15814881169684566,0.32164079125712547,6.851632329729007,9.273970270200616,35.083708271243175,59.75640547800669,0.031745067484951886,0.07313619596779077,0.16469336324589887,0.07294150696052978,0.20614897070032712,0.11343365335018625,50.018579539871425,39.16880637214348,49.67906731509358,4478.235534810105,0.7448072261881717,0.7260869871250956,0.8101771372524985,0.6181667545081045,0.47668393863399433,0.5637146914312277,0.24949389500662472
27.073830209577476,2063.407566266532,38.92139497600673,3510.559092307141,0.16426272314879173,0.38659202031219236,0.7134688285276943,0.7530660153912719,0.36681210395650166,0.44800848055406317,5.705266843445817,13.017935490361717,25.221340434077575,50.38566299710285,0.03865325010518963,0.06858838981693119,0.16091242465535213,0.0726616046682934,0.22725836920086281,0.17041709882136002,43.85833558932992,37.87421975987155,43.14653787795691,4381.783973988203,0.8352608171884647,0.7723777534479386,0.7978063058221443,0.7013830184080353,0.8300742688665566,0.9114469285011743,0.41893145443287483
57.40003398789961,1933.3754337025177,61.810677251377314,6082.1375459562505,0.07942070025880724,0.20510284989756544,0.4843189794982134,0.6066167235213478,0.23483203140726186,0.09202811608637133,3.946159153705168,11.140035804996279,20.739945976566386,52.93128494083801,0.035181578314255106,0.05743648255826432,0.06506824765721426,0.031889602599447196,0.10247154117200301,0.04507757566396285,60.74398141121468,60.28903776910177,58.32054666842711,5852.655227653024,0.7890655261451908,0.6969218600088596,0.6816679300890729,0.7376064728569445,0.5262424549852626,0.48842043661205076,0.05760026932803708
36.85916125627061,2761.0081809082035,44.60096869220808,4613.205365449271,0.12165044322556762,0.3691396944159041,0.7702713985177548,0.7826519886117039,0.16433828471380774,0.36522147448936815,4.113423241270317,11.260005328777943,18.318819704116436,38.238244345886514,0.019464320629245527,0.06048471802704037,0.15000024695709832,0.06968156845377178,0.062276696785509934,0.17318510967025205,49.9954772916706,69.05102976035438,47.41523136846868,5286.40641244112,0.7721816719672302,0.7366833629406635,0.7949349851499459,0.7084519396329437,0.28946580161315144,0.8482996794076023,0.49082708600807035
21.03353885210879,2263.8731352253494,29.86468711138808,2942.5007278857056,0.07827967591269787,0.1575895379924374,0.44878848557837275,0.37799835958630357,0.2744151835111557,0.1448567779807405,2.7600820738445093,4.454511103013836,12.26421894657089,33.09056912704335,0.019947916144833572,0.0308382764504297,0.09011221975309788,0.031088335699935216,0.14288605879116095,0.08833877855216929,31.441305802064555,38.326531333211335,30.251721490068096,3042.781725099274,0.6400362073706051,0.5762048592428831,0.5929547727888936,0.5372944529752331,0.8594511241056689,0.6395011263139065,0.43998652446210007
26.530300804986307,3639.2150253419322,34.55129744577774,3367.0027251441134,0.03788592591317279,0.14663995746606073,0.3834862055158415,0.3423290239794708,0.12150183201502038,0.14857426985388017,2.5634344906146875,9.796197809043667,11.602851030925079,21.275475986607542,0.007409573524330246,0.0530237898295323,0.12559100371806078,0.06691582330219102,0.04062687469498586,0.09163250081372908,42.481618646072654,88.8817508623021,41.38741038635865,4213.827205563169,0.39194642314603645,0.5526016849438969,0.7026013518107317,0.5611376470329398,0.40856835545981424,0.5076032261103015,0.6270114857809111
37.943137679270706,2908.9631010563785,43.430335591428296,4201.801795852151,0.03484803315568541,0.11260575489483161,0.21831868724962886,0.33246351547503566,0.17045858181489348,0.07228262725234212,4.024259737937683,7.259635516208322,20.66440313109685,36.69203962117939,0.01000105657905844,0.017172123313248088,0.023132913408524816,0.019845866077019117,0.037838623992546234,0.037475341455033104,41.067268217879466,34.58666180636615,38.80383635633599,3862.030300381069,0.1575222945001462,0.19413513401384122,0.18659522139259063,0.28087546433439736,0.12203138014432467,0.12540267369731278,0.4483132605771925
19.182061196054075,3042.064922206137,27.121601381199298,3207.5337265248895,0.01763177132740799,0.05341408715005436,0.1329483412072144,0.1639305591761593,0.0521037910088585,0.09238211015403817,2.1180470967066922,7.807820730915678,11.083342389494291,32.63536446863583,0.027421565771360415,0.013482626730480653,0.02595642964865139,0.016339490252940243,0.031881068181241756,0.05440899258786419,25.32956218391511,60.706160350398676,22.437307378505192,2910.0162417295396,0.17679822874595852,0.10813326419569766,0.1220479526291762,0.1722906665346869,0.1011667037634747,0.1371091346102281,0.6559667523727764
65.5956486535135,4219.988561221269,74.2465698386254,7215.229426240593,0.15781124360239707,0.47200467276358593,0.8661883335632697,0.9122654247014773,0.48812661315351147,0.4185767032437582,6.33227980185601,9.825206502550813,32.90188527152265,66.92521297127531,0.015663442760302224,0.05608795136379849,0.15536648461828628,0.06974610255261393,0.10084924770107373,0.14364471130790551,82.53504957466299,81.34056779243099,88.14030710867702,8538.500695631215,0.8199022870053376,0.8653952616811662,0.9686864630269394,0.9662333979202551,0.673721936795965,0.8962783210598089,0.11607773670790833
28.79223481544056,2805.4544068596238,39.0467804910941,3822.3461892202595,0.06125107412891007,0.22244711018340155,0.5027742524840387,0.5109507040466623,0.404297654155649,0.24924780038662778,3.483190985600299,14.236151733714486,16.890296963857093,31.339243148311972,0.025140967610224423,0.05904067282419195,0.1409833094249184,0.05763932396584992,0.21922195949985218,0.11138350446523322,37.712633798479516,52.65707317531522,36.9970828894498,3738.0362518865563,0.3316145409697857,0.34032347706820926,0.494581546337336,0.4688087286786542,0.6983889352029373,0.45284740290845876,0.2643715224274173
13.138870151615448,1559.7303639652014,25.39992573378341,2633.171540947218,0.12474556475579568,0.16313761460833232,0.2654409053574726,0.2801373714889216,0.10158934088191908,0.3383874213094313,2.802441884631508,4.663732368822401,12.44917658271951,31.814480214835264,0.017120760501175208,0.01654960475811715,0.03424610933863222,0.011730287393590113,0.03890680826863073,0.03965124035250207,26.17221673394445,32.39041841410596,23.040083722959245,2571.2241005519213,0.6911552450205924,0.23962334593927026,0.31000261828474546,0.17079865779261308,0.1300196030021944,0.4406650161819323,0.8341463176368689
4.772036715054932,901.3652430280398,16.489576312860432,1770.6696559771021,0.15769168753372556,0.14855072819823487,0.22361741169717506,0.2683970599109842,0.20245887357924455,0.43053487512506683,2.702030618473053,4.1638564757402206,13.819458127514423,23.3840327419192,0.03623443076978807,0.0190849703963971,0.03509723293302788,0.0353219992242401,0.13725306352821748,0.09134317834576315,16.83583193050048,13.72140471338892,19.080654437966736,1948.0512612057164,0.6329325692526048,0.139161292612416,0.16922739314747734,0.18109067497384412,0.1916971816068056,0.3054781768088137,0.8708865382953337
42.50665960907944,3644.9449649264966,50.95427609175107,4466.331995961731,0.08946505844208212,0.44429776052591347,0.6934889815087145,0.7882913011639766,0.49479517348870855,0.4191792818290102,4.283887478734163,12.695669634700325,24.40614000193155,44.2655211746366,0.007610547687739377,0.07574189889739519,0.1203924342728598,0.06413261160274214,0.12518965939292812,0.15097424518743746,47.25612360642331,68.50267940748734,48.21660059066828,4123.089144997015,0.4445564368495783,0.77464926200471,0.6863811786535209,0.8055314538175655,0.7910929427509967,0.8823170778038454,0.12296736481830306
42.99532855833061,3831.087348394037,49.69580704763522,4500.859972365176,0.08269735102215373,0.2695590774144524,0.4638596975087359,0.5733619300589899,0.32365623450064235,0.2151693147207559,4.0486879068293655,7.894116165375867,24.647991628692516,35.3822841762262,0.01852495051774145,0.03597715281364489,0.07007853479658913,0.053684160651415375,0.1371548796608252,0.09477303923236244,49.10072141097595,71.22439827134222,51.85478046917979,4042.83973637332,0.6073385862737434,0.69136653918512,0.51643764674329,0.664910422684861,0.9090510296480211,0.7654057786596747,0.39488353954518357
23.711896875817942,1628.9568413043273,30.91159441484394,3456.398611103385,0.060143013733100915,0.07435081987679913,0.2571999132361256,0.28289054907695504,0.2525548193017711,0.12230516220114157,4.462053426675461,7.691745234417029,18.457461527128523,49.3881717056109,0.025955827056971994,0.02774809058133917,0.056908019660895426,0.024652212527423004,0.25369256885937685,0.04672111942578138,34.272287594116044,31.18388947783952,32.359398131478635,3533.9051914142956,0.2796889081073813,0.15391410948650924,0.27181249192054074,0.2202995253115423,0.5795869928142514,0.14625339368037615,0.6869979615806788
47.760830198403596,3777.358562752777,54.704058851824136,4633.336851346593,0.1632009845595634,0.42479309560664047,0.7689328589170256,0.7441123780672909,0.3929548609826865,0.3155994387775505,4.561522509027843,16.654976639164296,23.980638672208975,43.76996473860286,0.04399889777755823,0.07685441861293446,0.13628281472883114,0.05843568888740072,0.13785427161766337,0.1396224902870568,43.72776265782752,64.66130912296202,48.35514501358287,3974.5020590155254,0.8052970812663506,0.865532014259817,0.6860999511810707,0.5541804082746136,0.561693665265547,0.791433953436069,0.4027867712456527
4.363696538491126,959.2817879669777,16.857465968224673,1920.5949309353175,0.11467389316308077,0.2774639174960832,0.4309204319623044,0.301068103525963,0.35073445767825845,0.4948275269210952,5.8715806906724435,4.6259968237060445,27.20454148239474,50.06674894925382,0.03735779327340568,0.0619779706547334,0.11673386093653604,0.05344892860450975,0.09935671984204027,0.17776378588552277,17.670826582915108,15.971396262601887,17.99361945914629,2085.5739837395117,0.6858160975376506,0.44610715366074905,0.3066895326949626,0.2601438496703386,0.1909006622867762,0.6092990436747576,0.67744448594078
14.845885005353592,1895.1051746788203,25.683742659559293,2929.3012473818917,0.13203307363830735,0.17025094575531838,0.3033634314973929,0.3085754007945237,0.273012919927006,0.2520642711980734,4.017828972500247,13.678650694809791,15.747464351897131,52.30377988370347,0.04861716068673969,0.040832039889552946,0.10077869577045054,0.030089807108274885,0.24681300267241554,0.09595807326160516,31.415690866706097,57.28194984056345,26.52137709308487,3648.011658917782,0.8460253368050519,0.339072192240583,0.3103199905853599,0.3097895119385916,0.6510673565551983,0.3908859941348172,0.8581600602472669
90.6100319709631,2909.6594800879807,88.50660346721054,8904.969364241413,0.025964775577343873,0.14524450631653354,0.3953456500110935,0.4526356830915382,0.1916928988756076,0.07371443979508124,8.485374231078694,9.290956577928277,39.48590495870484,85.6446161732515,0.01954832052308079,0.026139782667159005,0.03519990446491057,0.021804446997909774,0.15974594181124882,0.059502424579343446,66.68806860918589,52.13937352099703,61.36303937506056,5815.508178797471,0.17412469757811666,0.224823393482286,0.24192474091381036,0.3174225068913443,0.2999697995890215,0.2289616395515085,0.2579645992546996
71.80992668234727,4857.313479831254,76.6451649371848,8448.393456440328,0.042500850589899275,0.19547777859797766,0.6083419843858265,0.6556509846171314,0.1858474290207677,0.0823814161998967,8.940625702946527,15.579993160575711,44.692336327667824,92.2032631280037,0.021082605732918154,0.0451826465024169,0.14836366872954848,0.0627160931319408,0.2568465642937281,0.10385000121951712,73.74122151726566,74.65643123155772,73.75559315118511,7597.19781424395,0.15398901806001175,0.25037888110321255,0.394555052622885,0.42002173348473193,0.35438680650345444,0.19267267100311394,0.24918416049705183
20.558709465063114,2734.1526607923497,30.650064351897992,3089.8501623204975,0.15749442018343465,0.31346724473698506,0.5779038892856644,0.573948240900611,0.3310014210409428,0.28742639566859,2.3069886154647508,10.707066679984948,13.098250310537935,30.16349465806658,0.01599212991452373,0.04298314609678341,0.1116848935397314,0.03242551250032475,0.04878791501670244,0.058502465299838165,35.32328357713668,66.48052449016942,34.868891435235824,3594.118290253002,0.7744954422661423,0.834765758734072,0.8235671457751815,0.7078126708841596,0.4790454592849949,0.6139332285802244,0.6723224004662718
2.03320973210651,1997.5018005768065,10.392939077079125,1195.3921965454365,0.02101114754954838,0.0640813529797094,0.10784804910286348,0.10041410140309055,0.088411113821657,0.1351590096408785,1.1513565482198804,5.111163176266599,6.606230665458337,11.812108058181801,0.02175044713485274,0.018267493516362813,0.02581225714174402,0.014418674205444895,0.05782086769576283,0.04604649634932279,11.280801621241118,25.74002217828709,12.648893134815959,1158.580433925207,0.17083304967365245,0.25619383883385405,0.13868928683469617,0.10483075352401182,0.13971327682655116,0.33170675878087325,0.9929244195930271
28.078552464038015,3680.7335571962176,35.86614897006002,3619.405313467097,0.04992293477924882,0.06840474333703042,0.23959153946090453,0.3017254717590594,0.21613737850092665,0.09796439118414903,3.1729822822597082,12.242394056166995,16.770928221847424,45.118958985643104,0.008339510509351632,0.0103067713613511,0.03400394978048758,0.01213884407742767,0.13966980618501204,0.022624105539471726,38.411500638637385,73.15754330064922,36.99681982721862,3813.45459623563,0.21638137930484755,0.14713806832195547,0.2208486334353339,0.17689551765344677,0.6497809128867665,0.15185144530810663,0.39376137624607715
22.236381880160554,2375.655157815044,31.793355049199477,3376.154245677469,0.09046055160004045,0.16253531444158284,0.4272658345794437,0.40924984911147305,0.27192431941463785,0.19392024699402402,3.4255355740502798,6.861641570482662,20.230709925227956,35.52674409428968,0.023207929862894664,0.04816192695246239,0.07894616254906052,0.04599662554365093,0.11285330825129293,0.10182920334199909,29.432915718552316,35.2470164058716,29.42806324757373,2867.510125562203,0.627487997025045,0.2708811969313541,0.3605131586032689,0.4071195401091732,0.2982167745139162,0.28619101028163646,0.586494732397175
17.6818273028672,1052.7063272346913,28.554529662384482,3129.920030247777,0.06866905468882176,0.2987475229424881,0.6327376264959287,0.5397062542407537,0.2867803401927508,0.4011814651424852,6.12754527474017,7.557439870468577,32.95358111313838,69.7265536171842,0.03676842058231971,0.09269547042071356,0.15648407700737674,0.06105882763706226,0.12682189639736371,0.16941706381348054,36.02605995131221,29.77415024861243,38.88316047430465,3787.2847265066257,0.7628594632869202,0.9527760777727697,0.9121377185854199,0.6561928220138213,0.5313949383185266,0.9745066120556889,0.567342109598739
13.054800757817475,1428.6257967368865,25.338673480328335,2516.1418675543478,0.04628113427464076,0.20026259156393633,0.3560302781182431,0.36626574148832824,0.12079849307816654,0.27385799067991223,4.8923081513643,7.026274648966171,26.592536683367346,33.235854846639775,0.04220728349312175,0.08012134395367398,0.11734095248044772,0.06978161359566167,0.26430752968543075,0.13228645692212818,29.24929505130802,18.730411749920837,30.010811378533838,2902.597651956552,0.19233233673707748,0.3124543719592577,0.23820816286749918,0.29553833736368096,0.2903879818175983,0.26612698375573796,0.6057592295349461
33.7456600540519,2260.8647179180607,41.49740574557184,3995.355734850423,0.03388859996848813,0.21088581481817661,0.5715405490473652,0.3998603482250811,0.3918191245427409,0.16710453468843087,2.7129277252449846,13.49138516825266,12.770238821617108,32.526616753360365,0.02806927946846656,0.04864630260298411,0.1666390647424254,0.03904878438181759,0.0790332493945537,0.08932985634532897,33.842811381645205,55.13532994513587,31.882970800267834,3308.391231608115,0.16472871136905448,0.2674861310612587,0.5072314741407447,0.29690111868731356,0.25321000517823067,0.31079857703470404,0.5632654076099803
7.279697394937694,2570.871252283592,22.325495749070132,2207.9080199278314,0.19186470175844947,0.3652712709400705,0.4579411622714115,0.46738041286637894,0.49879041678807534,0.4863151777820837,2.345821533732959,12.197695881127796,10.641512122792737,26.701106892284805,0.027219535485067857,0.06384566461052109,0.09400648436472447,0.07048092380837781,0.20132624904359095,0.14164174254790962,19.437293091980788,62.03848873423568,19.4911955631816,2119.4860918512895,0.7934882149960355,0.6231143671376186,0.46228124401306403,0.4952609203736603,0.938535019377551,0.8401564648879035,0.5928513877635844
67.50957251536715,1040.112609527879,70.65151239589855,6238.184579380858,0.04375138842989148,0.2614517673121445,0.46910081254049923,0.6300779078007576,0.10580238156915313,0.08165070228816164,2.581368870365407,2.2795070224577683,12.493427957981119,29.472342683946017,0.0073000767292471305,0.039963252701639446,0.07644194714142609,0.03032339354029137,0.1432022858883402,0.028245813472827407,59.12482500811491,16.058964195426007,57.22852332914294,5474.380283427079,0.2740811092166995,0.560771621347993,0.6062518046815708,0.6273692860014334,0.42797502132855575,0.20215680621673376,0.44786349110361795
20.105031916486805,671.0050395524702,27.935580688780128,2899.978680211384,0.05968875101221624,0.06062303097555388,0.18682887876869955,0.15641901489495483,0.23579371111437483,0.11017365063084542,3.789176706568604,5.709091513206825,16.92273112962345,47.47718805539206,0.00776059646082165,0.015240703921021328,0.045432949092917195,0.011856760556866033,0.1125870526030306,0.035304997454447665,34.95086334396554,20.77498999119946,32.6578866135248,3680.267153349631,0.3040813537297902,0.15060748848157732,0.22613525486650257,0.1597991339041221,0.5888176857870645,0.1565028277334257,0.7446494836332358
7.35856256708182,2382.6428973862116,20.34503098748617,2220.2696841647153,0.14274246253918688,0.24498099019052128,0.3611075943972684,0.38402117901067234,0.45497909815877685,0.4889847181027366,6.668930500834009,16.634137466246003,29.435099568785333,48.26483745623875,0.04758489431800505,0.04298579812876218,0.11133682623140234,0.07561932148951302,0.26263526613520655,0.1583626027188019,26.743309161089236,33.50264669681018,23.768809037781125,2952.354559477458,0.7704426293788981,0.29250937111727493,0.36159588796589076,0.4394477358846283,0.6235416182434721,0.6429959715050079,0.38113388097797474
1.3588464998381815,713.8070957354174,10.901772404057967,1505.3233129742373,0.10385023563679115,0.09336253897898537,0.23789285506619381,0.19941698522318746,0.11638704843821787,0.2181343329686333,4.928733027393163,11.100557655886657,23.148161752503764,48.49995213826009,0.04876292584253917,0.0456794517992467,0.11025357185152189,0.041673255687988804,0.18758089815780585,0.0677638316102004,14.27293851751576,21.935876552421945,14.78052472774961,1750.4024934580882,0.7026076314459901,0.1425163504405543,0.21221903402753103,0.1772683278158498,0.21182610370821048,0.17559257455571267,0.9629145446571473
64.37028305322126,2820.8123819723633,68.69528103280129,6008.599552521081,0.1056360631221268,0.2664647783630806,0.6844766863994755,0.6958113261836435,0.3824953775547498,0.16479594773132883,8.173376094343505,5.090117386413384,30.132260443690598,72.38036999182319,0.02684912302792919,0.03350102143176521,0.08964854488858305,0.06453386698415811,0.2148020733054935,0.07976312449653182,79.63451047083007,55.73880061654347,69.90330821098942,7103.241226836602,0.7485754340825548,0.5149713130994176,0.6056541481295368,0.835269535178513,0.9813662627273385,0.45174583289928366,0.09415126115581685
29.000237084512023,1405.1069160440472,36.3293875871999,4066.3181964900914,0.10227180603313385,0.06724843591894916,0.13945763350895637,0.2557786364302656,0.17651358260042393,0.0584161881713349,3.2200166420478533,9.467732751083956,12.651130206494017,48.42674275336411,0.03194957291473964,0.01013105972433846,0.021017165352137154,0.010115589880235963,0.03318285943807528,0.02070439556921105,44.102738662312156,36.99354538514967,39.358026217818896,5240.1950485862835,0.8620327281529045,0.12144808541266648,0.12907550679667432,0.19364343517647015,0.2987253517275459,0.1217021490021063,0.8417522244876188
50.753249563657214,3661.1629361257246,55.90548692119107,5769.720156256047,0.0323184803345651,0.20233983286773613,0.5810808949450086,0.5104899739530968,0.16911965745325006,0.16197306428511316,3.6326320516513846,10.0205271860131,18.395371267822142,56.51423551811577,0.012125781063154073,0.0573621396303097,0.13848732053884386,0.024124285115499806,0.10954977816195842,0.1077408794476277,50.4745828016264,78.0819352553969,48.19063132358899,4974.521491886898,0.3513789698257769,0.4296652146868557,0.6544128361230419,0.4315671200420552,0.28154619956411336,0.3509678126150838,0.2782719222655056
38.09233714456635,982.4055755769112,45.48306313960088,4320.785057342356,0.17917717025561217,0.3806819311316585,0.7653608839407524,0.7180057282435542,0.28647684542881285,0.4419366641651331,4.262845064974796,3.019197644328232,22.084700784290007,40.49796303195517,0.015039641596940514,0.07555177089506238,0.14864827655713597,0.07968206961598169,0.21600074789598714,0.17975193242817206,42.38233604149896,13.225383357358318,41.03643166943069,3850.51005733667,0.5799252385513307,0.8004924032301134,0.784567565403448,0.7010096360390594,0.5331571578118153,0.9481616715835327,0.2667619387235476
13.157188860413587,3364.7265120335305,26.282174637131938,2796.386123438192,0.07039213744864634,0.3170878540256146,0.5412882681352839,0.3733531922248956,0.31390819739569054,0.46030730333090225,6.779455343170752,19.96131953116418,36.07939204353805,56.41174712208708,0.03960291155909001,0.09938187651572696,0.17283134053753385,0.0746968717370021,0.24561727856184967,0.19977785146777452,26.233234807821272,53.17399729086407,25.979618949177407,2906.4717075912936,0.1930604114729122,0.3766896394396028,0.35093748335555175,0.18940668011527928,0.19815451404863021,0.4977269463017624,0.5655978860685699
74.66450778650847,4564.327724171972,77.53305265259883,7273.992472128662,0.053234257621394374,0.17006695236504385,0.35066751106998917,0.5550758835360823,0.19426672654089258,0.06345110915640523,3.364055759909607,8.746560827775198,14.300206012715309,46.782481902665765,0.007149409332178216,0.01332541532895248,0.025347166684247836,0.02235707242859174,0.06672164740367066,0.026966399292961976,74.82344441390946,96.61250368929095,65.99699859833648,7094.872337900287,0.3702238741131068,0.4937981602428684,0.4394744588441543,0.7265230057138521,0.49759760271294423,0.2526464161426588,0.32286468242306465
27.59140664584568,1155.5330486685614,36.090811945446234,3462.372768365135,0.01656976332124981,0.0820919276567611,0.19130976894441687,0.23599286694781585,0.05931551284330344,0.06826871428890917,1.303163303121255,3.5342035201701485,7.893705049043541,16.458975766254543,0.020386972878669914,0.013887429789686266,0.04016100231105534,0.01807831229779868,0.07038883993790052,0.0335549645392321,31.441248797340844,23.17029479901849,29.36315694887594,3054.3282094525953,0.25862608188873065,0.16229262061056876,0.2420633482779427,0.277467170447666,0.16615775341826824,0.13310286495519924,0.9026687039051429
24.64121181901722,2663.3423452260095,34.48106779057154,3573.8706343086574,0.05221916315922487,0.26644950019538305,0.6146103914902191,0.4059923556375048,0.13557826693153371,0.41070282039539097,4.4353404619942305,15.243679603453382,25.577760388273163,48.78432506402621,0.01450034316981674,0.07966451469476318,0.18479688329057603,0.07489503603370527,0.10768875314915435,0.18948491138774204,32.9111048907669,45.67988336335258,34.79985353011639,3527.4881772288636,0.2119954105756935,0.4813258903891095,0.5448591041512444,0.4444739671080234,0.13870544089158465,0.7090102581161043,0.5226154287944087
41.4809541165658,3927.4813755570844,45.771925083577685,5082.087645406812,0.09548032409742822,0.1690564055996782,0.26846610884759453,0.4330012328305621,0.10574422117935191,0.20287025232961176,7.3104143875983825,16.751241976960326,29.800924613642625,74.529963423239,0.018483117660946628,0.040162332166994504,0.042356452185052726,0.061309675191134054,0.2124264785602853,0.08406315038210041,49.01615719562776,70.85762392245876,44.28965278228738,5265.52343869341,0.4028619301851048,0.34245117628258803,0.2931008244430938,0.42749401691335714,0.3461982190825039,0.3747968676624559,0.6460370204933392
12.334172813691591,1898.1887216621044,25.400228399202543,2435.7415146656012,0.13085571066244847,0.2491783416493639,0.4786061523984092,0.3705286150019514,0.34250029778442964,0.23619722096433354,2.03052118397556,4.015401408896537,12.398274360540023,18.86362206520122,0.035064719576966503,0.050152729391691644,0.11027751225349404,0.0405933732163368,0.14809443951481607,0.09764741117306927,27.229631267132355,30.612836774805864,30.016006108700214,2636.268210681092,0.6941098676485639,0.4538404149102372,0.43481434101763927,0.44699129394097975,0.4903261041936454,0.41637892151291944,0.5798643865848698
6.297779444088894,1287.3894581177908,16.20415393900725,1979.2357092476414,0.06347543251784311,0.06284481590644406,0.13356197262987687,0.15833167172492962,0.2778913767605785,0.17682576934035507,2.9464527995664023,11.22725255206208,13.349552993813711,24.30034341834662,0.038966987210143245,0.015514841152394297,0.0499698759748365,0.061049208068191634,0.2173463640500306,0.05785816662801477,20.97472726838377,20.917155925241417,18.657191014481544,2320.1334459447053,0.23272920224088725,0.11128475918062773,0.12357495987406611,0.15995612147729574,0.20568911110580798,0.1524382221361511,0.8226593863090474
9.379984222924703,1689.3619236019374,22.578656183647034,2427.908674450659,0.1328128219688825,0.24445182814010744,0.404861784151317,0.3912911314836349,0.44117274697504544,0.332243000186396,2.8473941164011705,4.042679374564037,14.202417515703099,34.01136322150257,0.041486030933013784,0.06719680654509609,0.07928685847938233,0.026243970763318938,0.12957161648771856,0.13724716180782065,24.326262389681435,32.31824265032057,24.606648470104734,2490.7150897333413,0.9081601311280513,0.68160082879816,0.48084356981514853,0.46435387873021544,0.9105744838661772,0.8595668150172389,0.32228549858371575
23.812888735916594,2964.3000017245336,33.436624715225186,2908.5557371419113,0.07300285748691936,0.25699024960212313,0.3290624141794356,0.41712531097064387,0.35637936830135425,0.15781306964828198,1.4645088822240733,3.6011966237076556,7.696881629995225,15.38919177073897,0.02032639208572361,0.02617982190083058,0.04083513177559479,0.01908084319484744,0.10056838904008357,0.02784245662242376,33.50101540703755,51.371258339637635,31.644894900336197,2958.945225330157,0.5833292623848031,0.4656231348388663,0.31866536233798026,0.40628213622270454,0.7292533573446238,0.3456672424825753,0.6742878621374916
16.36202822837501,701.9156287372716,25.246227912386644,2505.4523605962195,0.04773528521744785,0.062409222510800944,0.14064104817422277,0.13742737059901472,0.10700708439282988,0.14229973243028898,1.2624010025543981,2.8921678303275997,7.70991875152264,14.832773123377793,0.005360072692721294,0.013326339061743646,0.053202070525670705,0.019177014184487546,0.10431667910433359,0.060610142986285385,28.412072986635977,15.209136930105764,25.93225506568696,2640.824516896079,0.1525231508238094,0.12417621066780256,0.1879850674147764,0.16312280334528026,0.3085706489036257,0.24562027476200304,0.7671623795025853
72.56062709408634,1888.5633834987261,75.90796390930656,6272.786355009945,0.016172538005587444,0.13781075140321966,0.2817947303649169,0.5091269265807875,0.062204153540334046,0.05431359575104145,2.6255466561042833,4.912942362039103,17.96655078632679,31.335166582933585,0.01058784938923197,0.022881404011212917,0.03307759031931577,0.057382505639529145,0.034080691967164525,0.025111913069593213,65.64211810174326,40.087185291028234,74.05082749428243,5744.555292991493,0.27803738651675647,0.41171501555411133,0.36253997888749834,0.758048122793426,0.23342130718827295,0.1317256239191744,0.3051721816740709
34.871445725828714,1564.548041814312,42.542156405393904,3582.5561495395164,0.09575219024026348,0.35718250564175313,0.5291797577100273,0.5586635433522205,0.449591272552291,0.300648345888857,5.742838043475307,12.514169607807505,28.233942795679155,40.03072714142444,0.027856717835351447,0.08916399792809304,0.16254104853013343,0.0986919287882395,0.21529530963513324,0.1703846151035142,39.438575323548186,24.259156416230542,38.4898013070989,3570.6462689068376,0.3113831155056856,0.5197350692147658,0.38481701088264564,0.4903615147949043,0.4677804931409196,0.5116585071771617,0.2761002202754834
16.639664637948893,1458.8523193542153,26.723266555037764,2870.1669681673416,0.15168061918715867,0.21803472725064357,0.41775572323222404,0.40407565644502047,0.14962619444058245,0.22784660124273892,2.2364203007508254,11.986891550065714,9.67804460002797,26.82313860355086,0.04839061457733283,0.0475863504943494,0.12650913357281834,0.07681070429666349,0.06960002765097867,0.06984346533833834,31.7505782128034,45.45282198714308,28.032591115080045,3300.1675100468947,0.9693566437770729,0.494858300873841,0.5959720699761887,0.7065780367536743,0.3469558931421023,0.5807719516226796,0.5179139073678782
18.920310202794617,3389.3739092353444,28.294602734454273,3072.374288989865,0.14147508876546194,0.21232702267060852,0.4669316461004951,0.39236831046407833,0.252631298119817,0.36089323971346543,4.711088991364429,9.284084383069839,18.463356180488038,50.021470549592784,0.04049999906757355,0.0631335686174841,0.08972257603754952,0.05198729443567787,0.14848033599857383,0.14567616894001664,28.053048967898608,49.85125953897406,25.011782773921677,2937.3750864394906,0.8135695211709786,0.40861943276809237,0.4572971495161155,0.37693082444589565,0.2253084857496779,0.6290150191091602,0.3414298194857387
20.455345158495227,1660.0096356573772,29.197483807971548,3302.866294114745,0.08695665096333491,0.1264315894324114,0.2589448367007952,0.25066596908164746,0.3460800553766509,0.20411245357462254,2.408558190460389,7.172351171379293,11.726247247447827,36.598631186668335,0.021279788189851396,0.021206020417686457,0.04252364622442211,0.01799707198584471,0.108062347745646,0.042277618908161944,28.066862685038778,40.205431929010985,25.72540618151741,2858.3305385075932,0.7835250537262722,0.420442680953968,0.3372689631992386,0.36917909789441383,0.7512478504472294,0.532142378302789,0.40513544426786613
12.204851734947031,2546.5631214716964,25.54829224868039,2191.5754829288057,0.1332375091555355,0.31753338660172037,0.44579120216884344,0.4459205318724149,0.31592795747298796,0.27947922888482996,2.9827295125644384,15.578672259320403,19.40762595586821,28.59362751563749,0.04407612929641348,0.08506218295606438,0.07229007307641108,0.07606615268150892,0.2767011339767353,0.07896710208031019,23.229993456847613,38.59778514530304,25.998903148618655,1891.6743665835509,0.47393983524689964,0.757414531934665,0.452716128735007,0.5235068257137789,0.7441174002687252,0.39627424059781613,0.6745804426228191
76.8249118454335,4434.038753780314,84.19441541852989,9041.220542110072,0.1388541215982795,0.3499751426772064,0.7547495506810342,0.758700786329597,0.1210424494217206,0.1957802380291575,9.236602750955647,9.11665789406731,44.375166612929696,85.90209163146399,0.016322682171304878,0.05834960327619027,0.13568766624192857,0.04000250693093327,0.19378893164048785,0.11095668617791964,97.49347753886192,79.17589765044468,98.77937578389925,9874.323413033633,0.8428698108208724,0.8372598842497657,0.8961607235197041,0.7613586243623228,0.5063646407142476,0.7048725759067178,0.30002017055434815
10.182828042616894,1955.448857868746,22.32855721780652,1895.7498940292082,0.10119725042340832,0.1655263664886325,0.2262069128428284,0.20120069553754655,0.27220793391390263,0.24441204338768718,1.126484267257267,2.806111107282129,5.381349900779926,11.145958951655317,0.00792567203027147,0.020447020967197027,0.06994997548254156,0.026510847871049677,0.14795298841706764,0.05705294378036803,24.721861392874633,31.584866037969054,22.279621077086023,2292.5218577153364,0.6257893914822101,0.32891732751424735,0.4127110614850358,0.41508617720684116,0.6077659536527324,0.5488090308819931,0.5409182086777993
39.513106665625585,1507.2609595398096,46.517268886256865,4505.779241221023,0.0783862527773767,0.28089462339167487,0.6075796752598551,0.46358545074614227,0.27814118566941304,0.21606948322102826,7.151601583551634,14.566782125542094,35.36037070880625,60.89397849685281,0.02552270145675399,0.059220116686210834,0.18855833265503588,0.09099349988129604,0.2588010484522299,0.14759853015173335,52.68518391977276,38.81526508233955,52.454342010984554,5045.6917261959925,0.320480599900347,0.5833233982872972,0.7662435814305181,0.6379960318717407,0.7755366178833696,0.43851822503142,0.2548584221198227
88.71326789425109,3361.687737279759,86.49819453586989,8124.3012256131615,0.034783793091626145,0.1347307217593086,0.27468495407528115,0.39226105828254093,0.18567472734758042,0.05062535992128547,3.5886953611021486,4.789159021961185,16.777275775725403,53.448422932533646,0.005409857114704417,0.011250749891778777,0.023143214515748578,0.014246397416630814,0.09090466450622348,0.020814208567832452,67.64897743876807,52.50517457678903,61.62616994970242,6397.932651342029,0.16140100924387685,0.17597240358551972,0.2392054014557827,0.4192869237808805,0.4198301426525269,0.11146538369887157,0.499715007839918
1.4592578105219949,1099.9495701223975,11.044230615984727,1046.197673405732,0.04882869490663531,0.12664397066589783,0.1372525357475654,0.1232706227718523,0.19258241951525537,0.19129894788636656,1.0078386177475849,4.61639933236669,5.300783833049821,10.131824661660401,0.01514304982673715,0.04678743601550422,0.04985969153615925,0.03254713099738748,0.1937832779344544,0.09329467771197973,10.072187765507392,13.948209706920432,10.350677825992873,1045.8673065304429,0.12015175484187249,0.2843570835280365,0.17636505132654656,0.1631496682752757,0.29011406057720257,0.23480489303525062,0.9079987101936345
70.06704526544596,3471.8647304742235,77.34639427459413,6638.243620074746,0.14566297273914958,0.3945451269072904,0.5750631357235625,0.7655953985207863,0.20284471113157068,0.2609556983988859,8.528268612959025,4.5084177113996455,45.47727723889563,86.51073638226111,0.025805859042835055,0.07757001359788805,0.06840352991213437,0.08200623889718056,0.09219779479127335,0.17072460636731623,83.08213224586041,46.95382327383992,84.86259685236884,8144.0340370104,0.5279278716252487,0.6769256330699407,0.4175458052036922,0.6693045121719162,0.2790728766643007,0.5753401535544136,0.2766879689888347
21.67970298301051,1023.8376120598674,31.69534928235891,3315.765084742815,0.16784515488084006,0.3703953110957374,0.7251472731575686,0.5835842538947482,0.384765576262451,0.4739156309447225,3.6550645464664737,5.86485113886522,20.387363468476263,32.47499393547854,0.03985288707333339,0.06691957043757975,0.18062689413877428,0.07114950284580492,0.11077135610191996,0.15807372543422102,38.977900833285936,27.701738921669346,41.315033168413656,4030.4339841461624,0.9768344011702826,0.7894299596944128,0.9185302757496282,0.7487622339427599,0.5943603767084749,0.8433737810043767,0.558167285862714
20.1676410776831,940.453049434319,30.190255093309155,3216.3787415135334,0.10705226075708668,0.28340343492405634,0.6313537577453129,0.4455793405664426,0.2624741836256056,0.2704190822511788,4.599628765427504,6.965508910979964,23.43704234285937,49.96376906671823,0.01494657075853021,0.060120253904658985,0.14657409013081982,0.03952786263309724,0.11075924515901847,0.13050077986668,34.88175652773237,21.067176533911905,34.82425332103336,3794.6120472547127,0.6639288870955722,0.6408364869826084,0.8179987827691467,0.5510764950478443,0.5868709380425154,0.7760651256766894,0.7533567835981495
57.89421893389466,1012.0356614709004,64.25059044236687,5736.732050349789,0.04177982906075329,0.17457466886931355,0.5042908811099186,0.4280594588457932,0.2795111963787634,0.1504481684899234,2.8631489614041996,7.472183197485774,12.8920630992892,30.435667808314932,0.025963227058868756,0.06432439255008995,0.14838313592801086,0.03499634197146701,0.09933434790745296,0.13537852765300554,57.466073726053374,23.37887168933925,55.85145300318362,5508.259102186356,0.404892422003499,0.46159693054483,0.6576856419604934,0.4592312087822235,0.4172135202200974,0.41999293447382247,0.6305062983985116
8.091553511465998,566.0568529845175,20.23702609243736,1765.2384026811574,0.10317361955441301,0.09618576861310206,0.155623198901251,0.22959344755030675,0.12987508768231484,0.21100594960003183,2.5152582592028607,3.8389566573889464,11.872215155565334,18.122776770990182,0.00977903584441274,0.014243020288394899,0.030787728993693468,0.022035946411841548,0.11803514986702222,0.050595415444504,27.16518085356301,18.14420381101424,25.40094645916051,2564.9967189565727,0.5041605120143119,0.2772814525063362,0.2723697370155324,0.3237845569980801,0.6973880925541552,0.5022437093003672,0.5592289021823119
78.00444723875155,4254.019916708235,87.42676303842791,9147.214052529822,0.1732252754298751,0.4290450073661074,0.8209686990670738,0.9509083829364074,0.3468812056682492,0.28985267549308263,8.034605149101731,11.721692647399014,38.76699148733773,86.3596825675282,0.018394930600279427,0.07972638154606464,0.13172627952357385,0.06476978618113602,0.11664891225567542,0.14026568188309166,73.7105259197286,90.24437115857091,75.29810972341592,7604.672605233953,0.8670739429281565,0.9268920466003103,0.8251930978878373,0.879624502728518,0.5164689684314042,0.8361665588337144,0.0793736950212206
40.598286856909475,3762.7375814142447,48.14889199777492,4449.779593618814,0.15164650920313816,0.32794342796669007,0.47135182397318837,0.6070442039228973,0.3078806810354221,0.21651088040227426,6.330998077268995,4.695829278733182,25.515737750127375,71.05408161782707,0.030174002723431428,0.05963721472494074,0.06657171521337728,0.049462834910144714,0.0957210531834324,0.14260146984703087,54.72978464425955,63.7900267846593,51.60158288738732,5355.439777459154,0.6973359902350604,0.788047738902754,0.4711287358481597,0.6978099518886576,0.6348921830884959,0.7236360765026226,0.4845309884322697
39.4326019954679,779.5355905638683,43.685282282411954,4753.447298704934,0.0955426661669135,0.07179912713924265,0.1937401235280263,0.3439315991719562,0.07643404710878715,0.0806122923851791,5.902303377923916,3.9709371788751495,27.460390609538113,74.22828445460279,0.02247040939360394,0.01122936259414352,0.02973708779874581,0.027871512443147645,0.07316574097263706,0.041091592267888416,45.537706452416224,17.57852425476652,42.39926957959192,4838.998401016206,0.38794212600694994,0.13466009281105162,0.1676373762338496,0.3283105690681104,0.14775327566945262,0.18737360651313723,0.7939288170800808
97.19058678059318,4998.39546597596,98.84238126044272,9963.808663834025,0.1775708867919065,0.45197486704433326,0.8969788734512779,0.9993677346996415,0.4896478650636358,0.2389539444122672,9.944819384209238,19.86324316529011,49.59749119095122,99.71311280842032,0.03876136990502393,0.07159475475030676,0.14150370040037621,0.08278079423415109,0.19896583611827712,0.10335852572876837,86.41004691335027,99.55153101945248,93.64168355997273,9121.841524286969,0.7375763340348277,0.7875398042696599,0.8506831647188158,0.9644486832970798,0.7537215540479277,0.41993897570847494,0.17705804543551745
40.20198377996772,1569.3276990471572,48.57848529965944,4298.794984565899,0.06730246175059282,0.23845911095914016,0.4778615155164635,0.5194296492172914,0.2744417939666869,0.10893908643848955,3.6748889957729904,5.8453467911020995,21.204944807925635,33.716512069732715,0.015893621881651176,0.03254390709913202,0.06889746958371058,0.03118836218096073,0.15315706231026893,0.058182872448577734,40.02691242131305,26.373573429593804,41.896408028036575,3666.2922820023546,0.26536062158966045,0.25969577118823206,0.37868091807455945,0.46867190525017277,0.2999476741437148,0.1285125593614892,0.6414984574090874
16.473271732331888,1624.8988213079165,27.832024705459666,2497.266049055226,0.12783767850326683,0.2921842784051236,0.5201044220888728,0.36334555560814147,0.23346552640967336,0.28766774069556716,2.5452192953668935,14.256022154610948,14.899653788681356,21.96591497554521,0.03306477971711703,0.07092085250808565,0.15263109236588143,0.05017072601911502,0.2533447589008642,0.15266957927761604,28.986206583006663,46.64899839008085,30.39022025525709,2708.41340223124,0.7871770893190179,0.7457290395332243,0.662817757954732,0.37328086342715994,0.8135314266073675,0.6921432398359756,0.6509310537958213
40.9451393128472,2417.3422035990498,49.51773473478619,4618.561087248936,0.13691540032448749,0.4070240994735938,0.6461218497561435,0.7378551156777448,0.4538235695780374,0.23467718736523435,5.370383616008969,6.425936642911299,24.33956282404247,57.94621537807692,0.01936076107757929,0.03863779267150462,0.048548734293799065,0.029540263882832367,0.06105490053608155,0.05992053701990612,49.91584013431345,43.394045672084104,48.77836386866468,4897.6653782667045,0.824094077886219,0.8948171928529189,0.7816799942967619,0.7791039610589511,0.7002358207386833,0.621888004821051,0.39513404801345897
10.593667016110954,1103.11217888926,23.663560969869803,2045.4205507846962,0.08109862984650162,0.12263244445156325,0.16058212105967953,0.22736229675445702,0.1442286203785843,0.14333912837498614,1.5879158758010585,10.93877017815288,8.578994370135602,18.123414106331627,0.011485608895362041,0.012829907319639193,0.0244425689027037,0.0204741474247765,0.04305346533564941,0.02336433678446101,24.69077668497401,43.05532819910197,22.45349922682246,2116.2232069395304,0.45853619161468395,0.26805268019452816,0.19627808256791457,0.29123145928873245,0.22040558342256972,0.2639964158139182,0.7698582225546009
47.61339739470598,3312.8979596463278,51.871389162261465,4655.231200568914,0.07089997153123148,0.29260578720950764,0.6402958448730913,0.627545012594897,0.4416571370006474,0.18371210345173475,4.843135674616923,8.630673084851427,21.786732966284255,33.126721525529035,0.019755095058868872,0.06530455803023998,0.1462722209468859,0.0815128874890746,0.2516931138068193,0.127450757300281,50.43323137178247,53.24130893315598,50.082710852323615,4328.19614967647,0.35552696510071924,0.5437153150979509,0.5847610031118103,0.6037982324187783,0.7712712032651412,0.4510609104217219,0.3256171740615095
23.533915659746256,642.9283249514152,33.619156729084786,3404.854137089295,0.07946478677582482,0.3190856125163969,0.5268707929229033,0.4688029940218424,0.13751117643891073,0.343492667669811,4.393832915058203,3.1069282541726846,20.01632912979262,34.36995054403447,0.027624022601794047,0.06388607859050563,0.14860334171427703,0.06420122199463887,0.10619349855955829,0.13673473068702036,38.835881415526536,15.930108850371658,37.25339406828295,3776.8281839238794,0.784481335728829,0.6852374391426889,0.6464577926029061,0.6226891278749641,0.41812855598979465,0.6869690988330379,0.5161338512150758
50.74707403020476,1907.8449520989586,53.33205935962191,5681.577508953385,0.09192467828022323,0.12793319704925368,0.2944713475390324,0.41268424697378214,0.17881770741784406,0.1042465124381345,5.307308047570465,4.424554399037676,24.914964421005585,57.739593955064265,0.030111265354693283,0.014574728454908608,0.03761057221792058,0.028982264358995473,0.12316045144144715,0.024604988552017815,49.669864316512104,22.48722105338493,46.967967106458104,5013.642856031206,0.2572839840583596,0.12524966073921392,0.13763773590488101,0.33723766376164055,0.2684220562616839,0.10489821051339017,0.7515698513989434
60.953925764638754,3773.88251660464,68.35332855495145,7297.059406147247,0.05629866909177633,0.3231039281741126,0.5651517442053585,0.6039150516233628,0.36643797258383615,0.24132554606079734,6.414234825944284,7.512639085759235,35.007231392099435,82.50788445761678,0.02427597858067379,0.05766783004214484,0.1302669636214834,0.039941074069728195,0.20633319828223917,0.10699728311345978,65.77113283249028,63.30979458514942,69.99224632063837,8080.398182514951,0.2938908552570391,0.6162665110307024,0.518857562726733,0.6019347246118685,0.5511339845210693,0.5677178798143068,0.5341892895464286
68.17125147954299,3684.481720987742,75.35407482445973,8434.750383857798,0.09193403854254824,0.3132066215428357,0.7537768863023189,0.8579777295135679,0.24757199639981955,0.20728135305443646,5.968360249668618,10.348587117329801,32.63310868742519,71.46776867199499,0.0394908889320334,0.06706097663700199,0.13289947623423762,0.051942535139366634,0.10040154834379313,0.09756217293775375,56.44922334316376,69.49586984827603,58.42531290985521,6008.923891854767,0.3906678100955071,0.40383219754714833,0.6144536055910029,0.5463709053583717,0.26637469636034944,0.3636382374105991,0.41034265795193403
18.755804972979988,782.3244144538813,28.02163299237335,2978.5985282055344,0.0389066420928395,0.18173442653711294,0.422452273908451,0.2929896049256486,0.0986295377610016,0.2740202255778814,2.751764492613331,9.520517477820702,16.18227979054155,35.50449042501841,0.04231188089192531,0.08641348492024524,0.19168833949831418,0.06686194703309767,0.17094662463017032,0.19079354446178348,25.173218595095776,16.335176312443544,25.1583048892049,2670.534200037665,0.19865256091909336,0.2578873768208544,0.29559551233693404,0.1892697014092418,0.1277194371473566,0.40346754413961017,0.9722896206521774
24.695996798781465,1836.1381834206818,32.15639353499744,3290.585098745646,0.010946502875043377,0.06288717459283334,0.20875751560089154,0.15314304302816342,0.18070330178934652,0.08459015730600698,2.0207544118709535,4.372616239126053,8.864059450498111,20.759543087247142,0.013632726880441015,0.025399281530878073,0.07234440170175449,0.015933323585549736,0.07754313635585094,0.0779534465460581,29.92473826570714,34.55544813930766,27.105078501702266,2568.59700660471,0.1432244699768979,0.15487559643417734,0.2182666579411298,0.14935582247926096,0.3545295765200983,0.19840731519273053,0.8740611648390054
4.9599000888246945,3380.470933071709,16.133513570189415,1134.9637147035924,0.10911412310271537,0.22210947426395994,0.3239060113335669,0.2376760683478497,0.12526358853601202,0.2855567987399993,2.0578304903425972,17.732283170741916,10.258205220882719,14.031739200061113,0.04687430086054331,0.09108958832687993,0.1867525658756041,0.0918687063925454,0.1555178683802276,0.18107163946987107,13.360358683287487,66.19179721832107,14.115699417331518,1054.6993814962343,0.8006854308556752,0.6610690389884031,0.5301486750078254,0.38647771198535197,0.2653297009237142,0.7291618609708694,0.662261948288139
49.733720726685775,3668.3690105516903,51.327802464638765,5913.4336513641765,0.018899982394121325,0.11316623243300372,0.3339158352342767,0.33225318689777855,0.061474321008932596,0.12786359989219326,5.77936162941125,9.343776212963984,26.34589916557607,76.34476754419467,0.02449427126214217,0.03421118268904296,0.08587310934117448,0.025596702428943206,0.06827574753260897,0.07309834027532174,62.07574180208191,67.92538981899354,57.8722917634276,7305.733403191846,0.3031986370923545,0.44206922158898726,0.3874165408088953,0.44148209383709824,0.28737094588179535,0.41794277548031344,0.3438353215127727
18.879116461804724,1066.249225908597,26.173846985275876,2724.1544010414236,0.026727817913954448,0.06855006884707263,0.18754167090545484,0.15718361165087472,0.09699550929523218,0.06974758750833393,3.1750608290110662,4.2348928948011855,10.978605878802487,27.95959041346763,0.015272158569494517,0.01611196605762408,0.04430508579908992,0.01806361763062884,0.09658300966740785,0.04277939125684459,29.028226956339097,17.07155136769082,24.32104962500037,2706.344759220948,0.19417665051835936,0.13170817832018747,0.21500309369326845,0.13189569991580352,0.22538593138346072,0.15657674528645707,0.9211423943508432
10.374909368255633,3477.9512773657902,23.302692357640634,2033.2139026922262,0.12003241604465492,0.2198414826211351,0.29964260264796766,0.25306201391175415,0.18712842853315811,0.31872777507079464,1.2698489284579098,4.656725751627905,6.794868216114729,16.34709260270711,0.011029287630421226,0.04528556939895985,0.12375932896691141,0.03982654863224847,0.03276182344473787,0.13830995345947042,21.21610186136217,72.65976894327157,20.30607026516327,1757.1657414278916,0.8667550520593652,0.6595960081874532,0.6391897364312885,0.46594733581500464,0.5393654336097395,0.8556881561928268,0.6547385538986843
23.6355528830071,4061.7920024076334,34.029316093940494,3573.215433920796,0.12836186575460637,0.29964730695117886,0.5031370146802718,0.3925923213319436,0.4122614795877903,0.4247648253391843,4.498161556609723,17.87560886562165,23.274425930595267,46.50822038334713,0.04887684259595256,0.08318502859004678,0.1601156062750127,0.0639595359637607,0.2979682982450698,0.1494594411666886,27.84102103720771,61.498800442795215,26.59348711194706,2790.9658772807365,0.6900928946304201,0.5175319453387182,0.4896362004609311,0.29358189162781223,0.704284115741137,0.564870355997143,0.41806580618398537
23.14766445389835,2150.8724022096826,32.98000031812374,3496.180177708876,0.029901642263201574,0.22803205044320912,0.3338397017270939,0.3050133515895593,0.1951092715001477,0.17421222069167674,2.466936780548476,4.015814550147352,16.602827522999622,35.19657425205913,0.012258541572063969,0.02747359460199543,0.03450299894138722,0.015291639911612523,0.03533075855612344,0.028359066793656868,38.61853349177314,55.34640370400397,39.01042924909868,4330.32679376464,0.6581514406532282,0.5690027196335987,0.4473720562011954,0.48294955592601696,0.6262224245623167,0.40214724287015924,0.7903750882408122
3.8913990028253007,1713.767817192745,12.334388992363873,1247.6619172773972,0.027046400059123264,0.05437307774615968,0.11462390704377913,0.12080266830864293,0.05994955115971314,0.06823879010180324,1.330067154641522,7.064471384693141,7.3446475282597605,12.254578457455574,0.03592061559167901,0.0166378867575704,0.035125498627213085,0.03020483302702668,0.15697921267771237,0.03181316071315223,10.833040113066959,20.913074255813374,11.761343807731441,1164.5187761220354,0.12704201601658086,0.10192147874066347,0.10341025898584157,0.10321009407474648,0.10479550105645363,0.10197460891351037,0.990413494553785
6.857709074989949,2370.39891423695,18.09519362399602,2205.019079709304,0.04548672321476084,0.10053181887837541,0.2768780420570651,0.20012889814702342,0.10830939569786042,0.35605728826606114,3.5977859503233955,8.51698185622154,12.779026891353285,28.43755972738358,0.026282053864186045,0.03261547009846803,0.15504377884900508,0.0648121136532412,0.11322527825945662,0.1756372596749444,22.038976671635197,34.485157124629076,16.414781037829364,2154.853963240657,0.21491529263394235,0.18111045503129528,0.24422218143233962,0.21448149354868565,0.1474120708105907,0.48801967720600453,0.5471260638669404
4.0850703942642514,517.073118305752,14.91332672929472,1882.2779290798921,0.07271369447300995,0.16093858177300915,0.222509106209719,0.22828577474742232,0.3637821266287473,0.39165366512122257,2.8123666958699642,11.703120931972096,12.510572567501521,29.08356285789789,0.028450459354930378,0.05694994753263762,0.08514122344318832,0.054239215001867,0.16310641713106427,0.12524463944204,13.293284186502431,10.522623229371295,14.643392400209825,1681.0713017978353,0.2570684986740134,0.2279252199647399,0.13779493732875575,0.1576447627134643,0.28734763628206555,0.35318871860595247,0.9879258453742896
80.83798803896636,1502.103051263196,85.66016977941551,9194.10129454734,0.08857275747301985,0.25142650178975473,0.45615996004993725,0.7318787878066104,0.09027907798814076,0.14498863826407465,6.278658401037803,10.108082788713135,32.98221663425546,68.8761077583554,0.012111376669099108,0.052516268243232286,0.039584443152056045,0.05465642886945015,0.099387844283088,0.09094219434667584,84.4859662804489,34.83003894418436,82.41629967337173,8789.211765638605,0.47331234102757314,0.5108342610232659,0.4135177594466639,0.793168810659583,0.26613797674774636,0.3097536227891032,0.25365632274403455
50.966874560451046,2874.9446865933596,58.8704280481212,5709.543335202066,0.12571981866499274,0.4100004235607972,0.6599457021872814,0.6396434218813082,0.2207054267244396,0.3963331171773724,6.674638232959032,8.110478923012664,34.21353909870092,73.83827097071247,0.03883395361955038,0.08792956754660292,0.1530302480793997,0.08040627931213619,0.20824905742805042,0.14901306124547778,50.24013066446733,30.745078598751945,51.90397883976567,4780.479710122289,0.3950021046035741,0.6240602607944776,0.6656623943241752,0.5829272511712643,0.29709171838345894,0.46725921969342293,0.3404519170291464
6.163689995455898,668.980241160598,17.932525784591814,1912.4052328591458,0.06282763798221082,0.13744872683657297,0.16853606250108638,0.21945436969493795,0.15028223412554534,0.23319910894294038,1.76956493375702,9.87172031206167,9.039181989300534,20.32280203051799,0.03698386053539168,0.021396740685180327,0.03050702375487178,0.034030349619871086,0.0655904857249292,0.05904383907469117,19.713185584797365,25.69307898172843,20.490182082638405,2192.876391095074,0.5321162436026523,0.26686172356666354,0.13921512614873202,0.32980455268717396,0.25354391462180637,0.3475246742319117,0.8465892897668232
51.91108635697713,2321.2798696702303,59.25022164943563,5362.057217855079,0.08260583961068156,0.34813007585323247,0.5710521516146273,0.7447073043181253,0.2638086355528228,0.195674206421785,3.0962415523988245,10.157891482631767,19.65621969069081,29.54932372890123,0.026405398738691407,0.055484212871113096,0.06251474777409838,0.07238279001897033,0.18508592981484928,0.06824617250876444,59.18751693490767,47.16465805106303,66.75473750108569,5785.38242506803,0.5137871653102309,0.5785281081386661,0.5435576962655078,0.856242548289904,0.6463216683441239,0.3109219371257521,0.22964130508706587
30.957224920858103,1264.1746029772428,38.340006379597625,4191.529117857669,0.012946101692373476,0.08454412072184708,0.1881891073978268,0.2402055951232036,0.1788334663805016,0.10541641007031044,6.493189661191407,3.0901456188311216,34.96189429434015,73.13346735231373,0.005286249761121723,0.011720235868764563,0.02539863213033022,0.015857568231160402,0.04137320602908546,0.022557720772581082,39.23928793972076,19.62565041404623,37.674323379647774,4202.046113269464,0.1124796132415388,0.19545387373323572,0.14187928598546176,0.21981502166097927,0.1656602264272077,0.16720416711998348,0.768592618357084
72.16343631670088,1353.838953904259,81.24766477750343,8343.072488026384,0.129525205485402,0.3999396180644707,0.8242212497745903,0.9271000073663681,0.42383868286657556,0.2505222425543156,7.692123068768042,3.7427071686532862,35.4775231393639,74.68153154866333,0.018570487907749882,0.050859007463338844,0.10026794737399805,0.0502458759244122,0.15061721411857407,0.06280660129816361,91.28249119435611,29.2440625321664,98.02287513111594,9284.856347425575,0.6855109677795291,0.6754428961054477,0.8994419865055336,0.8559699375472158,0.747302762799566,0.45009538345184175,0.265240049506689
70.55528701532106,3302.1860884623534,74.84576194141907,6212.842761365043,0.06432716760232161,0.3172336083247923,0.4127207484718342,0.5618217478398524,0.42895421387653376,0.1833871765837442,7.407258937459969,14.714707160123044,37.44682975425065,72.24800372104995,0.013954319866551292,0.07429943151797301,0.05841740433884587,0.07830620174439445,0.20357156138226906,0.09320597529150744,82.88369664819956,85.26644195490698,80.32063599530039,7393.520196650677,0.2754243563688738,0.7180360870134227,0.45715031419643887,0.621248322201067,0.8661188862535782,0.42204481291825086,0.07437637769010341
14.188990533129024,1955.9256748381613,25.961400862495733,2616.7493504732947,0.03619194803819511,0.1589705784895164,0.30761372098837386,0.3183012727149371,0.1853270841428694,0.21493727569126161,1.6790078062373892,12.03414951014134,11.58638472317694,21.14043604529527,0.011502828895447985,0.05718679775019263,0.08933535451673243,0.04340611376996978,0.07828837344087583,0.08501446349150607,19.316090886461662,32.481527862784446,20.516269541867604,1857.3606376701998,0.1361625984936244,0.2662393380176376,0.25773870560128775,0.2268625656875637,0.1529031257395718,0.34306283881675165,0.9343330995694981
40.8817346244727,1619.3326580391108,49.4516948242017,4976.330387813446,0.19841892203578193,0.4667876178044235,0.7303484905137464,0.7291204532201027,0.4964639876695921,0.4006648669319593,7.40692461105465,4.017115541121875,31.168914093181,74.323743079711,0.013459172582385511,0.07967998447290027,0.1553868966824488,0.0736105517350979,0.09092483227882349,0.11261585793793562,63.71162698258821,37.566982262996646,69.74220412977223,7181.94559236468,0.9793172347622535,0.9800776949726999,0.873027502571411,0.8883282437889312,0.9975848513351415,0.9603570500922536,0.35252557685390856
10.414904910832512,584.8901402040633,24.750343649983392,2433.8787477909455,0.07032174914229837,0.20703504816109633,0.349779699022042,0.3557183359895503,0.39940273352204725,0.20811991240853442,3.535864876477579,3.834045963775243,23.774094533943238,42.5902374596013,0.012088846931290101,0.028460236717413007,0.04014451099441657,0.030782278218857543,0.2237810660319411,0.06095097546950063,19.051802082404024,10.019400665605392,21.595342266027988,2037.8785439348287,0.26645346909102186,0.31859557757115725,0.3137908904796128,0.2775990765389104,0.48892275153755904,0.3397847164433167,0.908019054439267
32.78675484530047,3621.769504276307,41.16331898946374,3952.59403630909,0.10938290185918847,0.36917396219215787,0.7013390023523366,0.7168503071956417,0.21687881237070256,0.3619481395710825,2.6963404727893994,12.67110491622134,12.051302029296078,27.13232283480803,0.042587332869035724,0.0599713047725258,0.12000433846008329,0.07939570997121327,0.17841665564971612,0.14112330760597713,35.58232793746753,72.00392814731146,33.11097345150373,3215.6453438156577,0.8042191668067958,0.6637244255474877,0.6955515244157882,0.82409530021468,0.3423894012414117,0.6527398279974739,0.2681661100774958
35.13082249309239,1549.9825087454617,42.7775239865255,3997.832093538989,0.030495665437915008,0.1735774807446338,0.36414182304934517,0.32770584744860026,0.24395353739292808,0.17826152983338367,5.578951872015175,3.9154612527422747,29.310407890343807,70.4165834059408,0.0056239753910226386,0.028807245399776665,0.06219175813269997,0.027765390668467692,0.07053959719824981,0.07734443494270948,49.47770155425105,27.694607508164598,49.515113809185806,5021.819279536142,0.14513034278494433,0.4753764185536534,0.3616503307822861,0.40324827991803797,0.2941977947014126,0.3308075931271831,0.3789718717169373
81.84693725150663,2082.7246727208367,83.9256774530334,9027.140662610582,0.09218066849269577,0.18074473810935937,0.4394497577205119,0.6487895216482762,0.10100535535602764,0.0675723751659272,8.966867157593283,5.570147939110756,35.442964356864515,87.52883122959831,0.008247839885393725,0.016678696037972028,0.04140153973851534,0.02438393310315713,0.03780498028703854,0.04951571185296163,96.58410263959856,35.39476180511271,93.60490421129624,9609.210064922805,0.46920547067521473,0.26673024275855817,0.3082899286910318,0.5418351529246438,0.1892607481221828,0.13629897897379278,0.40890880551072256
73.35753048346996,3603.200018479286,85.17023631192414,6913.717894005244,0.19025571628338775,0.48472023837976363,0.8113950022931463,0.9592739824895182,0.2854375929149331,0.33949269237306584,6.37996716960487,10.384676671523211,31.1097480291501,71.09140613041815,0.023967890889478878,0.08430847033319727,0.14586983438806625,0.07261880516234447,0.10808713724770794,0.14481320285057614,69.30651389829981,56.83446630975342,73.75453923144202,6307.053896985374,0.8160789028410891,0.931894218257471,0.9222927910849428,0.9077901221915691,0.37650221389482846,0.8706141824560043,0.0761965998624704
32.48775040799891,1091.1686567080546,38.25344513459018,3855.3104510735925,0.09546370697675943,0.09730016993195265,0.24107198133304947,0.36697269261878684,0.17948572574775964,0.11229156765065433,4.268837699753987,2.94385131353963,14.859969977609397,46.38631158032994,0.011173311540747173,0.01891995074174346,0.032061635994038294,0.023575496778727598,0.09725773091610908,0.06763118509376535,51.22256122152369,20.767726178063278,44.44557427496876,5164.900826757536,0.3939527119270732,0.31306684369465837,0.330898035548309,0.4111785291870181,0.624786886927862,0.4658298147428252,0.42096853969392956
33.41867149035635,1907.498059968299,40.932975284167206,3834.7844107483434,0.06444692542149436,0.25782852354119495,0.5016855429736201,0.5595985407559378,0.1398589286623755,0.2878408505272135,2.5283033017739975,5.650349331223648,12.199725520735262,29.22434417877635,0.02809207521666126,0.04962056423076957,0.11775999147579487,0.06510192802332292,0.05102984790380993,0.10421978430062383,38.84073127087323,30.337628127907497,38.64821022104351,3693.0350333018505,0.6288694565605477,0.42606944138201935,0.46262795923023886,0.5601154507170473,0.16741990696601297,0.3796265936133721,0.5448772615814594
10.612891025283647,537.3923430515821,22.848902075188963,2523.5568946571016,0.012799282337735956,0.06618066632349447,0.13996954876518308,0.11680089692532743,0.05604266305138717,0.1166245062826903,2.411890739278064,7.329475110875602,11.260322992092746,34.191397804349,0.008578037666378352,0.02219053615020705,0.0694965067700095,0.022603223078318215,0.12080089387075765,0.06646493926845899,19.1793197822407,10.937784559166861,17.079134955058816,2302.9065674460476,0.11016321747841161,0.13124058442482572,0.11683637112805398,0.11321045431542069,0.13896333234802727,0.15482309527305763,0.9931888885378211
34.868141345917884,4228.683000600189,41.71838439434733,4111.27403805172,0.03646076556100373,0.19981593507891826,0.46111112568678403,0.455233021251841,0.33977980347107395,0.15492305119774932,2.8810570202592696,11.397538929936903,13.917669699966902,30.047341769013336,0.00976089880761557,0.02553080312518197,0.08597140425667005,0.03489383417829744,0.048300259936071704,0.03946278652175283,43.00326510260445,96.68874523216579,42.03562155595467,3871.1165822316716,0.388439645076769,0.5493598381801605,0.48052621629401365,0.5351606314256345,0.8170662297301269,0.3552598775602569,0.1696977619533861
15.963756383644904,3108.57061875955,27.45189698442772,2977.696920310118,0.18157617886169689,0.34538360121940065,0.6876444426322735,0.5082428328125287,0.23571627628755953,0.4603185152604848,5.975243327935725,9.203900300910774,29.453475420597417,72.11637347389183,0.03186953213758493,0.058930900343987194,0.1771865936811958,0.06970828135344449,0.090653803176488,0.1762880123803274,31.8931441661938,56.9877306853879,33.423012485356544,3612.4420343039064,0.8302938574528697,0.7976349288523034,0.8422202733706576,0.6668509190586367,0.3252899559680395,0.9882378530448296,0.5937820343074199
71.08801193572093,4851.756994306946,83.1966422021534,7832.865692962143,0.07172356525592204,0.40376065466976496,0.870840495425808,0.9608435371203018,0.21303654317149404,0.22545533455479516,7.603161088951796,7.591004370330619,42.3386337923174,77.38701461367114,0.02679797057409514,0.0857998741530702,0.18069225613846823,0.09784744272149457,0.07965595852906622,0.13967188820470192,81.73099590204954,83.00227279719566,94.4228188254976,8338.619256047717,0.5279490298392168,0.9660368744956261,0.9718199602367856,0.967067436719394,0.2914256247755037,0.6609215506353976,0.08552647684505432
2.055511430557352,1687.9947223297177,10.3346639512507,1459.1722264891432,0.04091389431924608,0.051572822137061804,0.10266081542229977,0.10277804695432832,0.13305758143330923,0.19154704571923156,1.509318207225431,4.711984101385631,8.157949817085662,17.634714629243337,0.01838543055841055,0.0182947223758071,0.039140182541147206,0.013763682926706112,0.19857449696951565,0.09048281800114061,12.437403058731924,30.782641425878786,12.437716607877272,1296.9601758334998,0.3097750749032625,0.14843321296931836,0.11352159217389819,0.12597880535453707,0.5145361411758845,0.3000890154401864,0.9126859348708488
53.70893062148595,3804.1337905147802,55.40666812200468,6421.775076644336,0.015430072209631766,0.10092329739627781,0.4098654573482214,0.3953068345989576,0.09764813457479504,0.06035872458652984,4.375233712727257,5.188560235111315,21.543646642153412,59.44569485787316,0.02154928779063065,0.030151559726359724,0.09449142756094185,0.03857536790956111,0.07718078938149894,0.058997631337092064,52.53478990145755,46.8164813477679,48.48913539664124,5446.469166911201,0.1344822209906578,0.13818906996122768,0.3385305326592833,0.3399100703164415,0.11479741453772707,0.11554321613636577,0.5488083360778447
90.6086090177099,4579.176692710026,94.75984158843218,9452.352015199645,0.14977981960386946,0.3057641366757239,0.5567904726925446,0.894176156298407,0.1950940265882556,0.08860072231836176,9.49779896828016,19.13559438319714,47.29304467026189,95.81197394131378,0.016461363407620506,0.0509330973078118,0.035958655344208446,0.06250213589464126,0.06919189537284756,0.04794087595999744,84.61639162772657,96.76514074308066,85.45767620413065,8658.765152876906,0.5041965305088831,0.4161340531538038,0.32786298220920396,0.7195227080207409,0.23402870362651373,0.20759101368431354,0.1734947139902785
22.3608137828096,852.5094611244385,30.410091626272287,3314.3994792626086,0.057352563731029454,0.10407367589802671,0.3018343445019814,0.35593521910189824,0.07602525648481491,0.13120345845439524,5.193998105053174,5.463213766964402,25.838371120734678,44.358189637236045,0.02960705990339306,0.035800745665383146,0.07623087805969471,0.05564013136971383,0.13947013885194415,0.10100868639487019,30.778774247711368,14.040149462101205,30.826698147702427,3021.646993478039,0.2520817854578732,0.2653869846725198,0.37350617705538064,0.3043977790049714,0.2027615841444216,0.23976736269596616,0.7642060735863727
59.63394194007717,1022.2823776864647,61.39385996093289,6247.391484597368,0.01705086482523715,0.08058412781386508,0.37584862980970407,0.379515705275095,0.11686666204309587,0.051321294667276196,6.712912993752496,12.04201360010588,34.43678437928827,83.00154420035837,0.013015859680331683,0.015972507327968195,0.0779500886983098,0.03878710033358407,0.06787975011120281,0.0347125833774747,56.56505721088444,31.688967143319577,56.213272020518765,6121.3464179213515,0.12185330464288327,0.11588968024739406,0.19405160088009107,0.3264408218770907,0.11669896315039273,0.10226102972481677,0.7521100717450754
21.34560525115804,2472.0285003293493,29.90226680856568,3116.8049047761297,0.01970710805083523,0.14410935454448534,0.34982905577816276,0.3465665782595736,0.3592958545242592,0.13904683157957765,2.14402703110501,10.708230232672902,9.134115671537227,23.372699347318438,0.019015819792147833,0.023719904002262385,0.09240285178188136,0.05044682307166751,0.23373990304341058,0.07443237874435624,34.09979650824432,66.34738792808979,30.453844429122594,3603.923592889964,0.3542272369545839,0.35150573233260873,0.46494619549208,0.5258048041209926,0.7455334156008842,0.4543138400047394,0.3821649137489803
21.681804792359326,1013.3677645839974,28.860772809964807,2977.1406324281033,0.09136894093617119,0.07514128270844195,0.19443744260732462,0.28823815170579425,0.11032994957545937,0.1386496270814401,2.2874992763188597,7.305972637215034,10.34959346563195,23.384532871412777,0.01417817984532661,0.01458406131854745,0.03798390835534928,0.022412756499191108,0.03818517862000826,0.03226588803410771,30.610748962830314,21.35550599132384,25.245721595139845,3036.0708622926454,0.42564175896246054,0.1354768475649313,0.1895638365208677,0.2549818991475621,0.14366234639332015,0.20479700738890005,0.6144811001583403
34.20160506064349,3876.028285647353,41.31421345960809,4474.492535902728,0.03238105132829125,0.2406441109634764,0.6003082056702842,0.4239804201727845,0.36195300410532477,0.19294866230514926,3.266640114015446,8.983663469043245,13.505832793907508,45.05255408103029,0.01478522772758953,0.07460329405543277,0.1910152859082398,0.04159414319626358,0.23405970835262882,0.17298086765240903,45.76164263374955,88.00924799921461,42.71857057273703,5247.344147444309,0.2611165741379667,0.6780121273521259,0.7784873289572803,0.48002220824279984,0.954706792781164,0.7538606667405637,0.6050251227008092
80.55558228724557,2462.270129987571,84.50295532621017,9092.370777532375,0.046239201535678905,0.24138614859433885,0.5498114449319946,0.5353411588590522,0.07870468984115936,0.11487062998538958,6.700795072603911,10.857606137475836,31.969543567425248,78.74417952034847,0.030771261874286956,0.0427401650958518,0.08453734399582342,0.02732360638401355,0.20538628793328084,0.0708796460978827,87.94872382580573,61.088814994105114,88.33276962070966,9211.87877350373,0.4243060988235671,0.41677545822720946,0.43809802322102315,0.5316734191752244,0.5305327019019391,0.27182931924331666,0.3934753764027355
5.851733320629587,1780.1645710827345,15.145049419166869,1601.291633751066,0.016126417513538646,0.06330907881891894,0.1512050446831321,0.1101960208642687,0.057645145340881554,0.21393170499525868,1.0271864884134643,2.8444461948390103,5.0650619501803575,10.165536783813637,0.01082879447472614,0.032808408710433175,0.11153914562871442,0.019143374684110245,0.03830468001784756,0.09594548942902474,22.80036039365519,31.673523477548912,21.11342319506173,2392.1394715486185,0.26834349094056353,0.21600438296830143,0.36215497673236796,0.14193695252016542,0.14982917707102142,0.3627709364570189,0.8041979997897899
4.011076243967211,795.6248128842034,11.648510700179664,1083.0045694023931,0.0139025644928872,0.05774718485506056,0.10047339522893606,0.11034694536928262,0.09705991327625815,0.14449894472637617,1.5169168522831693,7.414419689627586,7.847758181351729,11.533337194450008,0.011552606525577649,0.017977541835396346,0.027044474284551992,0.017067271695183704,0.15959439937065403,0.057616032531582206,14.194094021102645,12.387301470798734,14.66047308846275,1277.7493100674292,0.10385044961607869,0.1116283176704969,0.10440144193883855,0.10278700315763878,0.1876726214040439,0.12145666967310863,0.9899805283661067
14.468527339708151,1492.7117337890397,25.26669542702133,2505.817835004323,0.09935058156113169,0.09308670277700172,0.21674240455436644,0.31951655887011116,0.39061532037959434,0.1760542717334799,3.1470014196089333,15.91693482480221,14.845150146704725,20.51800048608857,0.045589345247340506,0.021696849562810414,0.032731756745172404,0.03046973438354395,0.20822590107109254,0.04942104638320115,26.548770179115117,32.00327542265527,23.343415418634958,2388.9844605838607,0.6996061492242611,0.1685092870340778,0.14314294274909078,0.2106563029383814,0.562883389514425,0.1992153070353115,0.7841964504851314
38.60920897692218,3665.3261263623945,45.467885881319894,4873.533633077169,0.05716406540676848,0.2032251085320745,0.42279769247854365,0.3741449977401058,0.14026771149053685,0.19836460952339624,7.950943781646951,9.524177231790619,43.389497263360965,91.22122774852316,0.02178694781436048,0.04222498078191734,0.10681330230029915,0.03532705364986611,0.17188856461530394,0.07901164430397573,47.53001952116126,47.295288452256145,46.4593488426949,5247.47908577516,0.19893356231219808,0.35636944988830827,0.32723426055481497,0.2829554867062583,0.15615894633653216,0.22994058288027888,0.5390977325573121
30.133242956005432,3541.774664328459,39.173245589311605,3970.2977398679136,0.021234493643225875,0.13210137878436248,0.2452348440328787,0.26086489187740314,0.05516210379070847,0.17130737316895145,3.787478748466502,7.063120815111853,21.305764300320156,39.882968089558176,0.03042657180061434,0.040864276056949485,0.04876727130153786,0.02661610680675781,0.12701992939210208,0.07753605219431772,38.806464352836954,50.83068597863212,39.908410431265295,3804.064341795957,0.20271353215757862,0.3832902112230665,0.337218627809225,0.34466677855206335,0.15611420522468789,0.4109486070603984,0.6682060755443142
63.963751492673495,2284.981029640804,70.68305511203175,6441.384729044904,0.039151290135537954,0.3399495911161073,0.530078823813479,0.49778240398195267,0.25071096439945645,0.15742616971786924,3.565719263276376,2.233195674387913,24.936972794372668,48.248280825428736,0.009516206360320318,0.05222831273598449,0.0716787212048422,0.029772247767198532,0.08184984277661032,0.04344182776994769,65.77469520277204,38.98337243124559,73.62860404323379,7065.450821173606,0.38770557715938025,0.7493247014463381,0.7016785828817741,0.6678827586882135,0.4822190086614594,0.5493243972824371,0.5364184764979121
24.56514057168953,2013.2633165152397,33.24064755777984,3289.3919955098454,0.053016554074165397,0.1517281242591475,0.3095074172058895,0.3343246742262096,0.09743858289391095,0.12282271227709574,1.7972129960154284,7.083448463321794,8.871571932552017,23.879915320136714,0.02486755277740681,0.020177629397388857,0.06166559426158149,0.025643503161929038,0.03156108411709336,0.057501771786151,29.123434811431004,49.565293175905026,28.63515440963905,2642.5388269061473,0.6733860259506127,0.45347958678354894,0.39876708325824256,0.4556639310347473,0.1812208942039944,0.35894960745093235,0.5358215126926633
29.988863137899987,3162.7058272956756,39.67457147710456,3390.293406836173,0.03407334719809988,0.3805823616321022,0.6910871414367158,0.4937576038316902,0.12278387080780188,0.3545934945940092,3.2914330394746494,14.868565618967354,18.958407641111503,30.424516668419535,0.03876722319273019,0.09948493813292485,0.19138977888449318,0.07685038386192466,0.22651368968012156,0.1986612629447712,33.933543231520254,57.35203752544481,33.990461107969516,2922.4534863575795,0.23811342920282727,0.8642846595912727,0.6843162528066735,0.5266724575211504,0.23453416476520264,0.7869542536969559,0.5342607639957844
65.9886094031411,2672.567746502713,69.45551246396839,7391.988763253733,0.09990316250172232,0.24558217722243184,0.5126203285014729,0.5408311636496679,0.1126461991687833,0.14523027241570755,3.846369927747903,6.2144963290409105,15.139382738871172,57.63884408340425,0.025338287423444045,0.026440376432794496,0.0898965772544146,0.020380118827886998,0.059905324586784534,0.07265026206069113,60.63081883071992,51.18598729252613,56.440625257559624,6907.710521058165,0.613659245329041,0.4923452231489369,0.5349043538662783,0.4738458834741202,0.35855340410130543,0.32128841921731693,0.6610386747243496
8.778232489032671,535.0948897610459,21.52150116548526,2115.180404560877,0.12131120834025086,0.17525803661579692,0.31347736315179436,0.2957667299149943,0.1065603239880109,0.251474163816396,2.264556043145062,4.364576994968492,11.657496443602007,18.685132335272804,0.042044738511322975,0.04502421390002743,0.10524288801183343,0.06824827750219563,0.11452690093540918,0.0799933420468916,23.95177785472771,12.534115650352735,22.2210710445482,2425.7247848239426,0.72040196299941,0.3748474609301035,0.4469818784222869,0.4332281686258453,0.2759586081434118,0.3121887938033579,0.780656810527818
49.597568848508274,2679.0977630722623,51.66498806339804,5259.712593296262,0.09832428833085312,0.173870346370989,0.24466411746293473,0.45664737912961106,0.14922805364226932,0.09658660504581001,4.413580918127499,4.897105285355971,17.761003872340005,45.34486249879419,0.010272836541691272,0.014541009164003584,0.025127149764534916,0.0245408684802935,0.032432812905485935,0.02991891345736472,73.8671504311764,66.7131918906318,68.82237686009204,7794.939075133032,0.7250341077928805,0.4067401534568665,0.24197291472265534,0.5678804599652086,0.5269109141500488,0.297030431221281,0.21286577351276192
37.669041851734946,2440.781873598856,45.75447267151983,4595.566186555823,0.06306519652030118,0.3140190131037163,0.6774565095263623,0.6814705448183171,0.21473547462342987,0.2895020806134735,4.1491962725089,8.319104798561506,25.075698995960952,43.11857751079645,0.019599744160855664,0.05606668622363283,0.13329244240961607,0.06234838525034582,0.1405720702446377,0.12047736709475666,51.89589937075986,55.9734845456359,53.69466077566823,5389.06200809351,0.4126782474388213,0.6137650694703601,0.7800784972847492,0.781125440759666,0.6960631406946753,0.6470393442915139,0.5309479304148796
5.118346164714254,1969.3706443199765,14.71394736616471,1301.705834125719,0.057186831051526305,0.10645280293764185,0.17658260436818204,0.12183421669400012,0.09009322692048992,0.3273089514977922,1.168968274282885,5.853901551544648,6.374921705515127,12.78698498216615,0.009702037154194865,0.03779499145212013,0.06909512358184058,0.014408879559270714,0.03310481223125565,0.12400909860855808,24.147880454892768,52.74830846319911,22.433518862384652,2202.0709689988075,0.590953285931026,0.5092467262945356,0.37727029455471417,0.224409770823728,0.4730323686243392,0.7851419847275797,0.8480852889548154
65.0501450660087,3522.3211003148285,69.88071467802634,7004.06694716796,0.08748896626505813,0.20449713394971566,0.5582792461334745,0.5797078873557917,0.3402238388531333,0.09538735073470161,7.420258148649812,8.335205238141347,39.03028271918123,75.68345709232771,0.011464589873502396,0.027984061490781233,0.07824837623653702,0.059833022915986946,0.09629577642575401,0.03311733350764327,82.61682200065817,79.06345654734473,84.01851724568459,8646.438705497183,0.7016803212643846,0.6137012962722258,0.75727741606046,0.7057890147397505,0.7347479356911416,0.3036871481530312,0.026439770731529366
12.90554194235961,712.0753437249535,24.23677547956915,2294.1746183528353,0.014252190187233367,0.07409093407885194,0.19468199018950458,0.15821996585175557,0.08578216457023792,0.18512801905206533,1.5648176537162268,5.884292991397949,7.894405125644965,17.75113583154375,0.02630923220578948,0.033063890527678684,0.07566501883456218,0.021608130771009437,0.07258435924400287,0.07967499100129627,17.27450316542019,10.419972567672565,15.373399174660385,1741.3246414598493,0.1434349114900167,0.13698054368632812,0.1535189229793849,0.13004252809546343,0.10493895966512144,0.18027287517006038,0.996451007724126
23.618303958003967,4097.95152373562,33.47439771385996,3558.5567137980916,0.03598220423109471,0.17481821235983827,0.3987001752963732,0.3599719105909662,0.36048379201069114,0.18984182558914564,8.005171433265339,19.083227346222664,44.43035804861844,75.16865997872509,0.016836635839150724,0.05876885078514283,0.11042098787383624,0.06247327118657554,0.27039282501787265,0.1431905267104722,40.49826697393366,75.49868201050805,42.776208357061485,4759.3208715703795,0.16947774041565067,0.251974248950599,0.28549081551327854,0.2459295230385708,0.41995373008167114,0.1983356464237817,0.8092586929508806
62.062099219885575,3627.890555777976,69.99400110396496,7262.134974919433,0.06690468391090106,0.4060190840884811,0.7441413282499023,0.6696316345107315,0.12156529901943734,0.25257913739816157,4.801808810740898,13.207729881590176,26.42865504270226,53.69913784320792,0.02217611352278839,0.09358699193890552,0.18824969977640962,0.08521288916901557,0.10425556132059649,0.17756196356872983,62.01890706505253,80.9327829142218,68.98691425531221,7124.270220701004,0.5087103648482786,0.8209823447670535,0.723315943206342,0.7305509656418652,0.40168821699175283,0.6490049516246915,0.22909808431884182
8.77844508215293,1394.344799975768,20.186762741339752,2359.1186705838086,0.012116717545913803,0.05892422067235827,0.13595447570138214,0.1186506398390169,0.11314398351622967,0.1673402575039217,2.307954645312755,3.233453843083945,9.289441337820769,28.344260599739822,0.009379989092054376,0.020122096059346214,0.039175818013387716,0.012095275115380156,0.06761920249662386,0.05414398674298092,22.122237517800972,23.108051272412023,19.044790103526857,2377.9918784452593,0.11344643925547987,0.15071727325328288,0.14708023025113917,0.12824634445371916,0.14849803084198385,0.20261433132764428,0.971862806717271
75.26877793320173,1282.9894640119958,80.93451329495831,6866.360820019627,0.15859899503340022,0.2310732703437573,0.4928467482795298,0.8699181663987031,0.29761563938470065,0.06137661778532115,3.942276652256913,3.9909623045260276,17.851211216875573,36.42112787368337,0.014730647833395154,0.017114023622959298,0.03812840988864747,0.030574978337776275,0.1554966501928498,0.03205331929620897,61.75538291523269,23.072606507860705,59.977727519952026,5136.62507219564,0.5220968358978032,0.2812966855480031,0.40611966107984204,0.8034468588326522,0.7647864442080471,0.16156910913490793,0.38511344379444357
79.58448789949011,1687.6316285786054,82.21641075222506,7629.573460126246,0.022739111193115343,0.19305372162197545,0.3125669888565077,0.4055590520178599,0.06355239399452042,0.07353851937542813,7.049610469856813,10.31955049676176,37.7650677693114,71.77853357385109,0.007794447363561875,0.05496896288576613,0.0748502575526122,0.038044445238504566,0.1242387712040894,0.043301364666240634,90.37844604654673,35.56160747805606,88.37718321197387,8777.522643186632,0.17361298722489005,0.46625123868952106,0.38905706995974093,0.5454158146027411,0.3356026791550246,0.24957723533964268,0.23902328688856023
69.27406769202277,4236.732902260559,73.49102290612443,7114.230452376245,0.02369121790972597,0.2391750883223892,0.36471390307697565,0.5054809916586057,0.10464988060296232,0.1335415040404923,6.44248001250046,14.19607394103036,28.585033767537855,68.19585930043462,0.024198831484849154,0.05199003221620604,0.059359280635299015,0.04905182096138409,0.11646819295292946,0.08760662985042994,81.41076483683884,89.77463310342122,77.88805451852525,8737.595282887418,0.26506796622690015,0.5046365115211167,0.2998806768215351,0.4564474723844074,0.2731837019794121,0.29541162260718473,0.31227655779445596
29.564499919011883,717.5685661698177,37.67247680562592,3497.697926564913,0.1292755039810031,0.17409674165841163,0.2391930705337462,0.32735052175369855,0.2553787300561538,0.15117561908619742,1.6900664918219213,2.5211835948249384,7.7107456880281635,20.58107257330889,0.006923104051187558,0.017921781157042363,0.026894909879470793,0.016264414101580568,0.03422358523991474,0.026068848202632885,36.15009557410162,20.00707846434538,34.28503831252149,3553.2264742978127,0.5623431603618552,0.5558582058376226,0.34436941524451725,0.4538348621628748,0.6260854660571876,0.39688809792577906,0.8051305538098928
26.559969860644543,863.3302712953349,36.22554243122156,3867.970361261859,0.029512217313916324,0.123313449375727,0.41347568306699645,0.35383277630826293,0.23201871664752988,0.12838159349390516,3.925128751362781,2.7048275014351053,17.18056074650298,52.06221095687625,0.008364514806204457,0.03400346331886027,0.13826673304097012,0.03454171473355144,0.11800398165680348,0.046468179794655666,38.3443974549905,21.282408894817866,36.1609531528461,4343.293537784431,0.33708796215934383,0.47239798208098827,0.5200959977716522,0.38490334550103206,0.6467100263217159,0.3727176774956295,0.6395914840276365
32.044239679099285,4305.3683805141245,39.32379685132601,4168.936074045025,0.10986061151627251,0.23748418264824467,0.31416211935036686,0.36717699141122384,0.10594009125418932,0.25923767426315303,7.494271858095563,8.553110898156117,29.43645007342436,77.5188823765848,0.04263769858154427,0.05839231240958325,0.08456250390708846,0.043644678168102524,0.21561776469494623,0.16815207362142828,41.42978356906643,60.04167532775122,38.826655094255976,4330.327667331566,0.7252420513074503,0.5122544789816764,0.3657390137266787,0.41033049003210825,0.30895576893615406,0.6542851245015904,0.6212164027978276
51.16786867271376,3177.5431802776266,54.02734341699663,5308.887311053771,0.02972225242525847,0.13890875642237935,0.33316396380161706,0.36626994227225573,0.14982516717200936,0.053168598442887675,4.014030279876655,4.434872582877612,17.204653174071037,43.655367175113966,0.022458673152530556,0.03135340604267657,0.047766252212807475,0.02811195385875302,0.056769379426489144,0.032006684689778214,56.391792719130116,53.62825476676152,53.36465668041814,5182.056881124483,0.3519869132315387,0.35751109016543126,0.46058846926738733,0.41081469845953733,0.20679665535671907,0.13134859370785254,0.5696265760022008
12.051276703700026,1811.3805000363334,23.998835839614745,2647.0271834397745,0.024768094503960513,0.0625262535063591,0.17046982787143425,0.14786954817210923,0.18142196487845125,0.06709359221423573,5.581012824222002,8.549893359392646,29.48317667905531,71.53381663256336,0.037443666866738196,0.02406713509881608,0.059871873387011484,0.034213906510730176,0.14888477246838672,0.05903960688357576,24.90417355709857,30.48649337816616,23.601288926708076,2695.612184762243,0.3408069004278516,0.13107777039594107,0.17702971394429928,0.17255062311695452,0.14447617931846685,0.12593700785158685,0.8947676520304098
25.818320660210627,1499.7796124702734,35.586812216259595,3399.5998523681183,0.10397514260644367,0.2600764530637159,0.37801732993200593,0.3540311968096997,0.4094421283654127,0.19131348807710916,4.560600896892326,3.938544265762591,19.869621677580874,35.33409555229114,0.032538195243906165,0.03795210256768439,0.08821451210010943,0.056902542169956306,0.09831063014036193,0.08128578281512916,36.93344938600719,22.446526787553484,37.448578862423226,3285.9651707303237,0.6494251122196535,0.5370926621001947,0.5561605213649434,0.510078843306765,0.4916676727494333,0.5693534198524103,0.5769888791023495
53.418243357305016,1790.3403469034388,56.79726579882831,5413.265844501314,0.026914441448544386,0.14983725201133533,0.301883125754243,0.3584112530175697,0.29945267013082777,0.11222628278459343,3.3830603846119485,9.783047312891776,17.58835456684618,35.00414017423332,0.005535221427047479,0.04818292207999757,0.07078751812715561,0.020513675757068917,0.12318187648643389,0.10691186036564598,51.72460399903525,42.33544356948936,49.45503644436477,4848.5949930144,0.11090157609028596,0.3232587699956451,0.34870442232679266,0.3396014497864858,0.5354547323245598,0.2085766431671238,0.8626766013242393
28.751571215877224,4066.8841467172115,37.85247192264896,4003.6200989065655,0.02152902716619358,0.1449036710777536,0.28087539488016267,0.2483646872480129,0.08233597615089037,0.19427644463576657,3.208677700981821,11.0640708503353,21.17850444142069,50.387280910611445,0.011005431422974752,0.04509939369614421,0.04953106473063539,0.024856291462139888,0.08700346432378435,0.10660977837726092,40.92194625348997,84.50127172377516,42.44481284268246,4389.493746085626,0.23551574110118084,0.5750978074556907,0.43377138220219524,0.3821852590998487,0.2919508820986309,0.6822324571854738,0.3484711235822517
2.1848972163005835,1970.3609820690615,14.472749952700365,1311.7170099832529,0.1345456482966393,0.21582109162754212,0.22009457864132578,0.23431567163083591,0.22981811711811315,0.45864875624349727,2.347494267082117,17.886685309957368,14.340077845874218,27.593170324511476,0.048925430705985554,0.055713622213529934,0.07961034252524372,0.06145436535436598,0.24023213908524294,0.13998725251977148,10.472195219746263,34.73099121345511,12.048881770464654,1071.2627458497514,0.7262278207117686,0.33234313440117014,0.2425050490950427,0.23657214899314086,0.47377554273870176,0.5954590202080537,0.9362501710306159
20.567122745035086,2285.618682533564,28.191510832612966,3062.7315582794,0.031300107609098925,0.0790731984607111,0.2487742518974508,0.19378036437205048,0.05881605818676358,0.09649948955944872,4.532790487315669,5.904896080078288,15.777644557914053,34.08637867828843,0.018526280942068044,0.028935991495711806,0.12973174060458872,0.04705762913498879,0.14441828367884407,0.0548795587633617,33.300845032612806,33.99194440609903,30.328837636915548,3163.2587233559784,0.2022590446614513,0.2182958326586102,0.3576302885864599,0.26510765344166826,0.27363501002149315,0.15860678841840842,0.6302831139833014
28.503254158767113,1046.4561300504383,36.66218844657016,3332.7219670785144,0.025943770453283808,0.08229436134553503,0.18536088049217223,0.29989214292775995,0.16521142108389375,0.09727175375557866,1.170235316161448,2.4477756107648627,8.036031527979162,12.937338047600292,0.016763164599685975,0.015044084932244656,0.030569858031040915,0.03436920159220513,0.09994508933049577,0.027405691724595702,30.658048528461872,11.768344231123772,30.227295846026866,2779.0853863505313,0.1510184239301713,0.11266241003681404,0.12679983791371668,0.3074478560616321,0.1747832557201899,0.10853697920995496,0.8724808099914577
4.215571052809789,591.8318023495425,11.735448313411865,1449.508391449284,0.09193035445362598,0.07347459201230916,0.16848954155502063,0.16058717108812795,0.08597976362791429,0.2467114737206349,2.017581097774385,4.069545990229785,7.741576779094428,14.568834038983503,0.04320480841139984,0.022883046725864706,0.10211010051894161,0.03002886007624951,0.05085159599894402,0.14173758856988106,14.497432791108452,10.544457537154297,12.916493606496312,1426.9096809257921,0.5372578407519372,0.1155625876328814,0.12759683025564522,0.15601415299346033,0.12121896295159523,0.2633762972420909,0.843669274009478
60.217060960608265,2146.8433281708403,65.01544901269604,6430.015899203544,0.04698981968443335,0.23045608614416038,0.5378393443535064,0.49121733060078954,0.16778660796306927,0.15821247175044525,8.746875429420701,6.806454391342855,43.44793914197955,79.20487067742422,0.01468877900092619,0.06776436931398254,0.14087347079123355,0.06472690601394615,0.1919232909124346,0.09158598355424018,65.02506173901902,34.34576726802493,64.21477621682632,6786.801099693886,0.2954886279317266,0.44965913213024716,0.527062522673948,0.4552770472852182,0.45964475944277355,0.3303201271279263,0.29033094495659933
2.2491540744557543,1487.8247317091234,13.389908404695248,1255.5320754660868,0.09798691136361375,0.2509981378092855,0.3560195399959997,0.2761621825410925,0.3973669968109032,0.40110779031668825,3.176655716620814,17.508619142983658,16.248823628668646,23.75804526290325,0.04208769414529145,0.07388792943295802,0.12132822558770176,0.05888026756545222,0.2990202626999926,0.17093193498752948,16.27016211728932,34.884777093100766,17.894552866091843,1740.4403752663848,0.5024124462394122,0.45126920403788534,0.35525544899595357,0.2910913391204996,0.8881719050155338,0.5492485472041971,0.6043147742838781
31.606084426475938,2572.8408410000848,40.61153474596825,3591.8863361201948,0.08909715612228072,0.38521102920186684,0.5959687760147336,0.5799041262726944,0.1770608746843786,0.3902429196177171,4.894476734424946,9.570471797387516,25.672864914982302,44.84019180253152,0.0285180218229662,0.06183115833954043,0.07767976717532055,0.04730309710639247,0.16913928714650803,0.1568446747811739,42.88232578165409,41.51468708963535,45.75399598456391,4049.0856358722385,0.43251030928285555,0.6071200923324345,0.5439865287327488,0.5274468599944068,0.2997151434039287,0.5895110540668341,0.5991731284767025
17.940439226139304,2849.5664261398574,27.74213466935757,3000.989315864097,0.07264012146300175,0.1251179614393351,0.23770550308366672,0.32456204915809234,0.2552193869584619,0.1414660438098585,2.6092524850286942,15.54057579208315,12.575183873969042,33.97793504503956,0.01898148398613539,0.014837381316342393,0.022983157140258274,0.016381424410188614,0.18193421284509315,0.023846732548878525,32.46937893134489,68.94950012286297,30.16607216810775,3685.4665037246577,0.4182960240162462,0.27740201143545085,0.22246898156736625,0.2938636104186613,0.4229105270563048,0.22661640831480687,0.5251953276937439
40.57565994506357,4453.816187378411,45.10254358883557,4308.671428126229,0.014653989640033985,0.12324793253929134,0.21682588678409526,0.30010241566321066,0.22224362869463207,0.05685622452797273,2.5644714045275303,12.792891470268714,11.986389640989064,28.553758506482968,0.013824350587695657,0.03787812383926579,0.025987195447804104,0.018150788567646882,0.06992135646882276,0.026594759223645303,44.85786191842413,79.40111036023619,42.866126707478145,4086.4000657602405,0.1310193046782602,0.26062648102615216,0.18912702277453702,0.1974026895476017,0.27086362515266554,0.1133750423683623,0.4848131467038151
12.941587960259428,1097.4666970389328,24.570656663731167,2639.7369698704993,0.05888122866174896,0.07081135740645432,0.15823609359358573,0.1717473693216593,0.057717793372190775,0.09216626854183722,1.4356452491692104,2.4129461702817756,6.486627519120367,16.017004692315826,0.0323663253298959,0.010970177506837884,0.02433081864793894,0.014135434423309987,0.03761203977352557,0.03093321120860742,21.489722757367236,12.923461319361074,18.65514385174968,2220.310435823472,0.344884310117654,0.10856191143734,0.10896714180910094,0.1267314928796928,0.10710964132002632,0.10538510330971038,0.9345987124998201
10.938406928262062,1297.7969236356614,23.197821761999595,2221.724986448218,0.017429522485869875,0.07217233400080998,0.2315039582674554,0.18527723030622184,0.10951147377473945,0.08800565014378349,2.1872458400513395,9.178848092797958,8.78770855756835,25.608932181357417,0.026552368185986167,0.028619436706327248,0.05637208633250706,0.017423949159596875,0.052895952498371944,0.08308828797631806,28.79951512637406,42.65133564170424,25.18143274102095,2929.176587303139,0.4463326550246189,0.4149270813457205,0.31766243765105007,0.27900413129939816,0.5563037080056128,0.3955187983740653,0.5711274892573958
22.522241528655897,1014.3914248969751,29.767108931398354,2821.360598823137,0.08660084907480901,0.13090052149329237,0.1809849352068513,0.19297297035900565,0.09779205834711435,0.20525270839895024,1.1367996646094554,2.183587786361445,5.57070618733562,10.813934212258506,0.018835914186439495,0.015745381522822028,0.02945790129382734,0.012669783935901957,0.07203879519915588,0.062559056876592,36.081209977579945,28.975571200715017,34.30412089830926,3197.3954995002578,0.694929310501435,0.39114273153736995,0.23055456270671784,0.27583854423309323,0.57197264509561,0.5700301942613957,0.7833559217833004
23.47407572956003,674.4299498084388,32.51280742931635,3233.430256896398,0.14968558960372808,0.24357436326064297,0.24423206262961777,0.3703143532250529,0.4514229566684538,0.37988968589744215,3.5503497704153517,11.18209035584911,18.624793866822863,28.911931155206602,0.027697902274177042,0.04621502769146949,0.054249417962736655,0.0713423680168852,0.11799563119204583,0.08925092762884763,30.566373056226034,10.611783487828935,28.856545165623114,2785.1665661003885,0.4540971358270633,0.23923069794442575,0.18464843944077108,0.2757412576242441,0.20670425483941626,0.32890116568089267,0.7480283877712616
38.070773657967415,3012.5571435925463,45.43505051451499,4962.389603181137,0.03135976421580557,0.2771588023272002,0.6239186665066812,0.6211642633357142,0.2758397819720904,0.24243078851764194,8.189264117880853,6.431089218807747,41.51276624919197,74.85330893812687,0.01779090392892185,0.05658018276555468,0.10408161336069896,0.04819842006755765,0.16196136030015962,0.13734888906177173,58.48223914950961,50.70228542500708,60.878778470747896,6515.123615814055,0.2788547066931646,0.7408407745988889,0.6537369611238939,0.5966103381772194,0.7106721695898223,0.5863402209529509,0.1849086529394276
7.129553824217034,3061.5468123741825,18.186347898701555,1893.908186146826,0.07457036992097053,0.08101626424898364,0.18496077079419326,0.14312829830834514,0.09578291262198516,0.20108473305086433,1.4805441403202357,5.209104994825938,5.769062925671027,15.060606874781955,0.011556340873565987,0.011335477337226521,0.028043256689673803,0.010093786723004764,0.06781163611181626,0.04636901479453739,28.106749632103792,64.55263742580948,23.063866453645826,2736.8231612440436,0.513243237572971,0.3285526705647034,0.3448911666616993,0.218344405975627,0.4466134306433715,0.4749893901992702,0.5880428259403698
11.934474280856708,1829.9794975630996,24.78722967558705,2470.7805057855853,0.031419930528345436,0.09411797450469785,0.2727519273861796,0.26477503818246073,0.2956085193161704,0.13270570766907214,5.13473246802991,11.869729051219927,24.3954427547948,51.645852698771755,0.02520797256925505,0.03557494371077662,0.09978098823668737,0.03408709519535591,0.19378367083497358,0.05549290718973463,28.876523165483942,30.24892731645664,27.57975558543408,2897.570821001416,0.22757631738444598,0.2547355429525701,0.3380213192504004,0.285036164395935,0.5833022975062645,0.24555217993021639,0.8062468038997156
3.7273965152824715,2496.382914568591,13.830845474803228,1102.6079788630634,0.07950148651200285,0.14784970380028334,0.15150135109383778,0.17544735427863092,0.41420706108444366,0.22852247474826767,2.1977437486670137,17.655154375984157,9.910043168777676,16.727599930472348,0.01766603107261113,0.054033375536562275,0.029817605135709833,0.04351704870451752,0.2645842724015511,0.09228957334981133,14.283196008983868,61.14212832719632,15.045571171748563,1330.6419022364653,0.2581894571686954,0.4566082686587782,0.22564460515498544,0.28475835539492117,0.7905105653578657,0.453518259889059,0.4450507668055571
80.31397301218284,4985.298261018508,83.83593473297954,8788.811752964342,0.04318203239210784,0.22130125548027565,0.6126733319261085,0.6319106178205799,0.1583029831026385,0.1310208297264244,6.843749541010578,6.286736251704795,31.13566609074802,77.69253262270792,0.02381562299768992,0.037267441104969073,0.10248303424212361,0.051871014585553245,0.12145322775572483,0.043087603938990804,92.0052461830605,76.93557224696424,86.98903418251828,9157.82490681527,0.4843401350206023,0.635292642019273,0.8304365812480072,0.8460534694280576,0.7019031692719742,0.5272252537819145,0.0952162932750028
5.431971881430235,1330.5917421987126,15.148538141863595,1321.454805669597,0.021253367301249923,0.054526852288181105,0.13789538089219452,0.10677624987717235,0.20485780599378903,0.0663249177726679,1.0272368199315585,3.2330994672675626,5.213739735002354,11.92201500444487,0.005913268086548108,0.015203048193604955,0.03654410650396491,0.01164106873264299,0.16427780503478642,0.03304870631869617,12.921742080195086,25.897982847344895,12.803894753259458,1103.6231541192938,0.23561644336994933,0.2162666636968924,0.20197047680748037,0.14259580023551005,0.8303254169965449,0.25489431124836265,0.783262234454191
10.997141699377675,3434.067817429228,24.942405725777373,2103.2203828251795,0.057591817886988736,0.32170839018345015,0.4800800351545155,0.33393640496506893,0.44277223652367015,0.3269009889182731,2.4648512575391357,13.664423326650844,15.488965223563644,19.77274300485642,0.010898786638980775,0.07907696297877684,0.1403494052385912,0.0711042353511492,0.27926059533963093,0.10463292391306583,22.08970504771321,68.26415471908375,23.96552217164811,1782.7260610281799,0.26638495031568654,0.8188791465051303,0.5828445306780844,0.47823335331444256,0.8928876109054827,0.4680601766572522,0.5169678777246571
30.90462148311458,1576.7524888166238,39.56303645911318,3703.1014227962123,0.17149045212845282,0.2809752718093991,0.5795398546172003,0.633644249453104,0.4791954488319533,0.22460120416239757,6.116685251630442,10.186114042193028,24.85534229534803,56.39200292704524,0.021757083786953013,0.051743020086541025,0.08943955440003414,0.07009389073479895,0.1794593753748847,0.12940741616921017,40.7513394353732,26.332838741910937,37.63481450200233,4067.806899513981,0.7083761839651431,0.34471676758158243,0.4835393941582758,0.5718264074730893,0.6635342014582539,0.32959707010962364,0.30189541869082953
34.703709471792884,1382.787188977739,42.10789824336672,4059.4908568910223,0.12108944102275647,0.26156274748449815,0.3874847611609831,0.4137362393094166,0.35882205904718706,0.17471595151451647,4.287214386702288,13.277374166362351,21.172349325717096,48.309596105127206,0.014685547900243815,0.021711808743494376,0.03784977013839402,0.027239770089806756,0.18613333120791992,0.03608549917443206,37.67121747155004,33.40874056499309,35.96350982024289,3390.262509159538,0.3317789209632885,0.4024607048604137,0.2662359117118322,0.35601282386887784,0.6253005756531983,0.2267681891733618,0.6585347439703415
66.55517967895032,1161.5718202629828,73.28239330608228,7679.583475141107,0.05279903555820226,0.2839595297308636,0.5037669475665352,0.7028423669364748,0.10429855714349578,0.15067719630420362,9.083034358925634,9.928702944770716,45.29774896513034,89.35911384246636,0.01216945266056093,0.051255556596554515,0.07137112286919466,0.07589567131244902,0.22226502084438335,0.09048239117113684,61.769855973760755,23.957595252233247,61.360345046149156,6957.424125602283,0.19421938175139736,0.5222414267583778,0.33392313027179715,0.6511498064002571,0.4558981802855819,0.34767184046020333,0.6164303953668737
7.765936810482025,582.4915341545804,18.29815167025302,1530.2173950764886,0.03257333160909346,0.05063521372064234,0.10019076958214229,0.10865712341027223,0.06408730109544145,0.05553705140183964,1.9129075361739005,6.927453222534986,9.697092674159302,18.48266163264309,0.01070536087095846,0.011933874301343171,0.021457505585451335,0.013820639965959843,0.1687438004465704,0.02151853649988247,17.65927860367961,15.925797468846666,16.317840045561457,1555.8504887908716,0.13603830315140325,0.12431586031648131,0.10709928312901255,0.12444733578767377,0.279686827652782,0.10755551139238856,0.7132147647735327
23.74134824358653,2188.782777559505,32.721663474779625,2887.669952172749,0.14044232539161827,0.25722127189631977,0.49400953665649294,0.4343497935650292,0.2771338509176406,0.2651590712919429,4.694789770135805,18.163746246457627,16.779987457513883,39.67940243694485,0.039402842155127016,0.03910529275089948,0.10703413072667858,0.06755756041710964,0.24987154067117937,0.10928771360865604,33.2268877084888,46.54499962478786,30.91112289874452,3104.5126849328813,0.6395821175592271,0.43107867444023173,0.39451180807537406,0.39009360183573316,0.6508137870645959,0.44988692288993565,0.30679185412109705
17.769024421752157,1621.5171787770462,27.39923985192486,2806.336319073873,0.11292179278890606,0.11649380518208512,0.22129812480088998,0.3398136844125333,0.3484567742571181,0.15836886944055853,5.900655327565955,13.327120874363597,26.541096805874883,42.40258721729286,0.0338356884749968,0.030357949846726955,0.0697730427744219,0.04473870145696874,0.29375236261562415,0.10286256027126298,28.524220885778135,32.19951772862777,25.047467804468514,2517.849657792592,0.34412311639284987,0.12488770980293616,0.14499224450538079,0.19216015509272968,0.35185267584152474,0.16487490935000476,0.3704394482252318
46.597712292180724,3146.4398790956648,53.067737852242,4512.994155148291,0.052269911142737685,0.46504275445135024,0.7815232666137852,0.7157963956578101,0.2650878558593824,0.2238262149323731,6.208187059051854,10.265954611542222,33.54764349723259,46.38668920105992,0.02969447415330281,0.09972341909262394,0.19239528073429008,0.09226915909062557,0.23811321519779483,0.19626129323985167,57.46486606212318,64.84552239006916,61.299388511328104,5201.572159544577,0.6262141567080776,0.9347113632790943,0.9339877009473155,0.8094533094929257,0.7843965112735148,0.7464410332830977,0.05796425973492081
81.31730971210763,1443.744310118194,84.08632074035391,7832.489861833798,0.08025619426998998,0.13743248705592573,0.4888566083147641,0.6782183061400184,0.1948152330488862,0.0951982585060631,3.3420024471242296,6.9134909449796655,15.972027119408505,48.63945860241102,0.021507809270406984,0.015387669179367501,0.03244239153356197,0.031033990390843046,0.11387203346087427,0.02570801270873056,83.19217773633932,40.63523248858707,77.72105214079338,7760.463309261996,0.5767802272289893,0.3409462756994937,0.5279115606189664,0.6986437943614431,0.5978951090534136,0.22369479145446258,0.14962399495126721
48.55470116027615,2460.3872509704165,53.933154112258414,5345.60109368439,0.07031394951373807,0.3995801299246501,0.6931130534661697,0.6922266643496923,0.47290856099191797,0.3804478628059273,4.4207198424217715,4.45614723905566,19.83555185278694,52.399517402110604,0.00892055929323976,0.054627410608572124,0.1265143100767248,0.05980517439305938,0.04598843226578912,0.16533992092793418,66.24625540722025,57.795573756504105,68.50042535058857,7240.01635422553,0.5429868976857237,0.8645538796562698,0.8525755410534642,0.8613955293813191,0.9532036821366799,0.8660894451303278,0.21719636400377235
70.1588928894407,1692.3044648168727,79.70278679310033,6598.151685512183,0.16279862290730154,0.4956890548268318,0.895333199623984,0.9978663796435074,0.4710492800498132,0.31124567320262614,5.878412264947887,5.0172500475369874,29.88923543200967,66.45395497567482,0.016193295903813836,0.09457441313906359,0.17100403135306558,0.08795284414362124,0.0917041029039435,0.15452213732664322,80.69493967600447,34.15472560278654,89.7044310665059,7583.912977095263,0.7825469822934047,0.9977300568412949,0.9988421807133412,0.9982204566050088,0.911859582195916,0.9269108043269982,0.22437104141805297
26.461800621787855,1581.4624914494855,33.79072928832972,3660.083013097345,0.02096843715386832,0.05614063552207348,0.12328217106414234,0.12416267584407463,0.05286626860429993,0.05283393949392294,2.1698876521065533,6.906284407117371,10.354915608780386,28.302279542473432,0.007866099423351541,0.01205148872747438,0.0219137482409073,0.010241377873909557,0.041443611640160694,0.022392399700796192,36.60942553311655,43.4970863563587,34.672708177735565,3735.7713853046266,0.2057564904269105,0.14418054371429584,0.12443426360274233,0.13650042740058196,0.20839377444174265,0.12296479881025876,0.8784508540118765
16.493886522597,2337.9932739370674,25.64280433769017,2315.2993840572162,0.09202991298075155,0.07739980480433686,0.19617484545597366,0.26379435396511297,0.09848307305746548,0.13724113002817673,2.42967889623694,6.680373793688302,12.189150867680798,21.678606598152516,0.006971783849022953,0.011463581814443916,0.0250910169052073,0.017312404851361218,0.030790869681801235,0.048808905958957295,29.66173341763164,51.285477118914756,27.286982451729266,2264.8919989494148,0.3784670291387522,0.22935249479838565,0.23190487673259383,0.29401220684092877,0.18923544291010538,0.4012211522018153,0.7264737516736207
56.19638993020757,4754.091295317279,63.76825581292795,5867.316460276386,0.02410043454824634,0.23622991982348715,0.5887987675323348,0.5748127730998177,0.08216069931426777,0.14391184421513128,7.930713357034031,13.858861048728208,38.44640667256791,71.62779760963872,0.032355944481121446,0.06331585016769145,0.10930984720491053,0.053270536551893524,0.06868756028227552,0.09351587428474374,64.91975172738205,94.919225677109,68.18739625692311,6354.581058791196,0.2171681802278353,0.5295455487099529,0.7081369592601425,0.5806730017931852,0.17364774005128977,0.4669552965405796,0.1976746677653456
9.542071286343687,601.1787968040219,20.305310170850884,1909.1699468144411,0.04847373100963309,0.07194273307364753,0.1069220107081205,0.1263126556670531,0.06083164148583456,0.11962214824307973,1.0890143043191876,2.016633144346073,5.149660244789009,12.710105103722196,0.005830548999161718,0.011297525785631743,0.021835477556354586,0.013194112433441768,0.03089491452270294,0.024545880937867942,25.885331881074542,21.163099051111157,21.494407077872275,2551.909654141183,0.4674698368709853,0.23914733435030439,0.14662562572204893,0.25020125768761636,0.3527199481452016,0.25877205140064347,0.9315338931271685
7.519742457804785,565.103000474855,21.929622726382767,2115.307316659074,0.12054779963383357,0.2890958210948492,0.4238753837892254,0.32544131504219703,0.15948448530733142,0.42260083908492896,2.6028531396647003,6.078318205666845,12.16984856703408,23.115837173203875,0.034068538331928765,0.08803806699753342,0.14823571443500647,0.03922685454741742,0.13346775671319117,0.19780106224046967,26.40824281642788,20.925877951804967,25.300710894698792,2582.1679739535098,0.6837118453470011,0.6934234937229615,0.4732699128244821,0.3915920213425917,0.31528685630339803,0.8958643773796616,0.6369358401991184
2.2882627256654993,1005.9991025420891,11.631401111173904,1130.001670536422,0.0253904735252401,0.060693595550055726,0.1088815410735205,0.10244952552099335,0.13149945608183042,0.17915669199769998,1.055147729824963,7.304175105356247,5.707047411473843,10.901652253177256,0.0073428744673506565,0.021239297658010543,0.03932055534323658,0.016851382811691868,0.20116667514947068,0.07139536531597407,13.091343070754284,18.2658814561459,13.546341485982422,1237.7153190693978,0.14302432156101777,0.13457329975661575,0.14161268161272594,0.11853863196313719,0.49012089415768767,0.27616443871963475,0.9443125980740787
55.26572400269656,2083.405716843759,56.44847475040873,5509.082931002156,0.08119025061736286,0.15511455842585076,0.4142692011420561,0.5871808590339065,0.34049870359186984,0.09067405956794271,6.768563477409829,4.00824354284355,27.82606196700081,61.51357314510498,0.01246568352673826,0.021300974541757178,0.057876605875052604,0.04232006177716226,0.07719575230100399,0.039086793651743515,65.31749644658458,29.840678570062465,58.05702056327773,6018.68996312368,0.3495039282743767,0.31676058758254727,0.464214251232897,0.6741100732153594,0.37141597580063224,0.1757154587490509,0.48411235979463174
7.5912893450658405,1156.5236367867406,20.306175752145922,1673.5235737874225,0.08489541150129117,0.15372274888588075,0.2266256973199523,0.19219098525172656,0.412867137442215,0.3119297715687898,2.3191724954015376,5.230326767240102,9.783465831556228,17.538338122846607,0.024431341915788395,0.05383013264196279,0.0766080328483905,0.032992788131516064,0.15145633906376185,0.1430830941227769,17.497547118369372,20.22904181120584,17.03493444761974,1574.938941181177,0.38047779409426474,0.3415001584443563,0.3117291784819697,0.24111233356015643,0.5327872023713904,0.5976096480351928,0.5686082480727238
6.817600226444751,2282.0046875930834,20.129452675588563,2208.081660508033,0.04766063737957534,0.216645511678776,0.29537428123073295,0.2663735239821635,0.36845346515495137,0.4174345499115705,4.1747235737704855,19.829151293663074,19.650172941064884,37.9832679303495,0.034153634533837775,0.08258308109741129,0.10365645513676797,0.05027991818020705,0.299612768685628,0.15481598859750134,21.001308232691276,45.53901186147184,19.412381548442504,2296.45381523346,0.16859658391193086,0.4596216742653306,0.3411406087358618,0.20997463487306928,0.5975005176489733,0.5745804804809534,0.8692930297991883
49.79500960083766,4171.084940400696,51.70807933916898,5102.621467583326,0.05519798583267197,0.13639008415627676,0.28452401545635647,0.4047398051748415,0.08758728633500652,0.11776327629223454,4.230819731399471,7.449479359944862,16.35068135161397,47.099439566226046,0.03279557775998359,0.04590718142597277,0.04646668100272312,0.025593515425051547,0.13471056426880285,0.06408895502928436,55.48103253895767,58.909942861634946,50.15682654855429,5622.705009232191,0.2415966611071151,0.22759256260258787,0.2599822896225952,0.29500519838823025,0.19111485899279732,0.22463730055922185,0.4488010403198559
25.9901539055515,2151.8100839745052,36.8040174895627,3270.0853026634254,0.07838503656278732,0.26359582671312504,0.48671138277130754,0.4141121227658703,0.3595204509451655,0.2072269496575296,3.7161133520189025,15.144676666344939,20.512937897398054,31.536978588190625,0.02739810778654709,0.050783679493191,0.09174269207659104,0.07324185010165349,0.19851832331215824,0.12480838855456608,30.878310934236744,34.74703246206978,31.485205196483623,2818.1570295744023,0.20956293980898702,0.35547164766691164,0.4053620305660941,0.3435065949994075,0.3139358448943941,0.3047091656965691,0.4722579682482255
5.402536698008279,3015.5873388695222,17.648365100897948,1743.1732497076264,0.039109309585225724,0.17971491343667864,0.40456525411101507,0.19076432413182592,0.09054952261287984,0.4192727935721708,3.4175485054824835,19.685456829948958,17.426950161123095,29.578044222505813,0.04529241445212622,0.093735872318903,0.1939915030987892,0.08208300836526884,0.14285109089971032,0.19807452684018764,15.166145466672653,58.90789911869315,17.416608205755487,1645.0824629350507,0.21653042247944643,0.5134062556840059,0.4710999171748631,0.27299982171104203,0.14791098097882796,0.7410756299627159,0.6083652934225419
9.729237251040214,3359.999022648863,23.59698761752903,1811.9134816511967,0.06279016958738734,0.2684435652405713,0.28101157366554197,0.19370564579321614,0.2221760035843708,0.3867280225594816,2.580396209773152,14.48724107670738,13.36818326838269,25.655058462670738,0.01728414532835348,0.06575124938830025,0.12226367642028568,0.05218523136790775,0.10849981935258156,0.13515996655438436,22.36076492799446,77.76202900088569,21.93825429841685,1919.7643342864715,0.365356214460423,0.5811865350553366,0.4875988339857656,0.3542596663337439,0.2222003165129883,0.8244705055182225,0.5175991077946637
51.17174294096557,3103.4156834130604,62.35237540246307,5010.677596976613,0.18559211552537905,0.4450293332248371,0.7698144524628394,0.8866047162683354,0.3509437123439187,0.34952124054733624,2.785474695145577,5.162597182554752,13.148966081173562,27.035426424155364,0.012979833132359057,0.0518281440253266,0.07004566108711668,0.04578957631583354,0.11537847930875193,0.1298759830312365,53.080782240972255,62.33488256763562,54.20401558826688,4225.476822155759,0.875766126831865,0.947147706194584,0.7893631935543377,0.911279275148517,0.7614845490502224,0.8967619778680035,0.01410256737194926
37.14391844367098,2101.013204696387,42.612598447966086,4799.195701957453,0.02368374749690057,0.10266357126587947,0.2966935683972837,0.32534214091502256,0.13339178523355957,0.09550003741890217,5.516562270316754,8.79973015185586,24.41534997080215,54.960878295618166,0.029394436535852032,0.04078008239339797,0.0828162425084538,0.05112639885648638,0.16400595215405656,0.11307514607830622,40.36526174576309,28.683928691396577,37.38489335119844,4298.848741148225,0.14398602030979232,0.13370449461990364,0.23612423466600913,0.1930310928514636,0.1255288424054853,0.11789760364564802,0.9030262237868331
48.45990464422225,886.2656738449717,54.01416749879471,6003.876505703307,0.19296908638287927,0.3993696128264815,0.7908097738160883,0.9012321673585919,0.2770525463724221,0.3978094450654344,5.4838881711081315,3.218044351740912,23.46540215155958,67.03113239895215,0.044837129978734784,0.06080743309692316,0.10427633906817863,0.04138357370080757,0.04391565837098614,0.15433906320869564,52.19403448964449,12.77974651172181,52.50905982897234,5465.396572242911,0.9252609583675369,0.7410680280798112,0.8166951818417839,0.8128252491222849,0.19617552267186503,0.8272311258900112,0.601983846428799
49.63012066149053,3432.020221223909,53.862205993778176,5591.5690139624685,0.09265900228871171,0.2618675885626018,0.42230557342674935,0.6167487780519334,0.3315910916658751,0.19249846893868497,5.663380079388844,15.43694737514359,27.009863045501724,50.83061523756223,0.03623060664793522,0.04239285470693601,0.04331436056232258,0.033130867786678425,0.24901952451135162,0.07116807799514227,53.00811187016092,65.65917391511202,52.65988276392045,5275.234915256779,0.4402552378142341,0.293813615630792,0.2415004607726243,0.45292684078199535,0.4573353257619379,0.2824216064364339,0.40390339140764975
14.225432850526722,3116.968267806043,26.651884829353016,2367.8350842061946,0.044419239324835144,0.2969274939612468,0.2969762318674318,0.3608367019197582,0.10521605684839384,0.3271100606294909,2.084531078491712,8.940002849660473,14.46631058292304,16.215960557203477,0.010766762489061596,0.04395688156299437,0.0675882227053282,0.03614441341812911,0.2117231272541677,0.05728541859271308,26.84816050052496,58.17096225094913,28.33216100040543,2217.410985910786,0.42508098129204924,0.5954231451718733,0.49370242794493546,0.4654422253817304,0.5870658516693127,0.6135681849789018,0.5499409053243043
83.50166149087484,1916.1872309058072,91.20625949663838,7706.7529867392295,0.13005866813536415,0.3873449300481993,0.7434339842117185,0.8956142070139401,0.4522033637410077,0.11180109968432511,7.902878836379357,4.154193819475493,35.20892532265127,83.68954318244661,0.0063504518186670725,0.029432019640197076,0.07040509656690183,0.04118286482659685,0.18581453732175068,0.030344353980209893,87.0237223802835,35.512678688992324,92.38403213924133,7910.609120442245,0.45147049489918134,0.5788986552629778,0.6788665292379686,0.8694229192756872,0.9442571167280555,0.19749030566940956,0.2698659612626024
18.950849413075726,642.1438463403338,29.61286684212504,2834.267528207532,0.05372588389350979,0.2573450021333283,0.310571004050094,0.2911309331600006,0.21399094814190633,0.3441497954727322,4.030118783687745,7.144238427812065,26.286814188559273,43.48176222484098,0.03541885249867316,0.05586849822253699,0.10910275603758318,0.05312382277883163,0.2167363070968701,0.158595105617123,26.80640818400526,10.367278333162966,27.802984359140172,2439.0563963313416,0.35876637758600216,0.25968017616667666,0.28174676627451745,0.2162519120060097,0.3990337313206631,0.3209514505632697,0.8317235198881396
38.30342920650514,2544.417817210128,48.11350853548298,4583.651594585594,0.09949916432383828,0.33129097569326194,0.5590399287448727,0.5116604552088692,0.38547091820658663,0.24749989986310908,5.631429501047264,12.45450210799455,28.827939516695086,70.43231527992499,0.03788667122307166,0.08497594768433658,0.10953798528972211,0.03493349061088014,0.23502065808373496,0.13017202162519614,45.042185572168876,56.53682282256734,48.52898703748595,4934.630788825594,0.4843896639808008,0.6800281435909665,0.4864890037371915,0.36842718273334024,0.6182425431596746,0.5020382894812405,0.27757931708185146
41.40295871613634,1783.692568580581,48.690050398945324,4526.886501957957,0.039967246020001394,0.2854181083335302,0.5757285061471553,0.4516860093945904,0.1628578113297141,0.22627205147647386,2.797128472852967,7.365626817054817,16.90113642216615,32.516320301123294,0.00941765800997624,0.08024021605141621,0.13376886276704433,0.03660628514130437,0.05282985051620402,0.152189709230029,46.42949392346885,53.74974265309003,49.44184026426779,4346.03733328021,0.30036336367446714,0.9148810070168779,0.8989253079336528,0.5526916043965249,0.505053202666966,0.8054212519185416,0.2075511705250785
17.751519287731163,1787.0911653520307,28.152582988486348,2626.1804697367625,0.06914047732081827,0.24115200479561652,0.26330125885809946,0.23951761843867367,0.1049446011876447,0.2468899089681653,1.8213318099248679,3.506735352134499,9.869466614843281,21.610697924474433,0.00688449680849198,0.048151538004983035,0.05866433522519082,0.019255770354400452,0.035672772291097256,0.09111220868850262,30.663455520251365,31.013722790581326,32.62690619191406,3155.841232676684,0.49318866804631545,0.5920821176006115,0.37416984316774216,0.3687029742423643,0.30011708698262096,0.5290076914450248,0.6536883139708963
43.11020667617072,964.6299434450592,51.294778086897175,4770.17689937367,0.163787587844194,0.3477777724429802,0.7241842813261612,0.8232216228710736,0.30161006158516507,0.38043647376790646,3.686861768162789,12.122937504912176,17.123940337401706,30.80347057186022,0.032794920675760335,0.07160987996124804,0.18101096744683903,0.09821838103792588,0.0897159931870684,0.18836145872538063,51.83832907456406,20.89524501217007,50.94629775512798,4863.354811284866,0.7336132587693474,0.5131838320207197,0.6493592945383103,0.8773026180058151,0.27157262364627505,0.6941231058126867,0.32945914158627726
15.519855205622399,3368.3174115386655,25.913145671961438,2742.5786138336434,0.11065435997082217,0.15566240953990562,0.23284120973357456,0.3000270347699005,0.1989355117505808,0.21197011362139143,5.367075485631668,17.38359263647919,21.252751995848413,54.005878472992535,0.02639201842087062,0.022450457144180692,0.027027850076519585,0.015017124707943428,0.2445828386790523,0.06290864047539921,31.29587800558282,78.7172805489758,29.315409471661614,3344.4805583146476,0.5332943706116957,0.38638553680601073,0.22355992396438437,0.22608919658309226,0.5135318906474484,0.4704037354955341,0.3696252952660398
32.527500417693396,1396.7381567441726,39.8428804527458,3685.3798448028506,0.09137463294904963,0.20373158059095223,0.39095265353316516,0.3628417403958316,0.09997952689261091,0.24829159626595138,2.152249733319359,11.079460496244241,9.820335333242927,29.04325103302521,0.0344298753551424,0.0432252024269616,0.10907820867772534,0.03246695108296814,0.04680536575515435,0.08461835048512237,33.49906881693677,27.293406019641413,31.70838124239746,3261.9699861621984,0.387767055594123,0.21535595533788882,0.28843960983700595,0.2640877761106688,0.11370419143681859,0.26374589707538765,0.916440745995968
8.351418892166073,1781.6210104564964,20.450980995102626,2277.453489290694,0.028734565414422493,0.11170362388515581,0.15291964147692835,0.17115192840654264,0.09676003220185313,0.26722499426003304,1.6578142296596434,12.0200069177916,10.576657188228,23.242750209608523,0.035412422792818934,0.025399328665322535,0.029726284937721056,0.01427427098306714,0.1338112873725489,0.07536106019764262,16.503941169135707,46.63278961372967,17.320994643285037,2000.0923183862035,0.5074593991870691,0.3724110937398939,0.2228100082162929,0.1876228502076423,0.20949819107792675,0.5596469102204049,0.8497485766778601
43.338267743012885,4051.171708489799,50.19087414485757,4489.070965716405,0.020683752444097186,0.21671891978133634,0.38107384859871035,0.3854173674851194,0.11960592063894919,0.10740894005094265,5.422783078205045,9.882025435431046,26.64690006381108,56.397858486970186,0.005628858452092109,0.03165992687240168,0.05285154079137041,0.019197612952223893,0.037917771968085094,0.06730156083733589,54.159294921452215,79.77682220187883,55.03723693567905,5150.5212416746635,0.2038372071251186,0.5041417739038397,0.45131308752402605,0.37480701240107206,0.21854442608756983,0.3794423367021352,0.3259043588619722
72.68871105547568,1522.1841106543534,73.76428659265457,6235.481502125913,0.06243893755512022,0.12355740441370563,0.27083156524822344,0.48242552896421265,0.12493288478553502,0.06960917668499736,5.6919887118202555,7.2092839867065335,25.445685505697305,57.40815111384731,0.01711786356558774,0.0190903767657349,0.025228704980951543,0.02321421495344787,0.057091309707506054,0.03015611474232228,69.33755531225927,29.761197717315145,65.19516426046503,6070.302460499764,0.3369091767387263,0.2601531245287043,0.30326241594461445,0.47337371328692235,0.1949843279148632,0.1395972176724565,0.5191194210545234
35.364717623646335,842.5277670080902,40.35264266274182,3738.9087459875677,0.04885715069302244,0.1095102803211831,0.25378648872581977,0.3530243704420201,0.19829477547702462,0.08284416145130957,2.97207150405761,6.032536816553508,10.776450730833822,27.34338665481497,0.009839864122336815,0.021487815746679,0.03946609610192869,0.022543518686629457,0.13764976926325834,0.03193560525392963,50.91804705435173,24.75506011154405,44.7276510084472,4483.804695063202,0.3110221878832906,0.30997616805603306,0.2936834032106922,0.39503648730017205,0.6708875947815611,0.2522927388494651,0.6547223290470886
7.413757402200559,777.007756387529,18.805911947413563,1478.3460421255952,0.057691758748713774,0.0810321029224307,0.15790819769555584,0.13748780695809604,0.07137278894103863,0.12776554688353847,1.961242953416601,4.154481084374424,9.20439238027365,17.69055801037884,0.03096605946472621,0.028239198525293763,0.041296420237219696,0.019313519275285556,0.08799146245597762,0.04329627990424974,23.917048482524788,16.996084892097645,22.27283629366965,2109.024966299107,0.3463761472224053,0.2997827718898459,0.28940856022430367,0.16130134773958635,0.2668796188222176,0.3130766997953869,0.8825919795461665
53.88729648838421,2378.7878354013046,63.55725719536811,5555.078715499094,0.18195705165635062,0.3427259823395852,0.7400298440591963,0.9173163585875,0.4789735642832888,0.17686205429767726,5.819370511772271,12.047546578814512,25.325008602111687,57.53416473195557,0.01246408330389874,0.026514445694111554,0.07315221192537608,0.04450900134381524,0.1229637486097419,0.053848975450037286,57.98974306772423,68.9449325951345,59.27269731851793,5396.909317600415,0.7240813347346697,0.6035615356610774,0.6384101233638554,0.8809463453907191,0.8470654782488091,0.426409006377364,0.13370766996756878
44.68056826750255,1726.9244609837565,52.39579071065474,5587.917739562639,0.11684539857680284,0.4589685835593866,0.8253203104392481,0.7780938460017381,0.3939099104114191,0.4448367643476898,8.770269312633282,6.280328064544776,42.21617270114139,95.50083155355354,0.0166554024989659,0.09730137306030573,0.19264218330563998,0.08212838107437855,0.2070004258493523,0.19607176165295534,53.7382641965637,31.327156871303316,54.20140163850867,5763.302699624068,0.3779410257732897,0.9223582848043766,0.884464687312858,0.7192650389090897,0.534549677103922,0.9107707753355916,0.47127607113701653
6.44042581868535,2665.5451938667447,17.626527078574007,1498.3363502675852,0.051657624746591344,0.10281836108527438,0.12827581035445948,0.15628249022974314,0.07748254367250199,0.21421314438431202,1.0640960426246537,9.605984636317544,5.2598867552160975,11.77537462671279,0.02380393102323338,0.021982333424222473,0.032803162047606,0.013839004419493713,0.10266544828794301,0.07897816734508066,13.462064482390224,55.23828284026249,13.59011754833374,1267.044765925075,0.2908211108935335,0.1649629494802379,0.13152141827780137,0.13314251459916984,0.1950090923024175,0.2909222776501991,0.8081614351513338
5.884332324611509,634.0855866632958,15.255524660666334,1620.090226168027,0.026324880731982046,0.06340342967951086,0.12960093913060586,0.11840061255743203,0.15818639564497836,0.14543439431841745,2.140434331121301,10.382811629085841,10.670173117119027,20.48740025442724,0.026443720464423844,0.04070719205690633,0.06773802228799986,0.04636493806712575,0.20760902746133297,0.11078164400761283,14.22398427283164,13.68918437832621,13.859355868613068,1512.5069855702106,0.13868696104419181,0.11664589211420792,0.10826744846376345,0.13217990993774256,0.1856496924469501,0.12051452831288613,0.9957694786806268
22.032586058819508,3241.912711978063,33.356962714632665,2894.931637781843,0.18798488941492822,0.3656795730349684,0.4826841936025214,0.48918285700933317,0.16640390416970496,0.4163049781940815,3.456611473012103,16.007985818373676,21.256962442453617,36.44235358998168,0.02068133115658567,0.05582611544714294,0.06224824875762562,0.03727566779594552,0.09233204028886469,0.10766581301674051,32.40391650877842,80.35952980905213,34.74524066264695,3084.15092315015,0.6931512660203974,0.5838843040616253,0.3742363456683365,0.4140352679502978,0.18091239481130572,0.5847767329674366,0.7868196992306533
96.53501700262144,2076.577785803623,98.01986182343504,9891.98897234169,0.07415291776314144,0.40202534859822203,0.8379852478771224,0.9896098266486697,0.12394989787111176,0.1749944546629049,9.655051196550835,9.185660315599911,48.36265322996723,98.63807847906483,0.038242024247197116,0.09197670527069023,0.17513892312105767,0.09261980598948841,0.19916207271961084,0.14873360270991617,86.90570798224199,30.554164597524235,90.03113710671758,9267.41809406111,0.35273290590419726,0.6262784731772386,0.7241137842358487,0.9017983347709437,0.1403386678366808,0.42268922773434675,0.07447938280638822
4.69978800907608,526.8607635130282,14.164990672683794,1728.8207880305051,0.013219808596215838,0.07531064044227997,0.17081864225358406,0.11045474512800009,0.052934389101757184,0.2044344150803208,2.197254019016381,4.813270142266861,9.37305124294269,25.846393494275322,0.012834881226553845,0.03440611489583676,0.08315512148437977,0.02182214096784699,0.1463649222894599,0.14606272575840315,13.606896332198458,12.272934652156634,14.025658921052448,1451.1098080852985,0.1662771662103205,0.2506214651844519,0.21191506922112835,0.13645641495415914,0.1374208888773458,0.5007763073524752,0.9842785323947298
88.91003079101947,2418.0368220397495,94.76602006276278,9864.878545146867,0.08201682924155788,0.33709190946117323,0.6120198757447234,0.8834280420777513,0.3760686392591027,0.18446349909901918,5.825058772507129,3.240434804616613,34.024797769490405,81.4194213351009,0.021731008508778626,0.0553329417945836,0.08017723645910454,0.055624247520739876,0.11390685222236345,0.06191205292773381,74.19188259847658,33.00010777046678,81.6961589576319,7784.417105511109,0.41407443874285405,0.7343634991335724,0.7227568723580505,0.9080164550791923,0.4852248386129054,0.4550232150539106,0.3367625466883676
15.193463117197929,2267.3871848825065,27.712794810463503,2873.9795270364543,0.10416946708286048,0.2681657919536729,0.4964767568348095,0.44706993289996355,0.41004161928363303,0.4201014848588839,4.905779782225061,14.483835269035325,25.252655864217058,49.50578270730303,0.01979263200881779,0.04069151517477023,0.08041772180906777,0.028551579782877146,0.21702387364968326,0.14619306543345456,26.80808856820317,43.59468657982754,27.88644647249992,2952.519287969556,0.5063515996167633,0.2736416207748851,0.27347502058544143,0.3229311676860131,0.40008684597899713,0.5773765393948762,0.507964877509883
49.065584358716336,2922.412143925065,51.97377610142321,5360.311417561801,0.03531819847873438,0.17711631553913348,0.5025916133750548,0.4160375765148433,0.16317563821129133,0.10760428494717504,3.9384198851177348,6.694010535882025,16.41161906594412,39.72641245928438,0.013793672757224328,0.022098998108340144,0.10206298163223178,0.034010792900778894,0.13805571871271444,0.07073038801455422,51.226613206593484,41.48205900185203,45.45803867545241,4831.423060020199,0.22950010342833824,0.270761793031045,0.3606028692168243,0.41308854231991754,0.4940797509392926,0.17655168113802033,0.4877406083939432
68.12483199670966,1496.3419606670743,73.85586298927323,6500.58928870175,0.10550694979611112,0.3830165516824815,0.601557464607326,0.6687114712600459,0.34060775591531905,0.1603926522887413,5.665475565925852,4.576301997488778,26.412425285407718,55.3936796897213,0.006930452489847624,0.03722617054113243,0.06048954712945399,0.02787848092185896,0.19792901133682758,0.0334614168528794,62.581960324558686,29.195078012055784,63.53728421212164,5680.19280490946,0.6162235245279101,0.788349759958105,0.717859610380153,0.7716978091709303,0.6786926082650252,0.35604691945602834,0.27166401799001344
8.331967329344057,599.262508977877,21.333581376540234,2018.542017779907,0.03744603075448956,0.09629785296511298,0.13934358491866486,0.1672790553144312,0.17427848519303776,0.12117015158613628,1.2150307873931754,3.9126480138292123,7.339751495864476,13.674966921737889,0.011427481062612833,0.021722229935735686,0.03579743834832854,0.016116511328597212,0.09709119431772076,0.04689216079851257,18.071341972859013,14.32631641726661,17.94140460331662,1805.539073610193,0.14793177043092218,0.1380353170358866,0.10949473584361388,0.15961602894471452,0.3413854042509181,0.14993618068817008,0.945361837117144
50.34109485812514,1863.0180236067974,52.97633366765733,4982.861268233126,0.014274019659725079,0.16119504619526318,0.27477158849555494,0.3860847903259854,0.16978406547226974,0.11478156210911082,2.0868596137028845,2.67181386602328,11.667237372561598,30.064394224953173,0.005020144102840049,0.01747791896506453,0.024660517562188868,0.014663814684481042,0.09334902341651621,0.035848158875868064,51.6836649308689,46.38826952375331,48.29530542325926,4240.008720844598,0.14544441058851423,0.604430341607336,0.35684516246994036,0.5568762541522156,0.9401344574168901,0.5543045646707545,0.18369769554986892
14.234801489351387,850.2147497306099,24.919217661091682,2265.26048698579,0.04023053228199792,0.10029358277091956,0.1331391634283355,0.13337662134588105,0.13566847752570946,0.15769441841710397,1.1276924438867606,4.63482638896932,6.100277228933017,10.597977929841742,0.011739130700711257,0.03472067755265233,0.03005527297149254,0.022944418019414776,0.12770659041027418,0.07233456670411459,26.116656759928787,16.55992799599912,22.549259772082955,2138.7114097918848,0.2487365538476962,0.23203191428706277,0.1732071242005377,0.20153796837961896,0.22796654900721003,0.2576108054037206,0.9621710370268552
7.078641291613737,1453.4798197153336,19.981116175852975,1532.3698930380954,0.06913441929826626,0.15666570634223984,0.2356864664484018,0.25210047113947326,0.2141334166188423,0.2643559813923649,1.5491880378882452,4.7947407418266925,8.68938245904181,15.615632058510249,0.010591540864770512,0.03531906129347639,0.08312182491290249,0.035376829594650355,0.08001953594999235,0.06714042179536889,17.112839689794423,32.55565525126504,16.784344439475706,1558.7473391286183,0.3964434910263123,0.32674021948411813,0.3702835318106696,0.29425471970414124,0.3149660756572997,0.4306076587883322,0.9220840626148892
4.872304741253664,915.5882211518933,15.292120944988604,1196.7905755848267,0.02706904954665556,0.12639093258697032,0.16343247300040714,0.14910803081114044,0.23058590320342037,0.22303973716111714,1.099944017531474,8.738016771990663,6.38584419258524,11.581211174840533,0.01936545242044717,0.030619679873979146,0.03551152181347254,0.019621063262334794,0.05686309620529211,0.09689637867635988,15.520165101760453,25.163124266893554,16.356144167383192,1700.9074012961025,0.15981664082775135,0.39188680037943335,0.18534349727231691,0.18009047686207827,0.2911670895326096,0.39694589026674443,0.8740762624301788
62.265221044986234,1576.195362142256,65.98451596532857,6359.229284159731,0.02440581612400995,0.15310944380823469,0.3290884887992376,0.4053736628799841,0.1357071450147105,0.06101139598708832,7.448883051225931,4.506797755468714,38.45382629111978,79.25672687732832,0.025831265941234163,0.025451712114009095,0.036075715059550845,0.02492553917341977,0.2382144396344757,0.029407820801586392,54.54287142869991,20.37821213347557,52.60344861716908,5050.912237497229,0.13095335386752824,0.21308276019988182,0.25802680380940357,0.2768235213144779,0.19113995005661685,0.13452822298294875,0.7150975537234685
36.87775153821084,4365.606014583067,42.88827114765931,4498.317336378241,0.01579383645794935,0.13062083698625798,0.468175105174232,0.35025727163156245,0.11863877994663183,0.09892320016270158,7.578720306521888,7.652611716762372,39.110010576071055,83.36654199935738,0.007758778904471629,0.036745457225479464,0.15589661271459718,0.06736177222697166,0.16967561609994083,0.07018950146626173,41.059171765844006,69.47152361091995,42.78449329546205,4255.912770724141,0.11711639728220577,0.27597243745299155,0.4950445108211478,0.36765120441199195,0.19996963679037214,0.19230382203826749,0.5739856086993832
31.449267436511736,3798.6297850258575,40.65648193110817,4191.477041259198,0.13445514438553197,0.3203501529189362,0.5748157881701024,0.6628810830106974,0.22801769250497164,0.3998258381685088,6.062706656935985,7.910715907390102,32.093817886267516,55.885995827445186,0.01515009588670002,0.04438794413326029,0.11162421378862171,0.07585976558861626,0.058738556396116484,0.14243353691263078,43.46414124343154,63.22788851806623,46.9813253260316,4506.560819349934,0.7305385089035645,0.5808927619272016,0.6443768576975714,0.8206234681178955,0.34596986819528547,0.6346563154713369,0.1825590559598309
25.627322878337786,1018.6596351671872,34.372302598270416,3135.601297882402,0.12444242440372998,0.17585155538778724,0.3496047302994127,0.3963019633360715,0.15502184819136267,0.1424076547874036,2.8887961460211393,9.398253337123966,14.575137310476174,23.36247470816408,0.012325338931112245,0.04725307726727013,0.0650260979299488,0.0335609597407875,0.11072977493568188,0.07266345016218591,35.63363023859194,31.603133023363743,33.87560708150479,3102.9159219346284,0.5298617177708812,0.5297819605827859,0.47934273482991013,0.4528679481795996,0.5889203840411537,0.48346925846187805,0.5445053269411438
33.49556176447646,4096.963798352467,41.230797798209146,3722.370403014814,0.10901856342421826,0.26727406398415066,0.36966494236,0.41432435545880036,0.24777534894073258,0.2043252719873408,3.392316193099706,9.035130611719348,18.566364046252463,46.188048092689186,0.006907446168999393,0.02843814790749876,0.03386219168072813,0.021096056308216274,0.06611276393774589,0.03776388164321797,40.00506503341036,85.7365703707507,40.57623741699103,3749.424011217033,0.5339399013934569,0.7328222203867156,0.5451301889918206,0.5569553831277535,0.35486158983768773,0.6618386796476182,0.6366218450879104
90.21497895895305,2640.570758228527,90.60600888533523,9590.423467165017,0.10304110631237458,0.2598361621094881,0.6592759036217839,0.8136323276761521,0.3192953178553099,0.1607550622704881,7.9743446670970854,6.0767352572458,40.05593465198486,92.32532455228451,0.006642082463747448,0.02877657381278787,0.05537648480826182,0.04359995100347685,0.1391047094390114,0.039312653800705324,94.06900125256993,68.34811438436121,93.90332975984987,9084.427131701468,0.6762216501893018,0.7550220615853321,0.756352762544812,0.94063968237086,0.8739858196173405,0.49530033644769295,0.15799166042397306
26.673966998399667,668.0467942002703,37.43459314826002,3955.3707737978552,0.18389375356043258,0.3572398648190074,0.5141001077353711,0.6082148991360281,0.20939109232427036,0.40262201090974625,6.734001559397097,5.792710717741472,31.952662848845446,70.55733671921003,0.043428238290016206,0.0821050636133812,0.1209862599448783,0.07917637711734596,0.08433902637259005,0.15730622168238018,43.68911157522537,15.344478147488019,44.93204578802084,5213.205814045132,0.8704862994406151,0.5935853197414102,0.5227177461684831,0.6887612951090544,0.19440807373348598,0.6913742724373149,0.5989670921708152
34.570225185042624,2817.2275626689852,41.08068499719122,3970.058746302561,0.07294421097590505,0.23356355807093607,0.5387822827705077,0.5801892826907676,0.2344418679162811,0.2426209830153319,4.883466694693911,12.237267322062966,18.540017297800798,38.557262870131936,0.04071623860763223,0.041838618411235935,0.07718774719572952,0.03334087507293936,0.12674777060611667,0.06935593439124939,45.14475054060698,63.37246131738132,43.39435686165217,4484.148467286238,0.7386858453330605,0.3919867375387,0.5856101303686739,0.5898227073868292,0.3909059003536596,0.5057302641887628,0.17051413319913084
35.60572582771053,2053.719378261565,43.93746514116837,4379.177235363493,0.10702908359634032,0.2656147381660327,0.5061390568470294,0.42991932371389796,0.15888372233369696,0.23139175463917225,2.61779868066834,9.487780727229291,15.736166355928194,32.055744241563026,0.03597453509155983,0.05147406858603893,0.0786783446135235,0.03729017028599094,0.13433808781985332,0.09524928123669878,34.28090981054269,30.26960275798762,34.382832727157314,3239.440550691088,0.5519511205910111,0.5155286944052834,0.41735029501763654,0.35930101944663984,0.3728221507639931,0.4831228076024059,0.44741204472430585
21.74582317662417,3571.5263404519933,32.043076050120064,3144.6500789294814,0.06856994410737784,0.2093957951397258,0.27531902283357024,0.3699270847044895,0.24358908398734722,0.1515671360855949,4.829719946159834,19.57032691757919,23.32150513678698,33.17748256402626,0.03942696527031216,0.03678371333355063,0.02604074252173857,0.01929284317830688,0.13913594940923837,0.03498545675291631,31.964621868102327,78.09331293768368,34.012440909612685,3165.1487439672883,0.34460148034589616,0.35892057016493994,0.18956367007896505,0.24046991164484643,0.22859428993231565,0.21498774124022216,0.6807688928622205
11.915845690900674,2199.6024697854355,24.990909382417566,2547.3556453203464,0.06380874514086084,0.17128125623920862,0.22597544023302862,0.2118682862071028,0.07707475497910628,0.3348636026037433,3.714157508958133,8.862234648675225,17.295130283738338,31.823861172128737,0.04443729864545093,0.07226261826508212,0.07171426990762347,0.028766418329492296,0.20234533451055353,0.1778947625989459,20.54717922498865,33.14081863514278,20.941894355614366,1975.8598615093345,0.48733136769495783,0.44521381344550576,0.2142544731103168,0.15582626605918332,0.2060696118655275,0.6609577542523855,0.5537600295842259
46.48104584607292,3994.0902489891764,49.976198776561,5104.3267249765,0.11821828305509295,0.2423610214075455,0.327676497519872,0.5227372500358489,0.13995598653255248,0.14206048816459496,3.995601903820229,12.938213110276328,20.86116018254734,40.71523753855314,0.02887281107758893,0.026318201040157693,0.05816155900459201,0.06294820999900423,0.20173419981763863,0.02645300259828526,47.89495471913617,62.5660922431568,46.62353570984007,4517.982310391689,0.547828847287823,0.3084343205105268,0.2721834034183691,0.4872748052530175,0.28173065371361267,0.18226448379297566,0.5637472459670033
63.442063790626996,4528.006928124087,73.36347509944814,7534.021682614494,0.15635223201952614,0.3504207981286113,0.7478808835287254,0.8070755146023765,0.42713116366546117,0.18895961950951826,9.993606400074283,13.346932411229586,49.78232187168311,97.35195565932325,0.021366860882377967,0.034257433333023196,0.08356860105883417,0.06777436071975922,0.25655856049773756,0.06786940711018626,86.30066510932164,89.53042327994692,95.40226453195672,9199.010373984425,0.6957505677684861,0.6869632411607139,0.6698892425486019,0.7017812584226182,0.7653069877212458,0.4719144360956998,0.2329370138697638
53.040450697728076,1332.5299761409726,61.5391771603862,5016.950855797816,0.10505800059006176,0.34306375970424796,0.5692276939876355,0.5939582405087935,0.1813783193813443,0.22083200960360888,2.0887555354028047,3.588021894299288,13.32611929196202,30.021069208906518,0.007594675596502855,0.06065171353602645,0.10626280296411088,0.04214093530612838,0.036360009714317174,0.0808557724591716,53.95263697022917,38.43319087688256,55.17124404379122,4727.930630568797,0.7473957466430692,0.8530163927195283,0.790735617659943,0.8299143135346057,0.4369462455384457,0.5882254548570642,0.43377404171685985
12.93949793355649,1129.4509146359658,24.793453522708162,2343.675687848887,0.12109261594180538,0.1609809984112153,0.2255433511735676,0.276585588412723,0.22107466887753252,0.3300321596898068,1.796334112206536,7.718300980506748,8.45125186367982,14.730890790573902,0.03197997335054048,0.019210159898057192,0.03126690713122392,0.015499781872037778,0.04756673456246463,0.04558671256492842,30.821859010922246,36.14509340196276,30.062631947736143,3097.7936234768526,0.7710790393510274,0.2721580452283912,0.2614816589701677,0.3318766238627897,0.5747550045346459,0.44519474707448575,0.3842798775342475
15.103139891204568,3268.6298688224974,26.207942410296415,2868.845893855238,0.07560338090803369,0.2249822126483313,0.2578423422591659,0.21205454218050054,0.34365534798997843,0.3518790994201909,4.840472702587422,9.062162421304901,23.331809160445836,45.78765124990232,0.04230205485755192,0.05501323868117001,0.06186572272209364,0.041792177474396244,0.1771635150433663,0.14724484688581335,31.31914262977279,57.99872316671714,30.746470191108624,3241.623536704835,0.7642702262788625,0.3982675005731834,0.2316032874337527,0.27858203330307935,0.5552538438809853,0.7013730862736973,0.7795036393486994
12.448508177621179,965.9088257120218,24.066336505075082,2450.004090133077,0.04506116897572517,0.06944298838290527,0.1739356869641703,0.2134043433831979,0.27430230667134375,0.073795969178113,1.7177073729704029,4.042831349902844,8.844097379310602,22.092394267589675,0.015601297617279157,0.020104730251113298,0.0436388148839207,0.025148088212330694,0.08243671419508732,0.0409252677684114,25.67057991443693,22.315054675667497,23.16213395371624,2505.3886487325162,0.42734593720349284,0.2304906363458955,0.19564266393799723,0.2816957210860198,0.4379586215329321,0.22610461975092272,0.6700463335239625
55.803738733199665,2034.8001086773536,60.12397599690123,5792.13206982101,0.09928980991158375,0.24335586524567931,0.5179010254847835,0.6281868925158846,0.20137324663679027,0.1373063261044988,4.237410787629068,7.642547265613428,19.770370797066224,56.34239703877475,0.00961584257024514,0.03451421549128088,0.05688436096904721,0.027243031184876483,0.06051515996207765,0.03755340930944312,64.90050038657526,68.46450982338412,60.63066016408623,6612.299163121061,0.5225142299499247,0.7552096116263689,0.7728059946364655,0.6924034535301262,0.6325802598912186,0.4696390885454768,0.3655381665290012
47.50061918296858,2290.322351203666,53.94464097007571,5010.764024420072,0.1942073287608206,0.4880528241854058,0.7575971573425468,0.7312519204372546,0.41305221828896477,0.3481841247342487,8.00950656355196,13.660793737687332,44.84091219266522,80.92221947288228,0.017643396495209216,0.09571675961577708,0.17558220872098063,0.09859084859475144,0.2774678397153688,0.18285141850290298,54.9404929230015,46.96875215157803,60.630968245285736,5514.396061519862,0.7354122943899248,0.9752980286070847,0.8244661911523697,0.8547705973036642,0.7437660981811969,0.7345368443752489,0.16788548480446036
10.046556429565985,1877.1848845486115,22.222507235704594,2086.248122580613,0.01486911058840775,0.06380370594737686,0.12842254631921596,0.11245220549538026,0.057835430632092386,0.06997216920184554,2.8330129575511105,12.6157523766482,11.893149964979422,25.281865827369288,0.024360411494356964,0.01976956094692526,0.053035773022601825,0.016515261372554057,0.0428927624183545,0.04011019553383959,26.1618740986685,47.632749783062025,23.586939887035815,2547.3625966659374,0.1963935554253584,0.1605070310887406,0.19697775717282356,0.13158863608184634,0.13761192744757839,0.12574183773260075,0.758337633435757
68.76765919430439,1778.284640010137,73.73645286896863,6112.673655435603,0.15242689268959145,0.28232846380591037,0.6537666835887842,0.6804318684578853,0.19379616297986285,0.16551123334473258,2.5728444932430596,8.2832776572212,16.334065777521282,28.10316490939726,0.014058806579466477,0.05907645850712788,0.14164597512133173,0.06359467558721046,0.1732393913542213,0.12798038965200975,61.65791174789614,30.395486898370564,67.37800585851963,5329.239488926217,0.3725807070349146,0.4694300501453003,0.7244667925430694,0.6414243738904872,0.31455161478542426,0.285831246016759,0.3116201251250728
87.96592517472436,3997.098644466071,86.88821060795411,8048.01353528459,0.02107452418120428,0.17715645495378846,0.31752672714121005,0.41855102564592284,0.05887667310728964,0.07907314666080154,7.0870378331084725,3.4861079184806694,36.72046853669646,83.38545635574992,0.005215405116592142,0.020578586856247232,0.030148330667014014,0.02239301723240277,0.030153074439892014,0.04134853485720603,80.09063515983374,64.66853532190886,76.9391547239876,6781.206235522712,0.25067438761816463,0.5599347563021179,0.4779090077918735,0.5498952989251713,0.11714591300143608,0.46305275486841907,0.2744708877220602
26.538506787494292,3686.2872162409344,35.138930946310914,3727.9466909118687,0.019020235182380066,0.09933879273951442,0.19546314923357816,0.22942061465738398,0.15259651642442762,0.1533894908538325,3.625478989446062,6.25024586933221,16.595037491454768,48.385851198779356,0.013770579791246242,0.014485597835098543,0.023202879134075826,0.01201752705226666,0.06665779446158325,0.037997942063184964,35.50810924482017,73.24837272537607,34.25990062029754,3670.8273179100015,0.2502539705695998,0.3143939752101537,0.2361375022946209,0.21757708996660302,0.27902900291169647,0.3709731642943406,0.6191953888488912
80.65289234402618,3691.813064925136,86.61696655980113,7363.944716511326,0.03552063114684628,0.3014688571839828,0.7719279287124796,0.8683169090799077,0.17623868068385648,0.10187436030330614,3.127305679901563,4.378168945588428,14.796419303654588,32.31326445168148,0.01507912662684988,0.042920187765830516,0.0919985290888469,0.036213289414806255,0.04737509307231499,0.045651169984501805,81.10277652712844,84.87284940411864,78.6912838065214,6991.512035845791,0.5905189039426227,0.8428307023139254,0.8652762115239198,0.8686112178906951,0.6852856496516123,0.540593988696244,0.001489885848838246
17.083507656794826,1367.6905212931106,28.26836208115197,2510.958566577588,0.17765393956862904,0.3658063746597029,0.5084795106789689,0.42094547175337077,0.493635538436246,0.41571657902779663,3.172885882812308,6.306332270557806,18.30376060181038,29.914526947737887,0.02729014914196725,0.05129951222662815,0.08659387292174592,0.056027191124840635,0.19349606314937332,0.13316270233445165,32.61093608527426,34.673092510094236,33.028349604034865,3130.5555838448918,0.9211633493676874,0.8034100410441056,0.7022532518213528,0.6373804488751705,0.9267995542000972,0.7960428273304841,0.34171144212891347
58.7634035491471,1560.3610569864732,64.7007513365556,5939.489466244592,0.028715392615039206,0.20062846123214761,0.5545728831879915,0.6575100476988904,0.07837871938954073,0.09336910552421639,2.6764089342631285,4.522724366849615,13.772600669825156,29.622011399224267,0.013162931769480496,0.038689028346215924,0.09190434971731223,0.06294048416096952,0.06536056708046213,0.03883641752352273,58.043745665582094,26.671901417898585,56.379934664665676,5658.727406227018,0.28868200942903505,0.3463834554985706,0.5791920771300334,0.7469835283053557,0.18576883029774638,0.1547559231628177,0.5832716903830316
50.03367641912123,2797.475614330946,56.734446284789094,5969.0642745948435,0.1781131465594923,0.3337014226334583,0.6370576804450474,0.8854044144234958,0.2650638773636719,0.21532736727219082,6.440448822362144,11.796979391100656,31.057315670003305,77.60009018463954,0.045871790123785554,0.05653583688710257,0.08336001704075362,0.053499788850969184,0.06164014295160624,0.13617461376875215,58.453322222778574,69.76540508720562,63.92408764538032,6266.647241458886,0.8857169115682151,0.6660617815490157,0.48221363990052946,0.722042345210692,0.4093337337728885,0.6060713380592355,0.09489065585423162
9.228386121736436,927.1515959870377,22.481724836431,2451.1287198705418,0.04682555851308631,0.17908877670805382,0.2658787189638297,0.20658785378026018,0.2636117017467254,0.29879166256875295,5.359964298318768,7.623104702511961,27.9468524723204,47.30192058913297,0.043797879487205066,0.08714961291719028,0.16841028459015284,0.09140676398577424,0.2808823093889378,0.1854422733123204,19.930137182881747,13.035401897227237,20.2618257516099,2406.840458581022,0.26328087189584615,0.23693157795869765,0.22400408805979286,0.24688024502183223,0.36699883268732425,0.3614655285181061,0.7190084181171011
67.75555771936796,2407.778580456227,75.97648067841828,6921.834056874013,0.05798742996313421,0.376087587926385,0.7834378923449166,0.8688416896279183,0.17317951687026084,0.15661739546505737,7.8025997979475425,5.426511572740558,38.49716825227783,86.17525548948339,0.029855461439685677,0.05505333336262453,0.07065743997949149,0.039461671163339825,0.15851897893919337,0.04032298177805648,59.852770692193964,35.380916317114995,60.44940324282893,5817.677374487665,0.33904479733788967,0.5734122746608744,0.7182473244988986,0.6876246844094914,0.2072625202424116,0.37747029942294547,0.18125317724109663
51.33184999350408,2064.373407941083,59.595534201953434,5709.828124801559,0.18903233522108245,0.33908121237776645,0.5429589294725624,0.6435724197315009,0.1827643025615134,0.22407547176530676,4.336547918823511,9.250423064105094,19.021693767979425,52.11039991944097,0.04342831725491656,0.03937830572156408,0.038500855976378576,0.02033861240703954,0.11018533646780437,0.059968016398509946,55.649269320566525,42.12016636246381,55.33085399492359,5318.515620232083,0.9283371542011082,0.5306816179871537,0.4657873945153894,0.5148809914456473,0.35387044054223843,0.460961602272446,0.16178338435586814
41.17094217089765,3339.275631322631,49.231521994965476,4342.474054966536,0.16281070362491887,0.39195796021348883,0.7857921569264557,0.7064843482881635,0.23883719126846012,0.4054905158560324,5.251370171087314,5.623360264768792,27.436446781020273,58.725755764504925,0.024088605670625103,0.07597527859688653,0.1834150356987754,0.07570803782020903,0.06191351782874869,0.16082205486800452,55.555007801915096,54.31278680564961,54.37913411986661,5207.34480252615,0.8346379273028602,0.8353730533325541,0.8681763031205862,0.8298332987079576,0.5244951616423903,0.8345022829290978,0.34215190815363067
74.3512170146038,3916.3104227503836,85.92893152005475,6891.1546900626045,0.19526537478691958,0.4933464255563725,0.8126174796678808,0.9811087134024874,0.4830060710470255,0.3160996024696911,8.049078211039586,13.998828815642765,33.90777736803085,79.3568065106471,0.03480512365382963,0.07267402031058544,0.07602258338419259,0.07747656137936049,0.16000328533060584,0.13004786044224118,93.80465455541096,75.27088129148116,96.74275621199428,8748.05061961372,0.9597640372286699,0.9937973932274745,0.8616112775076533,0.9794201454981094,0.9926451138922775,0.9888414263748545,0.04231172815228845
3.106653244807588,584.3142774580464,15.306566184376251,1162.6842109296142,0.1432196709278047,0.3419011704394635,0.28255709240406646,0.2922269261051502,0.45372482836119576,0.4019231743975102,1.749743258783051,10.062799924898119,11.594436566527069,13.486625867452595,0.015234201294199579,0.08560811246372413,0.11474991007139605,0.05145341801162184,0.18526862884567216,0.15234916192204342,13.418460747453805,15.652047110709148,15.280591632015202,1126.936336140346,0.3200859429395556,0.8149151792653575,0.3963625361721124,0.26732148719346,0.7179793539137697,0.8449475122687562,0.9113477642741608
11.105932544402158,1414.1339117569992,23.11120965165686,2412.83292785364,0.014089828074754571,0.06277721538629882,0.11305716291245699,0.14264174227713794,0.1145264349773122,0.09228894213587527,2.1257787678911533,2.8004242800005215,10.246168962857423,23.196629443883726,0.010500539709924327,0.015950856350454838,0.03118510260542331,0.018574123772133095,0.03258360968470243,0.042040214245791165,26.100348084197236,27.221028405908825,24.98020180317475,2645.600472454955,0.207432425029378,0.15161835959370568,0.14288611460932374,0.2578400890009232,0.1794213924314167,0.23712094672648834,0.9768312277539724
10.530154187219063,1115.5948187601796,23.79981143292446,2383.0466755008506,0.12329483982492223,0.16735735522630774,0.3437696192514801,0.2766615345286316,0.2443617668136654,0.38196471749102373,2.3335906208917394,11.731156321156561,10.958645778983167,24.634588868688816,0.017524066210927627,0.028894380974719948,0.10635463676389129,0.046709878189776115,0.07936470748718985,0.10977957824609294,25.973452846841177,32.179034498756025,24.960277685687707,2664.879929156032,0.4411333903231642,0.33174788705737485,0.3569364701925642,0.3153851697510463,0.47013754934987706,0.5837212590124459,0.7232242400148889
2.3533148203157808,504.57141173548536,14.150466417668737,1767.0589240339423,0.09083087573217692,0.10711372367058482,0.26571969973728243,0.2306115366510893,0.2658865105007132,0.2046776771069341,2.2450813014244684,13.146596113591714,11.302751207852399,21.409650150920754,0.04637274244757482,0.029278613555611278,0.05959323124896333,0.04223431676870334,0.27774114787893706,0.07854857435288409,12.055172352613132,14.709597705804624,12.814187753667142,1351.9810862169659,0.5054141632904086,0.12489272364951458,0.19581676448980415,0.17505268636593108,0.25201106025230996,0.19403002967343694,0.9361842278248147
19.7119899111963,1891.8814336085359,29.373874175560417,2700.156545346891,0.1097110268125677,0.2482394542468694,0.25404383110823997,0.3411837289901531,0.16435228444353925,0.21880253911023412,4.7150226450513735,12.230918225632106,20.17833899307978,34.753858631168775,0.01759244905316551,0.03271489244231416,0.0639953583764526,0.02976445784759493,0.1754989510072064,0.06876124414546776,35.52918893189631,35.03016633373959,34.942745660786684,3568.0553197651516,0.5767888927104619,0.31828725750319575,0.2527684632864075,0.33866801020567505,0.4470252884562752,0.3596772765704378,0.642854188053815
80.94531384297774,2355.0368455668704,85.97129919803831,9350.779936529427,0.06064478882767878,0.24241578964461014,0.506770643309852,0.7190137141745047,0.13025757429919232,0.1285217118918754,6.529611916335574,6.734864096962172,36.81494540973132,85.15108385316873,0.006826222034409642,0.03429683775203702,0.03377669559493821,0.04431436347397322,0.03835836238292982,0.04775193841167183,83.6185885927844,52.950860525753484,85.08855725280107,8792.035150336838,0.3820886587818771,0.4712508568608547,0.4774098995266658,0.8038446394045344,0.2781887871625679,0.3108986584015588,0.3718640209798757
23.13724193764432,1780.7725029862686,30.10493303352597,2835.1231330453493,0.07750245928164025,0.07852889904272352,0.13798446716923046,0.15464559940455494,0.07178478016545857,0.09425195548579604,2.934147815910469,9.222736653072168,15.440013208102972,21.269729692820416,0.034078641327983085,0.01920633986906994,0.05081860198507256,0.06804839411374089,0.0792212141158425,0.03296358990864401,31.813078643612613,31.56507157768322,29.570064794485692,2697.8700029342776,0.34237001231955594,0.15370182284074826,0.16107298479128893,0.2968698379663324,0.11465670114784418,0.15959599256607776,0.5087292032395725
39.30131843165098,2173.4761616431338,46.141564676449434,4237.556943731049,0.09203675689882951,0.36445737387700783,0.4133378901615567,0.39242899119271435,0.14183528924883465,0.2835589632272821,3.0409484399923192,2.180132062207218,12.40495439867784,34.8408945058633,0.007134584333861968,0.038015752193835226,0.04239623848753076,0.012770447805942293,0.10391719846347165,0.05376729872740515,48.269225826448164,46.836910433646246,45.65793063266475,4111.065758945106,0.7712240278327643,0.962252159976894,0.7963620768756442,0.5421165320661939,0.8634186501170003,0.8691272566729074,0.22132378156024085
34.752978636121426,1055.0498812019398,41.100700234754,3721.515699364448,0.02500760091594185,0.11387601751572539,0.32575234070876796,0.38073518064918244,0.29502943815126015,0.060334000355009645,3.4058550635543297,2.9347983258118187,14.66747709582475,38.30471563972676,0.005150372059102279,0.02494186653837519,0.0710028147848913,0.037506707014691325,0.17569576922987568,0.05008210871736061,44.09120658116632,26.66825416825868,41.64370513562543,3952.005095519521,0.18966134974612736,0.4091421622054659,0.3777731634547176,0.4869491681277539,0.9377295695108769,0.181376230902658,0.5936309279586963
38.36125904695246,2156.393277154314,44.820759335499574,4182.553189016745,0.0327670248817223,0.2362344819430094,0.49587342674159196,0.4209596118160836,0.15446731182273954,0.18354762615754405,2.2369807666612966,3.6575900908688572,12.868616696854323,26.679609971732688,0.017231779625207007,0.04689284215238024,0.07152910919941126,0.039253376545946635,0.033149517006574716,0.06877626269226687,48.70244807638261,44.903181291514045,48.70290454784542,4442.6326826123295,0.6189732941541474,0.5911242956824025,0.7108369005360599,0.680169279684242,0.280134660041732,0.502662708516018,0.3710276817364167
53.47658591249518,2532.434446462462,56.175388364276806,6103.008666657681,0.07729428297589379,0.13363442572646442,0.49122446028115696,0.6256690914826805,0.07249295065738788,0.06995993658235573,5.444514846795968,4.375082282224302,20.223002979487568,74.37623302038413,0.007379477218696175,0.013521935792699925,0.04839336643400331,0.024524542945667326,0.030617574482339052,0.03250835393442949,60.822517378866216,58.498756002747626,56.29766551164812,6864.251814095761,0.3651576758878711,0.3671721847835331,0.611564039694311,0.6952946761543212,0.19115505182745648,0.2622857190418003,0.1705782844061503
50.27795868221489,3767.3677583952617,53.15713656570446,5750.742906911828,0.12505047726938062,0.25176687203050174,0.4117902993696599,0.4308959490606185,0.10970435636785583,0.2734154152103182,6.21891521206093,18.093811840350973,31.14646658943217,59.258487553487676,0.044226197698875036,0.06440384014806269,0.1271560587591495,0.06005389610168756,0.08212904796085027,0.13214888542870828,57.86820677298055,83.72279976554968,57.531635956071305,6382.6516922761875,0.6101039568826804,0.47785383704526085,0.4297264535226632,0.44762279706665237,0.13616708764249413,0.4178727729903618,0.658001384882385
28.385491637675216,1864.1734539363442,37.99270348877902,3614.4856871430634,0.08792949934366279,0.3036190012350986,0.47932089783147813,0.39183144544893317,0.1659818699165637,0.34471442972716926,2.7557480566548183,11.241632419967917,14.263006364327543,25.933200820440224,0.04130107180391988,0.07379072572640429,0.09503717918399866,0.05042941848636982,0.13580794773743454,0.1069436002510498,38.535413161828515,32.26554934194213,39.163929036844685,3885.1440001610404,0.3883685114478259,0.5497642631521812,0.45545166166568507,0.4199023945338932,0.2596650370549903,0.4980780568834517,0.6511904801987239
2.1226553125745617,2808.9281026336635,11.148962446269904,1106.5115061049378,0.03285464964396387,0.0629731171093468,0.14102089367589318,0.12614165674620276,0.06503915678209854,0.16136078570687468,1.5245418168181122,18.213957756992926,7.770485196731759,11.263871718052394,0.030070892581752297,0.021322116322742633,0.056467536407758305,0.02965763212744974,0.208004495468846,0.09049525038523086,10.327562990351108,50.37279636825033,10.606441687633255,1040.614640220334,0.19541280869666403,0.12733759497549105,0.12291685153375037,0.113208341187261,0.14055769912643654,0.24603538836203173,0.7572900594241595
10.363293523764673,841.784550326596,23.481402491216933,2194.0945748420045,0.15338848142876937,0.16787476560393325,0.24330391197636436,0.27671250981066264,0.1373570091745582,0.23837247448282467,3.869642003744916,11.723855916581403,18.516194019333078,42.59787911471809,0.0480488409297657,0.04961827612664919,0.044965444382354426,0.031893595209509754,0.2759634491844227,0.10976205030425508,23.048501621808644,16.607597203310288,23.31430821430081,2215.1894647632125,0.5032102206449404,0.3187022929761715,0.2503694718420701,0.26088766018951376,0.21310181040111092,0.3675612732977412,0.7866911020879542
86.818918125591,4017.013316526099,86.30867490922039,8867.186884996067,0.04993041522790287,0.16764934481808239,0.5278982632336218,0.5311276952126553,0.14815069937371908,0.07268350095364556,3.5560275124796066,5.042649480528675,17.84197975061963,48.79888671405592,0.02272371441876606,0.04566051355642028,0.11065725913320561,0.04956138369983292,0.044538289793092024,0.075269582601514,78.61092733016197,72.8247626238548,78.29640205529071,7372.4203579971945,0.6411013032493774,0.5450298394258339,0.7503553206546439,0.6213394436351376,0.39539996020807655,0.3183818467012542,0.06151412354028418
71.29371769770228,4965.09841215255,81.0296567488086,8044.424604516806,0.16572224888074036,0.4120455074442267,0.7396087903088355,0.8458756748096693,0.14291274022637707,0.19442214837774766,6.086872198201373,8.842762195938802,35.34794351241496,78.57776473285331,0.014461955216377869,0.06953131526873829,0.10559040581949491,0.07852666989998137,0.0349190283800412,0.06746456031975653,74.61314669895425,93.15350962398631,83.79704855123084,7594.5875219637,0.8989971354282693,0.9315715066519351,0.8376837561187568,0.9051325393426812,0.32741740670070657,0.6831589528187111,0.13613284238550083
13.925390151688614,787.2115290838138,24.780913938864312,2260.951664871403,0.04469337796667609,0.08433323331087371,0.17422730684686685,0.14057731554794028,0.06070200685931414,0.1449373729802705,1.940517385109674,5.458847617339726,7.91012538901236,16.116064510106273,0.0169615198942905,0.0303707303709099,0.11586788029773419,0.03698129258272737,0.14007769171121318,0.10627219549708672,24.698518064108804,19.517930246240358,21.254068708883498,1976.9436186434168,0.2243091961470322,0.1881940372784937,0.21969785493771332,0.19729681305903665,0.279960833821783,0.276219233227957,0.7076796643528419
29.325951456106388,748.1716306722582,39.65026715459359,4227.948280389686,0.14324009764126366,0.3269044601620898,0.4674850649600171,0.5844821438774305,0.4749950972517502,0.4420267277852792,5.080173140542209,3.8306303748906627,27.24704349305877,66.9706124843725,0.019520206278698212,0.06144364101613981,0.09554631834072087,0.04345420075448355,0.1709558486718342,0.17227508943920317,42.681056472985674,22.262260453079637,44.15639761643574,4753.9832987742775,0.7705813093633569,0.6288832812668608,0.443356369295884,0.6024870208027365,0.8043815479321632,0.8395503081619782,0.5608476834969325
59.49495729265312,1494.1520854825405,67.08572775887909,6940.910032669738,0.16976380147067902,0.3269143244863707,0.5450583352094693,0.6360334581599826,0.25036098297127063,0.365632214159051,7.455981027097007,11.556960724974545,30.466451346141124,83.68559911265862,0.015257761956744926,0.054043034369875106,0.11756631068237434,0.038760646531659414,0.22218048864193995,0.1761781858819684,66.83557331165154,33.521298684273276,61.57835779012179,8312.889924482168,0.5448432804065206,0.43815609367274244,0.4021871498122428,0.48155391082553717,0.4851170447533001,0.6179972780924218,0.4072444871232872
11.419814317782562,2018.645289864942,23.918808658480998,2540.224755088429,0.12429156297569793,0.08685215288399875,0.15365341229282517,0.1912476979987753,0.0979913726994421,0.12931412932052297,2.109995577246503,12.3990532580211,9.452858432301431,20.03371911144416,0.030335832777254032,0.011054811917862303,0.023410690021656785,0.010759599045488101,0.1827320517659132,0.022163161990008964,23.315056529326434,43.55054107131789,21.874517077191257,2634.1826366341866,0.5148928959526405,0.12731714516389347,0.1308547016101766,0.1238074767928566,0.21514940873432098,0.10831464670239117,0.9521044978203586
35.99619625819931,994.1696781849888,44.30019779331142,4123.108293631709,0.11832415691234821,0.31741440710788305,0.5902388919565718,0.594010847879474,0.33892017626555276,0.3638510123809944,2.246796730496279,8.754896120666054,12.896387957332603,27.78796145742062,0.008519486750487323,0.07327943650020319,0.17537728841961273,0.05946556740548,0.20876758721083608,0.12733463344600743,41.948977313099384,28.75465980353605,40.7181116849878,3992.1920342824,0.6818689066096144,0.8525935413438563,0.8684300998940153,0.6260147103879135,0.9872085484122126,0.8913872667294341,0.3631273422477326
68.18724263515558,2398.499320140572,75.61019396963658,6384.726863694598,0.06137504716807557,0.4088586584470474,0.8150588627283218,0.7506210829319078,0.45179278665243,0.1826886003574212,8.80174571110734,11.652621521429687,46.43602849389688,89.83236591639039,0.008343378384671954,0.07926164381282044,0.1498984266654894,0.04589263627666397,0.16200518734364744,0.14808879400419006,71.96300187045323,55.21378659189137,75.42993482846455,6821.200052498196,0.2842476182325943,0.8162315911303291,0.9290602289862527,0.6279266442966495,0.5554072716143074,0.5774175825575845,0.15175878489012573
19.54442692120255,1062.2568519564647,27.979218819513395,2693.915864597233,0.018434641215386537,0.07943952612502353,0.16426777820720134,0.13543245775851237,0.055079097070892036,0.14674354050331062,1.1024021280621088,2.9513702950819796,6.110430321157152,12.338033250126564,0.016045091126279835,0.03796979167374678,0.04036844426040731,0.01688352253089321,0.048737404392036325,0.11431844815090388,23.6689698361783,17.836845642206523,21.413178689617652,2074.295415917965,0.24312163146776922,0.23239381664277609,0.20357428907508726,0.16293179290075313,0.12101242396287439,0.3075244124873183,0.7097647356229191
72.75047741646235,2174.2741802080345,84.00871456498943,6468.384271980417,0.19553491268285056,0.49173094892121305,0.7850588336579166,0.9794563869099556,0.4134992826168646,0.4356296741415415,4.296140025876979,5.320899140055225,17.28040578061478,41.631700830223444,0.03059824585193811,0.08382621308548739,0.08299323299547673,0.08417509081537071,0.17786517085938108,0.18662023644419984,62.156487181248984,43.15728879269657,65.44160083023309,5283.470239565695,0.9266720019274975,0.9752774712778086,0.8448614345243385,0.9858847215845966,0.9446153986287819,0.9857641974383077,0.18427916869082772
24.650494417987755,3708.3230756086296,34.944593920305365,3711.005770396186,0.07091544059074861,0.24499683923040813,0.5374487566055149,0.3976425820927867,0.37747518420642734,0.2810299727181256,3.724958802146751,13.066280772722564,23.420902055999182,51.76840013431477,0.03367320401042493,0.073183905189491,0.12281822261668908,0.033235336387704845,0.1363756208565722,0.09133102486108309,34.190716335248716,64.05048794582547,36.125026748136165,3719.2769461652665,0.6735228424576069,0.5785349345539562,0.5744886301921968,0.37469184616012663,0.5136517496347566,0.5430719086800965,0.8296434161121954
21.88111242888044,2635.693135846771,31.36142074365079,3405.707814585974,0.03843105205642422,0.22890341672809256,0.26759144568214727,0.20786658667655894,0.08729941301371395,0.3269909137954561,3.8956971876195223,4.0139659120472295,18.197400002006685,40.35046786928602,0.012145102102118024,0.05326676649907607,0.07681335405734535,0.028811872599404213,0.03375005281461545,0.14305424214217458,37.498832284074275,40.71583044553994,36.12466054095665,3798.7818489080214,0.2681730705442947,0.5047372417585564,0.2996586599304671,0.2725209277896022,0.11746444090502581,0.6548856709112236,0.5681989391713247
36.644410718866844,2775.0252499860135,44.13693905818055,4287.821873690143,0.16275678124265502,0.3846331421174506,0.580239327573738,0.5623892050909481,0.3416569680812625,0.37868365056511744,2.567575328448633,13.011865220185847,12.397436860549485,34.730080240441566,0.044082584628561544,0.09012989348759479,0.171742349965851,0.06843413186410664,0.1941408123708703,0.17449894329563673,40.048028861164,58.50175111371994,39.20218962493662,4095.700906933994,0.7358769533990833,0.7188491665249654,0.6089735406583077,0.5899795626699085,0.5634966987490714,0.7745981506287682,0.6797460322122941
48.47714103223038,1701.755479594424,53.10887498141685,5203.202535005888,0.13595258494761248,0.2743378124303071,0.6339777055830417,0.5864542100207125,0.1867395606301766,0.3089367884218905,4.588863532643222,3.441494217415424,20.889176134869345,62.9431481443609,0.02511303996449114,0.060904030602063626,0.1647367941306769,0.05227404376392159,0.08598365499474576,0.17852341162432422,43.779228392159176,30.57326226349665,41.621333898080394,4108.31501256444,0.8335233529250892,0.5653878743912669,0.6255023829244282,0.5903237717451831,0.462943742267636,0.6310054093919168,0.5805527511182726
54.75810418724284,1332.4355209879948,60.89148216484454,5273.181509510825,0.11442326495851567,0.2712371302441927,0.46718124350114537,0.6722055905517264,0.44639388787085543,0.10565512221977352,6.262270857887203,2.9993218544891227,32.56552430224476,51.22438596327582,0.020671799803854744,0.04521270323147555,0.06681707036692226,0.07196057583855725,0.08140951423055501,0.06960405120497078,59.9470798262608,25.587379785028048,66.0655134472312,5385.792249514786,0.5238416793076919,0.6039357048143011,0.49041721729323695,0.6811201095744717,0.588234278745464,0.3038896606152809,0.09806448935435752
16.14436196602082,1719.5466286721014,27.00638857040464,2758.6427225299326,0.11170997860629168,0.19396707408286543,0.3927047018134178,0.31108657251657185,0.10700137051593214,0.3789983915720809,4.470856970804412,4.352624106528303,23.13776383242329,56.92554664308727,0.02292825891177002,0.05612047506334626,0.12688137617954148,0.061877332737354046,0.08914676269500064,0.12315026690489694,28.495620661178794,25.831091722118902,26.00511999757363,2835.5882500515204,0.7211691122521746,0.5516742471820874,0.5761146097480887,0.4492224539738006,0.1851810966618589,0.6864545243341139,0.7804093968515816
75.8901377565406,4625.203666225414,87.74902604327629,8452.382004056284,0.15130864550147738,0.4860600195067213,0.8377696583349182,0.8882820708389335,0.4166948398566147,0.40172587222818223,8.846831171995431,10.80348202253944,47.168012134868896,93.59171167175725,0.022819131781910813,0.08371287684290767,0.1545501768006345,0.08661381327642087,0.10982098069160341,0.15623147569411364,83.48411082011305,89.78619139321114,92.89104259421732,8342.149733492528,0.754807386044622,0.9704153646150008,0.9168798256937293,0.960255593011535,0.5919252783552297,0.9336246583493638,0.052873983288732496
9.682483909495042,1524.1773289411658,23.857689077722743,1969.2685710006328,0.05338856350753755,0.35315795645249204,0.5656907352692007,0.37577098964801403,0.46861703075880135,0.46761585309976766,2.7743196956340745,13.899353570460068,16.268111440974735,26.948635300012153,0.029279176401395574,0.09870071824868781,0.19227768424566075,0.07192027031329731,0.1619333097768448,0.19611837918628094,27.63659315452727,49.88754765994587,27.23421078231393,2570.330519018455,0.6846643482426341,0.9514851457194367,0.9387521754696934,0.521635314936886,0.8865209622788991,0.9958235659437122,0.4152482696551295
86.63521016004016,1420.597995485606,88.15589014060369,9729.203455126848,0.06158209642931197,0.18319248995050808,0.6169333791598958,0.8103490315093527,0.12263894043896588,0.13293895637853798,8.187479288452872,4.851170194770396,34.30088195312345,87.12495669430801,0.02303795078930177,0.04072912170835416,0.10248040727979024,0.0706229892060545,0.12997711913642757,0.08182138594241337,89.66784508185489,23.355235927081367,86.71166970785572,9128.46064494585,0.29492123099943196,0.22237862461887345,0.4507081144414497,0.7470507110032734,0.2443999489652934,0.23091407485650672,0.05180702847268659
88.17217495562197,1897.518920898494,94.27686740490515,9269.570797795921,0.16764573653442863,0.4611184365237317,0.8723745509605879,0.9891208804411155,0.23952360863242306,0.3231978233364745,8.895336150684352,11.350504901601363,39.76351108244283,80.56526674876119,0.04319050572146659,0.09227362030002305,0.19517000216348399,0.09989221363513476,0.261679030424743,0.1841419938443979,76.57537957014347,31.701605457159033,76.52360544798731,7248.308533112435,0.7867026433444942,0.7572611955681602,0.8955447499495196,0.9398500406697736,0.40340971852270574,0.6005444493554837,0.07541479254860572
27.759063168687106,1124.5481691732828,39.083777192656875,4061.338750948209,0.1499225057834375,0.3055980889537185,0.6049578470803173,0.6197311256301866,0.3063674802443297,0.4354473395287079,3.7981398575948924,13.304026229109544,17.630524934713506,48.801857358795964,0.042381192828503736,0.05806270136563476,0.08029249877131976,0.05848266595319446,0.1335980586796675,0.12278992312900067,39.18999618015803,24.75102427627114,37.647259745712596,4687.0778231738805,0.8544901199125856,0.39332763557482064,0.3706864121009792,0.5343461608763997,0.4155870517727767,0.47076612520226174,0.7801924333865696
16.13226285890178,2711.5227963934312,25.86164950752998,2682.2074339123374,0.05146324062196882,0.08388965970087278,0.2232748841600798,0.18897982641029148,0.2288402791082682,0.09054037695828106,1.7601395805452555,11.037654007881036,8.566690187216299,20.692744251456407,0.007832826298534424,0.023175741586577668,0.07120130952006182,0.013427224311530915,0.04868529212073363,0.07208987029505695,27.14380432125417,63.65023009093277,25.09165033344763,2583.317084463745,0.20583828032432155,0.32181980134702876,0.3080111734224133,0.18250132471910477,0.29714039120790475,0.34976309784065446,0.8249138233735063
10.237458377777036,781.1698363020719,20.935903762170078,1875.7898360853644,0.010667793206061692,0.050580446400689955,0.1275684658501062,0.11167548739993508,0.12354255800525293,0.07418245762878588,2.1196161881299687,2.860311678553317,9.325193005593558,15.488219521284387,0.018958832453992415,0.011685528135870957,0.029552529454425665,0.013699779670032126,0.10624656152538095,0.02706860741951386,26.297537268371332,11.617974006973817,21.77071671137393,2076.1192804077605,0.14124800857568012,0.10417074974252098,0.11466074179391045,0.12181633421661439,0.21801395276718438,0.11260522883108331,0.8384141935143546
76.30775349595427,3067.1062385142836,87.24719855194182,8778.332146028491,0.12247621465730044,0.4869672791685716,0.7960147867013645,0.9828036538629905,0.37370165265282057,0.3745423644301409,6.0865532239932545,6.371452850748741,28.28901054733281,57.536776657327096,0.021141859236434177,0.09050622961114277,0.09254753766113484,0.06297138080817771,0.16169514686874026,0.16755397928067792,85.20807984476319,56.55847126711575,90.42646990376636,8358.965357892637,0.7203205116878603,0.9693276398239964,0.8134627598001907,0.9258276387242863,0.9297374629905252,0.9479141413308746,0.019514409609492134
86.48173310410107,4355.002640140854,85.77583440836204,7242.122866838665,0.035029795951375675,0.17946976108151583,0.4651412417458556,0.5180556637096662,0.05943679389122602,0.07421863274635448,3.42902803842956,4.013075653139828,17.99832583939296,35.27315279713115,0.014319533284730228,0.02608923088925921,0.06570627014370838,0.041978169732241985,0.04363254723027067,0.030252964986548652,66.7267738771312,58.85841810688815,66.79492099335485,5742.845265686413,0.3024475591739856,0.31055461239035587,0.38714983928412705,0.5230578392788653,0.1640636066803073,0.13053385181821017,0.22629402127164455
19.507312497364172,3083.8754840879437,29.67770107863654,2663.9728127291132,0.11195484091530404,0.385621605196611,0.4385147394114498,0.3778023452268733,0.47524278430159717,0.4011662415991584,4.907062674101447,18.8183195395765,21.593967746596096,31.986506779494867,0.0229031539004379,0.08929759853275807,0.1571606567924512,0.0858122096129309,0.19912194682844261,0.16494471086968063,37.87557078615997,67.76286078350384,38.34581956462615,3654.402295170465,0.3683154083415618,0.8887766993866557,0.5903733306098524,0.58950639533328,0.6267497195130547,0.8271119637548779,0.3378397030003597
21.724862625306535,1094.0764111922213,32.542625128205415,3126.9405757228096,0.19631547368772265,0.3906605974501788,0.689665859161462,0.6220840644524311,0.49646450815225995,0.407947853734783,2.439358889741116,7.427702044663997,11.706140951154623,22.49885879350679,0.04282028957363119,0.08104671113043782,0.17020591296453505,0.08124881527941627,0.2850614884995381,0.17038218513939013,34.80685190383375,20.93238428474935,35.54095479290222,3307.935657132665,0.9656666639308398,0.7435275525769371,0.7595740987277986,0.7472869656707872,0.9579516701988274,0.8339686039644216,0.36355058336534923
20.263849457747693,1212.3399236761165,28.678121943119656,3194.5509753658584,0.028052525476870722,0.1264417191243667,0.36685743623727435,0.31604404034168304,0.3221524035575344,0.18722484172808418,3.536034138229246,11.240600403397279,16.689543075866133,32.76992242853879,0.011578175808435539,0.02406121470955778,0.12086508046491228,0.025676354282589693,0.07592590460242356,0.08316912944995022,35.43750272565873,32.576981345135266,32.25698957163978,3653.914373345918,0.21168231164075585,0.3819331457556028,0.47600333137175876,0.28386292809677205,0.5736722070217705,0.530941489982748,0.6325118010345392
