average_score,difficulty_level,play_time_minutes,game_budget,user_rating,graphics_quality,game_complexity,storyline_quality,multiplayer_feature,replayability,update_frequency_per_year,bug_count_per_release,average_session_length_minutes,download_size_mb,frame_drop_rate,patch_size_gb,server_downtime_hours,latency_variation,load_time_seconds,error_rate_per_hour,max_players_online,texture_quality_score,total_assets,total_revenue,sound_quality,ai_difficulty,player_engagement,control_responsiveness,cross_platform_capability,community_support_score,is_multiplayer
36.559005279638136,5.0,78.13474231036835,220778.22144278802,0.016385057962634064,0.03326988878716475,0.18697994603031304,0.07315108312737019,0.0,0.049401987665327884,5.288244096825395,4.322188689027741,13.311981557113974,3168.148379754748,0.06060265465762921,0.08817271568017865,0.42658072429640814,0.031653630331424674,0.1672140643338898,0.01098698487039433,49.94450877729372,39.30005260788313,129.23472384192237,17685.63353849905,0.11755918641215987,0.05604177253480058,0.14183520349082274,0.12676825331492403,0.0,0.11137621374881322,0.9325370344802362
26.672290813077268,0.0,74.35147163435796,146168.44149851985,0.867306021319099,0.5925678752396436,0.5555518381075231,0.16965844932638396,1.0,0.8412212623235836,2.703325977800005,1.7382803139713527,10.13187523122986,1095.472532558394,0.03829011004519254,0.3783005273603649,0.93787640099925,0.06581949651152798,0.08334950363074829,0.04358807054887514,40.50211612977075,14.184592937958621,124.95407977457917,8213.013580510653,0.4265707112732377,0.7027049912605643,0.7306821067626904,0.517046163592314,1.0,0.8136632006700736,0.856733498459466
63.92319989113108,5.0,141.39408910319764,438969.5016939773,0.08850725826821226,0.2041052202060516,0.5001837308292213,0.15070784494109685,0.0,0.036920771550415676,8.062721211908876,2.666661545335122,35.80794565337057,7649.989099857111,0.046450764115230865,0.18767171353577117,0.47522629995013127,0.033110283142107545,0.04328287185533067,0.012265890858845245,106.14888722570777,47.13116386398958,268.45149683255136,53694.728719976025,0.37511411996295957,0.3345140387069947,0.5688503693019933,0.5618086284324846,1.0,0.20920392781095745,0.5770770817526678
64.65040151221474,3.0,143.3951637653729,525216.1939777333,0.026139371647988408,0.06610463039241465,0.3260574920512411,0.17310574466592726,0.0,0.03349536767165889,3.932592152690344,0.6973784793734898,16.185192714059546,3944.5625578055933,0.020699074296763542,0.02733814656122205,0.18730964415278245,0.02308215256221085,0.020484335006346322,0.005604239109093372,98.34346315366416,36.620352390111705,245.28430895418543,52455.740379455485,0.3187463700948203,0.303261174769797,0.5344936698384375,0.558649039134961,0.0,0.23161017099187423,0.5163109183321727
11.46972925410141,3.0,41.81068962722801,69498.41177236334,0.2087699521906215,0.05229698907490177,0.09803701450189384,0.008007350881436181,0.0,0.2627203690469262,3.443584691224233,1.1567065207276526,10.38955219628211,2099.7893350539343,0.01674140267067832,0.04978033430613796,0.3246485035439157,0.010956950601530093,0.029644193505753064,0.012995984876049025,32.03698788816474,27.441059214289652,77.91773067395533,5964.490366949355,0.15223258078466875,0.06841917394597802,0.06459527054068426,0.016799028371432434,0.0,0.2208870311111566,0.9957655663644339
54.689448203732354,7.0,110.15456869028827,340424.1360489081,0.0992587385000796,0.18420211133795467,0.135381375808111,0.05180304962340123,0.0,0.07171817310825973,5.050325219004928,1.2186899358175152,13.466064511131936,4522.458506803733,0.010869947679559707,0.07325939337013784,0.2816205285848068,0.013678723337004095,0.02021270842969477,0.006757716097245212,94.22242138289528,61.754512384129896,243.36014549086926,58609.72079789592,0.16245623870109924,0.307644499024409,0.1793565811665298,0.20727517706545545,0.0,0.1702320695696141,0.8508755998792124
40.89526565371258,1.0,93.61927989205479,204651.42205973747,0.8584596419089622,0.6096625933645778,0.5055196587549063,0.1901579940088899,0.0,0.8333498735924165,6.834926716506369,2.9657105719706776,25.45057570361671,2996.753780304541,0.027326794533426884,0.312981221899664,0.6138761405048598,0.05877864622418152,0.0765973158178367,0.02624277576296362,73.02797162369113,28.42960858953788,200.26257914113108,29917.958275572775,0.6617642670483861,0.6187238160818413,0.6917903847569271,0.5907385237096395,1.0,0.6318111426136227,0.6085054996265119
78.02027326505083,4.0,201.90649697256165,703875.3336895842,0.6081098672122901,0.7669533806750309,0.9266575743422858,0.8280613615000936,0.0,0.7179274193187521,9.763606167111114,4.4485514292037855,47.74408599358121,8702.24170471227,0.09310557241034773,0.4710144354542505,0.925476705155226,0.0885028872243442,0.12648302911313877,0.04932961430251915,146.94101124793468,43.61609767943654,399.9247567001049,85027.59045371511,0.550692474676666,0.5894706178333089,0.7121915770120163,0.77247159700302,0.0,0.4900819565286294,0.3256381311872996
72.0885455822094,6.0,183.40897516631298,611751.7041390135,0.7132986711455279,0.8019295079479564,0.9252832200611243,0.5267899066947397,1.0,0.6282076720345648,9.698497370159588,2.6782066762441357,43.46785840637066,9343.917876437583,0.04506943968530208,0.41344769530223546,0.9691809661253561,0.06141007587316252,0.19266324251587583,0.0401184137744032,144.05250801905288,47.99598193423744,378.40215553295,83696.15091569972,0.5409745123787787,0.8382965330517449,0.9208566599407308,0.7488189906721633,1.0,0.7895066989843827,0.27796719615364357
58.985966869491406,1.0,120.4904957478464,390768.2144343697,0.6746711692048156,0.33755732663155846,0.3070585724133275,0.29255860772255743,0.0,0.45177520017701983,3.4162142671654605,0.0062570993311075185,7.365738367949069,2431.975479600096,0.012651485284924564,0.006308842314712265,0.09684268188155598,0.016991264358799187,0.023967179014096108,0.006967342506054022,95.24930285379779,16.099397791816948,212.55805791204645,52650.601818844734,0.34309247436841933,0.32562472275358223,0.367798349099529,0.5556367080389241,0.0,0.2946652809862931,0.4827190827212241
83.18776573735371,7.0,222.12254817839911,827862.4129386037,0.3293231451944162,0.790219058413947,0.9556084870302055,0.8479451809462503,0.0,0.3971160057871795,9.062614068137524,4.597918811188052,40.88912131590833,9138.084937666694,0.09063265252006855,0.46015826799541604,0.9709376364954526,0.08770051503261966,0.16152536473754023,0.027514756107361846,113.66591043791709,57.10977160230231,296.0846905907191,64895.94493312048,0.33512635735628016,0.834832925885004,0.9138930523419323,0.8986192111015565,0.0,0.5147078095074481,0.4188240313816043
98.50481016796707,4.0,282.60234799894874,768873.8429261382,0.8856774323117476,0.7951184944533942,0.9268650761747732,0.7694919710379048,0.0,0.41082486395487444,8.27121161216039,3.9878488018429414,37.03791015621129,5251.068043252704,0.026917712311359563,0.33274646283487025,0.8533680874875349,0.06751678533737716,0.0652858437072867,0.02367058035970758,167.89991996901819,31.870357041433248,443.3624692651045,78065.8368349904,0.4646001146570761,0.5690707113698171,0.7984076478611486,0.7877414648038596,0.0,0.27514378786673765,0.34691966097926746
66.96146539039512,7.0,150.92137598773527,435056.6667014795,0.07650484449355865,0.2433906090487972,0.24202003459879204,0.17169700515517386,0.0,0.006773760475578872,5.772147808095597,1.950651644060105,23.00109066053758,2913.9100273140816,0.011274669777895156,0.04883766699532946,0.05055375234803722,0.013207033550391004,0.02099124370903093,0.005108285306696576,102.32679277625188,70.07666464396029,266.19312866350884,42545.09673077109,0.3269342052324671,0.48085591945394224,0.4595157796109446,0.5925309016627412,0.0,0.1628645248722328,0.2406774745706864
17.654216317059763,8.0,55.27618627625794,48505.40548216843,0.7323687540782784,0.49861770464400373,0.4715049690672526,0.18760501803784163,1.0,0.7852653813012506,2.8307812352037716,3.5346592745393672,8.31527606153649,801.2450570615975,0.08969557253716132,0.3028736247845556,0.8558441357932479,0.07410528847276347,0.18300637316141583,0.029271429580654446,32.72980097237081,64.65760817034973,79.51911319643311,1500.1117623517755,0.7844771203713308,0.5148300022810799,0.6377015759201305,0.5522613350702227,1.0,0.5638641253134552,0.6833880847376297
66.87605352946589,10.0,156.79100329761508,422424.01921296795,0.33600095628450616,0.8537846986419899,0.6650163242137475,0.4668362119453225,1.0,0.570618801896365,5.03142944479459,2.3394879845713703,12.899321170638249,2566.7317520515708,0.04230730732011547,0.43658368863057145,0.6411283488914143,0.08359126287670297,0.1326325336424776,0.032184256372801236,116.81462258851533,61.383136821650574,281.7651477608528,52621.594084979835,0.3204837235514068,0.7474753041056849,0.7240482924715537,0.8510881499149173,1.0,0.4070802668561429,0.21967560456633295
52.62479877658497,4.0,110.97219129715887,324509.87167989515,0.22340719441236345,0.6633601943018828,0.6256505158385407,0.328055156498372,0.0,0.5816588220719277,7.587496213491896,2.8435652299435796,34.6122530459865,4599.273652195612,0.07822607120504675,0.4679570505427374,0.827331400860738,0.09750339153808298,0.12026287048357016,0.045061786781557256,65.25888275568231,24.77125490475206,184.03876664944815,20980.87551263513,0.14723549918722748,0.5396089769627344,0.45358132225010017,0.5478038215690206,0.0,0.35449990397248415,0.5893940149273915
57.908831975854426,7.0,117.04287371534987,335039.5790200655,0.01703378229579322,0.08014999049737032,0.13299986506947276,0.050230728662810066,0.0,0.03252182934672232,2.783766081958598,1.5711049492917981,7.295311187647375,1298.437504656567,0.01069170373805202,0.09850467981352387,0.22517165451951388,0.012256737560214684,0.056348531846462546,0.007127573494016198,90.61277237173623,72.38807399919081,234.79076861524698,37351.51455827693,0.1555017209971268,0.3825859762597641,0.27511926425117755,0.2731782914746492,1.0,0.1551850676073302,0.6341242483114807
36.29480372886455,7.0,79.56891452084258,227770.01276377728,0.7198472317446918,0.1462250087441775,0.29758817178194075,0.11370895896525274,0.0,0.38972431635391747,7.74454380829008,4.882254125054341,22.17084992620881,4313.513751200603,0.0933533533388626,0.21898853502446772,0.5429757269438451,0.03838442014087917,0.07535111665431099,0.02133749838035375,67.87922780636133,74.3005379334877,165.92369785690155,29179.410539687487,0.8633068082405824,0.1470898911437437,0.24809476850473527,0.31141954083436874,0.0,0.2422165405375419,0.3795605516943511
15.708077119465365,6.0,52.75198846762669,36808.638381051634,0.25657746868299763,0.3234092712539238,0.07379100861796628,0.012398934039174735,1.0,0.2906825473976468,1.9237877039535487,3.0931442530491893,8.96602577379782,669.93480863753,0.01743301957408697,0.09257045672867056,0.2435853417038561,0.02545469462112149,0.152786068271303,0.01034619192240422,33.312567533487936,37.12013445827368,94.44951200138603,3542.0685309202313,0.153181634998892,0.414284953904986,0.24022958385210819,0.1765891451733203,1.0,0.24053160625417663,0.8689953140047613
10.251270467161454,1.0,44.70740223779798,30216.38572246405,0.42969283131629754,0.26538974031749274,0.05430577030051614,0.01619566932016627,0.0,0.5787045300822943,2.170571423022423,0.4163955017403276,8.489894454163014,1384.0758315568085,0.05025886615951851,0.05988907512829822,0.06104554571324072,0.012682420171533424,0.048238093555598674,0.008244418538333154,28.158023155401903,12.392077624714053,77.43913173940264,4103.342781884805,0.4393428019989396,0.2803416899583935,0.04987072410278748,0.04879424200517385,0.0,0.2779778468498603,0.8160012356738405
50.603332566098935,7.0,106.58051011248025,279141.0572316457,0.6014631399260818,0.3979354143813939,0.273348442248028,0.1532145008498742,1.0,0.2962179073923678,1.8210443915707861,3.3519925734238547,3.202472932291319,904.6349366437363,0.0473196622809481,0.222769401360343,0.25829844254250545,0.036624853600390035,0.14563165843630296,0.009954825974079418,60.5190391161509,46.05812285277944,149.85269432744533,18786.573856025145,0.36766087202163655,0.5492381909472842,0.3613092060035784,0.5233499119242706,1.0,0.419385526681003,0.686978400131825
84.18996651678725,9.0,213.61975671607738,659111.5013339235,0.5859300677595579,0.5583784661150539,0.6990041378274106,0.5963001691442086,0.0,0.057262974233360686,8.7562835492622,1.1172829890078195,37.15489728006939,7330.869997300071,0.013250102191087004,0.053167407757779866,0.40502793960614913,0.0609342810721952,0.024389882939401246,0.005675111201675156,179.19694060261602,62.4267291674608,470.5456708409517,92287.22711128498,0.33149904411446446,0.43618978027779837,0.58167982602507,0.8388669575285186,0.0,0.16037808405732598,0.18450514850463823
7.385006896805315,3.0,35.34211638430004,64487.839311780925,0.5708618135719521,0.13433306808945644,0.07672183105068842,0.01853406290159985,1.0,0.41055207735810895,4.564617884285602,4.078767806589893,9.910276618644925,2099.2554924469787,0.0787209709504138,0.07358730997272983,0.47201859078197295,0.033080160177931604,0.09458117794045992,0.00785434707836233,42.566655742953,31.846608451912605,99.7956469118852,13010.426244898666,0.46390703408477363,0.12047384192554939,0.10206940329364517,0.0821937658822125,1.0,0.18525419813873714,0.9338092408205274
91.90188854918671,8.0,255.4596585321046,958781.4632509483,0.567848431802743,0.6952234261853827,0.8658785100529347,0.8033112882228025,1.0,0.36256106964889084,9.277168801731294,3.938832518445185,40.6824501597275,8856.468929456716,0.06970017568667923,0.4261860464853938,0.8081372805820335,0.07820968331716813,0.11177065515023257,0.0343789894387235,129.49086500983336,40.564989308786565,325.20508368414755,77079.50526732349,0.31311367366180215,0.6940816255836932,0.745576753901172,0.6990183119453909,0.0,0.30548596092207747,0.25531973061578084
45.98388184315213,9.0,97.9460842914021,255853.1475544069,0.6533573897584082,0.3167829828895011,0.14528381496401166,0.15049450081204876,0.0,0.4705421454052114,7.003968103714941,4.90843555151285,23.953034656410292,3286.6428395274374,0.04472639611991399,0.24531537009157472,0.1646177372124123,0.03649367275623516,0.14000293818874227,0.03293328208606398,78.84882823660912,64.64213164321212,202.87687137260113,31937.885229458923,0.3189746518768099,0.29541001223689833,0.0868507055584728,0.4015574203880178,0.0,0.27392495083208934,0.47178910750983016
7.6256367010645505,0.0,40.51909202209711,40417.18628090514,0.40332468191774656,0.37889952955333417,0.12504322856739652,0.04521561578692941,1.0,0.6027429504292647,4.201768417699171,3.1242511708905347,15.165591060810751,1084.2479476032893,0.0356698177435091,0.2216552178420421,0.47459802184067806,0.05479441446081458,0.15994587868942878,0.011151667593764921,34.711884661838454,12.207609859256436,98.10000289717134,6582.458402707742,0.2526862091999451,0.20041104594830944,0.19128476006425027,0.20938969010201286,0.0,0.1948821748979642,0.9116221792550373
59.65312010722131,10.0,128.5098714385943,327282.4058553043,0.29705504573802094,0.7618730073503208,0.7959823324041964,0.413266510578574,0.0,0.6252905372312729,2.517200381493787,4.490348976610748,9.005848810230765,711.0020365888829,0.07740836078516049,0.40682789492347593,0.7996197804144288,0.08649780629375693,0.05894085618194698,0.031791884810461614,73.41933550331213,79.8730095972593,199.8433914325467,20225.17919157938,0.3935419035317022,0.7895400620805975,0.8358044460086744,0.7636322184381568,0.0,0.6302603179786999,0.46966360180667854
91.30404991466331,5.0,257.99545089209073,743430.0308197448,0.9306931125765556,0.8247302007998345,0.8751640877171315,0.9004588193314293,1.0,0.38592409874704636,6.679133802525936,3.665773726190505,29.745478578745047,5215.45550097675,0.06316402757163955,0.3684713275434881,0.6932126154316219,0.09664384002662658,0.05286874299387567,0.02898042621581856,127.39198507127385,37.562619878239495,327.2482479030186,54499.248363341125,0.5531440440437605,0.7786690385713475,0.817441161803532,0.953586053429843,0.0,0.5442678637405982,0.1474320207616382
52.61540402132407,9.0,108.68381827923953,318048.53913113184,0.5847686313586339,0.13883391254292382,0.31797910287336284,0.20114693238245854,1.0,0.2943653526619332,8.803849961707146,4.527580694768712,38.85428326322451,5350.20989429284,0.046802277012133214,0.17855790331288857,0.3025295021971971,0.055812857012241555,0.1902103798846624,0.026311324166330474,85.71496652497088,69.47115063035774,207.14294666601745,40129.92513048477,0.22612179826198225,0.12549254537249738,0.1361889356022269,0.2932203870073238,1.0,0.2660364462191184,0.4585234163083016
14.032454538312848,1.0,54.041549217453415,81592.0547254562,0.4912200217493181,0.4434585598333771,0.45627069210572263,0.06604108224049329,1.0,0.5505191407282803,2.383561751389805,2.675675605154175,10.369912062356942,1812.6424293534403,0.02397074555635531,0.27037547944831597,0.699124699576913,0.04485554740795648,0.18043558460181663,0.027318763438219488,25.055101519177676,17.526545251767434,77.40704231500213,3411.387144752704,0.1640504074376028,0.2769318052941133,0.3173675037542807,0.18665240137815114,1.0,0.31503992612442433,0.9902778438519078
67.58900970047209,8.0,152.61857266826746,466187.14790776605,0.16831757500015054,0.4810145632401813,0.6153344130338876,0.3613943943454117,0.0,0.2295074468923245,3.467438175603486,4.118291895952918,6.835175735832252,2656.639930982522,0.06162522938972971,0.30154090834323394,0.3728701244765048,0.027139643554388262,0.0265812485673375,0.017974532277861725,102.12589302274137,87.27073474694737,243.6492646392422,51729.32355251408,0.547739243613041,0.5874053271805236,0.6012540995540232,0.6723729010046255,0.0,0.45111803002621254,0.5669191374154968
55.50308781593591,0.0,111.93570615475755,312545.7803180162,0.10292723512615415,0.17520383528224387,0.12909750542651804,0.1048303358471846,0.0,0.11265936335561233,7.167395105408543,0.32474691636553477,20.237182576097815,3505.596428619343,0.0547710778382635,0.11746565469361553,0.09953247171617474,0.023052326887488386,0.06774050441313706,0.008850162640503896,77.74223516466054,12.594264305396994,199.58181574485147,32064.13877694253,0.19653072729361984,0.1618767419237534,0.09275445549655159,0.18117158656018822,0.0,0.2029866805794559,0.6374374922409506
85.34770851247856,5.0,222.26528268892423,850268.9753749795,0.4863227470290634,0.3547480825470536,0.7608300874058119,0.4159095241904901,1.0,0.14045094645948963,6.933350993968459,1.0239873294950184,27.790676478529598,7875.160995501163,0.011303795932775902,0.20175826215985154,0.6778651465940511,0.020053313410563267,0.08681982929260734,0.010686521364185256,121.63847522989147,44.92967331774425,320.1480521159345,70093.3076512147,0.43519216660725424,0.5621251581528373,0.7372603769087541,0.7552687153103288,1.0,0.23186992477546794,0.6400155211023332
41.16953185096191,0.0,92.62639614458712,242830.3892109936,0.3630789793402338,0.3346544394123886,0.21248186666388874,0.09767863912609463,0.0,0.38784559034330257,5.673672453323681,1.2112630013375476,18.578110687692867,3536.568942098349,0.05129650531216306,0.31588935306485244,0.33780663402297073,0.026747341384385198,0.06027523560487025,0.028253475653034155,48.717072357184634,10.91240646679469,133.02127798988312,16387.1850010606,0.12263021701950846,0.07506410038504902,0.031093758773439284,0.0627515274499717,0.0,0.1722945489745446,0.9753715458498393
44.12518707066562,1.0,94.88416280449712,234824.2089457903,0.21702051127519245,0.17210479145252455,0.06430654394641971,0.11130484064482576,0.0,0.25663350690550935,3.774478172903177,0.15390076747615433,9.312993046699228,2181.5925180749978,0.045811674921641364,0.12117052848753904,0.20474359843192652,0.0455664683454791,0.03619076720961393,0.019710353197629253,53.38447209710679,10.777366564250242,132.88399994685662,13774.778430127166,0.13096527416007336,0.026446303597204235,0.007928767340621867,0.19573843677421865,0.0,0.14288602297300027,0.9659633437540734
18.215174997000684,8.0,58.224856234629954,117097.15383901162,0.4098035936287005,0.6520174029783637,0.37658026958996627,0.09947201845496409,0.0,0.8881662879056728,2.974774681314655,4.51613886192008,14.927591201401896,1754.885548699451,0.08849458663491876,0.3650459128987145,0.40541848251958124,0.020990130580637634,0.14827517249975464,0.02136837343644998,36.20910762917683,58.07852933265589,117.6798268264116,10476.447643394997,0.47860133380885556,0.6200961552615321,0.3817531136028447,0.2782965776274856,1.0,0.6508129894417797,0.798285454869322
38.07928587404969,1.0,86.24209744854389,232790.0447178665,0.5153158359723418,0.6030681524238884,0.5274172249358033,0.14711220143886,1.0,0.8526824280970082,8.424579690948624,0.7767340435354391,31.19557737738063,5046.865817761816,0.02900013327301697,0.42988512055392925,0.7348775946660671,0.04044820198416218,0.13678295063145784,0.048517020713531,74.24619394230531,21.691689919092077,195.8302558090283,34173.73275886569,0.47545619371416376,0.7501214122582667,0.6083610525789597,0.39564281523571554,1.0,0.8865742291246549,0.47928396781383625
39.85123957659625,6.0,91.34508243622345,175452.511493135,0.2387974054309404,0.6154114874557443,0.436466063182577,0.12507782857283395,0.0,0.652107077680206,4.305216154662082,0.8827699991642055,10.789209364859964,1326.946519110037,0.03592191606171814,0.4570736562968388,0.6663054558757038,0.0473797302140053,0.11956246489485849,0.03700599337181044,68.0670512556145,29.614466333600593,184.28176087047433,22043.116091382533,0.2473629717874182,0.869359973966471,0.6355955011831491,0.4584307637363982,1.0,0.7035818926217315,0.3462539109931966
11.537229130956078,4.0,43.3791509051154,74507.68364473675,0.016382923611810707,0.015989453462877223,0.011618080290303034,0.002287549733309868,0.0,0.09275951595382348,0.9272113869547249,3.0178514005802675,4.200833259169991,571.4569454090129,0.017821580863425023,0.09074309811467704,0.15925226182610958,0.016509651947425166,0.031758503919028166,0.008481461335045593,34.64041010944256,43.69528162440343,80.36655639469684,6572.1891177759035,0.12091968670220239,0.06783374375090567,0.061166014675034575,0.044342852788955,0.0,0.1387356154761092,0.944074292536596
19.568718648001376,4.0,52.043814225778874,53815.36378124127,0.00019119723453153714,0.06884124405963743,0.04355524694451124,0.00458229202046781,0.0,0.28982142637573577,0.026020478074107345,2.0160775520787744,1.1387015818462842,106.93208031066852,0.011611704128963535,0.06516174407871414,0.3669355879014946,0.013871789661449278,0.02141256662128924,0.022458133179021737,34.99840492146209,31.79930542520445,73.85827216417148,3737.7310651475,0.12033909811085826,0.3169535129468055,0.21527934964423812,0.03888506573263251,0.0,0.48029175930787454,0.9598810117555925
99.89905889454752,6.0,285.0359040117695,866116.276601544,0.8946877475276716,0.7792163532281029,0.8038544892291811,0.7912475592948065,0.0,0.32013104718925295,8.946960457150743,0.6187895712168647,35.85261718126633,7002.4565006300545,0.028628668817497475,0.31372802813074396,0.7066372971707788,0.07222063460948656,0.09992942980873118,0.012461298848463693,199.65188233212896,39.24328017684179,493.3837824481617,95451.0140970116,0.6616277061589505,0.8311306476014049,0.8241259862113164,0.952367464232323,1.0,0.4532996715081811,0.12319621321468832
38.81237194041416,7.0,87.24738415774699,166657.20118538497,0.054537254448914885,0.2169695526851158,0.2247700127593784,0.10968194166034825,0.0,0.06861381222252688,1.0672547230032894,1.6607116839872456,2.826388305875807,309.61198961593516,0.02888504537351691,0.10070320701111513,0.14960798434297434,0.0209249922433791,0.044561065671909324,0.009677697623826715,55.8459022100189,49.71035380640298,141.97550808350974,12946.120290741334,0.1604919596002257,0.1682958879110622,0.21534884123452014,0.3669681666099665,0.0,0.14400682569999854,0.5009961504298631
3.2595463902211037,1.0,33.00771178910231,32631.65178451956,0.1402307439029915,0.1393053791712761,0.14010810438609567,0.009303818639779778,0.0,0.703283052530321,0.3879255550140819,0.4652510509379324,2.197965850326248,766.9254554763282,0.022650775128406405,0.08965276132725536,0.5694839234671943,0.012378097361057095,0.022593675380977223,0.013384556924643649,30.502780236333194,30.2457415466487,74.70247074983862,5510.968977526105,0.4461328579822108,0.2359032535734097,0.44041426034249176,0.09342928206715034,0.0,0.5509199830646253,0.9880929587040137
58.80751383429373,9.0,124.99515082716802,336370.78879910015,0.5049677288391803,0.7069156297691971,0.6034625772184941,0.35989804927782604,1.0,0.41502480850622625,8.569157409087847,4.270119971893402,35.46806232423845,6309.3707211614455,0.04273584457862427,0.34608276995793447,0.6204153707106641,0.0934881066002698,0.06920535254854268,0.026088340297847123,105.46671418266791,82.89261001931821,258.24835843614,57231.1515493077,0.3100286948366481,0.4960539556316744,0.4562946213370597,0.7382140403023145,0.0,0.3554720543890377,0.17600810136625678
88.9053449153339,3.0,236.4832077924899,637889.2169930656,0.1997692132701095,0.4368705272797937,0.4235584441376637,0.3162400893351647,0.0,0.01778788300786205,7.669833369876221,1.9110650783288183,38.707919908755,5186.342142671668,0.015219718779610703,0.12112138619074603,0.3220593638991544,0.042701715537569934,0.03803665303788505,0.008190811201874617,142.3105648767527,28.129951386976327,418.8914924408112,68782.69363627986,0.19516075554758375,0.24866647073707865,0.3857300495404409,0.6529174816997236,0.0,0.13598063042323527,0.24425036414567147
69.57698125471637,3.0,170.64829476136103,509241.7253383287,0.37671673565537456,0.7665755234836811,0.8373810387323349,0.40652621403038525,1.0,0.4933021473609412,5.0046807647930205,2.6585561934193733,21.862525040385574,3217.0750294866075,0.05977199701127074,0.43784727096157994,0.9754433591670839,0.07227817046781648,0.17148152751780743,0.03202599203397819,77.71781970558077,18.49357958460361,226.6326925291823,32270.906878148624,0.13151655213319988,0.45095910973133385,0.5949542126947968,0.4838926466865934,1.0,0.17200844148590605,0.8815507967107561
21.975848351039385,4.0,58.00897598977274,92923.0181153046,0.005626226993557415,0.06590484983906397,0.14694711218136297,0.00871227878808504,0.0,0.18380100709089198,1.38020348556738,1.0101225355247276,3.0004720119339385,547.9304353114379,0.043927924068937405,0.2889169782432408,0.6123117375893133,0.03534823131991145,0.05720097098975878,0.033643484518197805,43.69148560192585,23.124449125305173,107.7489020480433,9574.635474999503,0.12556409137195676,0.2094589438216679,0.3493589170741952,0.06559495413253186,0.0,0.24883972345796676,0.8111830433665163
71.99504575855772,9.0,187.2083619685497,463477.03256187425,0.721468037981432,0.9489786575523134,0.9024599617661067,0.7615875571708469,1.0,0.57726678247712,5.148779073526423,4.488869864527697,22.922663153689022,3422.662416961575,0.07395194662601304,0.4413757395901269,0.7647404494255609,0.09020919246687706,0.10262121938388538,0.030592973798363732,89.93398846425148,64.82717046493684,256.950871437265,32464.811997674293,0.7131361962749283,0.9726259727753286,0.8919395715507725,0.9352499276522488,1.0,0.628452533941176,0.1829802115008038
5.407076303477609,7.0,36.103581484786794,10819.106792565402,0.24487584134823653,0.28786511537144577,0.1131179482201064,0.031181629001227687,0.0,0.4701336225162085,2.2837765735745004,2.5384828667310866,5.157377511269441,233.0145014555819,0.03372476666755055,0.3312107690394672,0.5001055517244521,0.03642491975588844,0.12514415453352443,0.03135768930157814,30.643180413982357,33.72266832347899,78.9167026452805,3048.015493847727,0.13616576750913134,0.23906919964238094,0.08143530515214753,0.05904957129837679,0.0,0.23743316067196335,0.9618913052294031
21.241555322933753,0.0,60.22670467256263,104015.56555879847,0.17654263984930219,0.233223070850499,0.22095129447783832,0.04803390641790118,0.0,0.4315641473909633,0.9902326487249518,2.9862621482466634,5.475046880078934,849.5174921926848,0.025389495409733228,0.2782242856205301,0.49727321263437296,0.026746622034565726,0.13440269971880808,0.027829225310654182,23.823688768140926,11.353643636550608,67.09530211000184,2802.6671250318623,0.13139646420017675,0.31019437743417166,0.3117595134152561,0.19664652341269367,0.0,0.2530269891504923,0.9784509799448993
37.354919949043435,8.0,89.83218854805322,194589.82736479832,0.3442962226566566,0.7334315876684823,0.5561117650486864,0.2754983268756757,1.0,0.5925781720877034,5.73981593688513,3.71017700101257,17.74227892287736,3129.586430420373,0.04896931149149441,0.4634135060087838,0.4757484349230778,0.06587775560746528,0.057720996329089024,0.03014996099529762,53.01941714862972,45.56795541848931,156.9937855501867,16800.953922132565,0.29621282638589597,0.8856045346714062,0.6419039400769269,0.5452734419971608,1.0,0.5431561905373639,0.6254337739275954
42.16595821243183,9.0,95.36173938566158,263874.9182244175,0.3591314619175989,0.4132492916370432,0.625984320646884,0.17342957316774954,0.0,0.4911624851078783,4.806817113118582,1.9514875293633183,15.257016537764434,3302.310591271909,0.07097835051579367,0.26586151040553285,0.6646681577106208,0.03874551001997178,0.03907695531227822,0.02298585827861107,60.964258190574036,41.821899076092855,170.0611994368262,27199.31460476679,0.4006762700232621,0.5199470134421573,0.6270772897609592,0.4406856658646165,0.0,0.496784593587172,0.8178021423860854
34.71161510520006,8.0,82.41866828668276,161528.37076227937,0.31306332839413153,0.7399216092248719,0.7383206385521266,0.21320430516571195,0.0,0.9425350637319093,0.7923117274659193,0.8868178727331435,2.2614230657514414,461.00006070003064,0.0141999457601396,0.44816435268673493,0.9328164519232501,0.028806243855760635,0.06593048142565171,0.038668731022923605,66.39091022197388,70.61889470556613,172.9262551293124,23758.270359296916,0.34967654722446534,0.96468944284713,0.9216865385396887,0.6243561662487143,1.0,0.9660309206500427,0.6101043321443397
92.58109737142159,10.0,271.12832574372163,885346.7698874485,0.36307969185483335,0.8317578662169443,0.8693450703578257,0.6870515478169296,1.0,0.5675506313119667,8.585663766468697,2.0950616080488977,39.04409835922606,6097.161612300665,0.020885261934525026,0.30508894672428105,0.7024186594685288,0.06813891439152225,0.08903349685406145,0.026047427830535253,147.70793457556476,65.52899445101909,395.6280374900529,78486.68177823252,0.35062735795886285,0.6711764879928342,0.8148963220277211,0.8729473669561933,1.0,0.33321134335635316,0.22958014323602305
38.837230918277065,4.0,91.54048850366257,225548.95090115225,0.9053771199567472,0.7226472566133241,0.7718200243277755,0.3525301618292098,1.0,0.9566016810840308,5.977558125527606,2.8553098886584043,14.06651846895899,3664.06524478977,0.0700804376180401,0.419818501674534,0.9568297029316347,0.08535612994857185,0.053507482354686164,0.04664849180521947,60.10531273451817,40.10155165183108,164.3125498148515,24910.572705288592,0.8668629582477805,0.8144907697308079,0.9029316340854404,0.6867709117682932,1.0,0.977990880093521,0.4944862725574685
73.70679076329455,9.0,178.63051264538987,508138.08291059546,0.45018919501848104,0.6496662738886387,0.602945295687097,0.39357340072137303,1.0,0.5341301520759982,7.530990756029624,4.546376951162718,22.48188788444776,3450.20658325886,0.017659975073679605,0.2437918174970167,0.5927784849154742,0.04117381022910725,0.06510242398666446,0.03350383049957239,151.24165541628082,95.42229245367324,347.98233860175236,72870.39620931365,0.33414628457012907,0.7377970408312813,0.627004719954202,0.6699651822028618,1.0,0.849411145247635,0.17987024214400033
60.87725973632833,8.0,144.21600867125963,394944.77403313934,0.7882575629057935,0.8044749169495748,0.7837556516532667,0.5310661860508019,1.0,0.6787434806452003,9.106630271907132,4.056094106589409,46.25274586510847,6475.686398140784,0.023666177915441865,0.4074781996073549,0.7542029371795713,0.07900477636123054,0.166572156069063,0.026974989813821165,97.20770479621629,42.380639546133466,276.1061804622406,45260.81334306333,0.18487705422675377,0.7552377854282143,0.7760615055269686,0.7011357629332944,1.0,0.35365980133349356,0.294071787224607
66.6945838488607,7.0,161.3313908914732,460007.9583478032,0.9283320871288931,0.8536219321244113,0.7799707584558695,0.5611329285119405,1.0,0.6616110608200748,8.875862649000378,3.6307429327580745,40.595450248024925,6100.932759705935,0.05979128476679926,0.403547551614779,0.7190420844930216,0.0659044768179447,0.14209609384867558,0.023605188478812166,122.47877734407072,66.22206219516303,315.1134793237692,64365.950095762295,0.8457507347585022,0.8165124759017384,0.7868912276872556,0.8206536793967534,1.0,0.6220486574172684,0.09504844803489954
73.78323158877753,10.0,188.78013452972152,510679.81419239135,0.9262107464400586,0.9779886681864582,0.8651129976497496,0.7926988200879248,1.0,0.8213933642501476,4.648736003571839,3.387696462015216,12.203845734365997,2985.3867148946556,0.021905787559101792,0.3337098317931774,0.45748468132705933,0.04374688823853685,0.058006340010903434,0.012368780666888617,133.81095705965572,96.99693060623035,353.5436696882153,73316.21104862673,0.7703796704148107,0.9929844764750602,0.9171707909169085,0.9349535246495166,1.0,0.9217825358817122,0.12151688945791284
93.66378622570639,10.0,256.1083356315692,738421.3955100696,0.5118030839457416,0.6328731427943532,0.8116300038104568,0.6558733191476587,1.0,0.2562018743850609,4.779142405766692,3.030252473286385,13.98770733979585,1835.4784420647466,0.013470075672921987,0.14760254527238356,0.6683242998381843,0.040929200602612126,0.02999602886088736,0.00900545337258554,157.97192716393533,90.2432315142989,390.50229918608585,64771.86742716699,0.2779318199437586,0.5991649074535315,0.7857273468615508,0.8675637232598411,1.0,0.2816675120903398,0.03654217299010587
49.94549806265244,0.0,107.44197615760598,326841.9484956129,0.6716322228516206,0.6398789126957252,0.41486624221831864,0.2564277259311254,1.0,0.5662036083941469,4.375141163060968,0.9255259123190418,16.078058207304156,3199.3524659192603,0.0356149054813001,0.21704468492026027,0.17832139082782794,0.019716938292331405,0.13027081122084808,0.009741704400272307,65.62196472205311,15.870117749072607,190.023561888331,28523.671683516757,0.3958238404765855,0.559835273188185,0.25900363304585117,0.48829634990770543,1.0,0.35338415092585257,0.8436948565993826
30.600143483744333,4.0,72.2075551039567,132896.70650177766,0.5178469510394076,0.10329335617458424,0.04179697266137056,0.03988405754350738,0.0,0.13375819087974794,2.976552298877339,2.276328738536783,6.089572830208775,1272.6976391142937,0.02220170298345526,0.08867011159708607,0.29587203410404106,0.022515925491953626,0.11145156307696634,0.01592975061327726,46.1142703379653,29.029652717223378,107.26910987206432,10415.17514605916,0.1818139513202832,0.10308969082837305,0.04846242019698377,0.15440193117971723,0.0,0.1948139079870322,0.7238212768980167
21.010346827402955,6.0,64.20010330058675,71862.84991864445,0.8849134727198416,0.687013942486994,0.5987398799458494,0.30790435812754596,1.0,0.928266172371979,1.562659789750887,4.201878590802252,7.5463930317108145,633.0617586625972,0.035206690331127326,0.19358925277171588,0.5620136628278048,0.06250202290086636,0.07721641781487032,0.014386574064211404,42.10680014800241,50.12266792619621,119.886461068259,9177.7790688596,0.7275727929410867,0.481131898151003,0.5714206554283116,0.6288576662061586,0.0,0.4604502773964468,0.7773664633177468
82.3213057515855,1.0,207.75415795431036,798368.7387682694,0.5301462912904228,0.4774457519220068,0.45442868006804343,0.35919202206500456,1.0,0.32749374844974677,7.299694425264276,2.692943540162363,32.17861820206943,5511.563668318209,0.056647907375009264,0.3089057894821015,0.2608713139356986,0.03432733523297693,0.07096428899490356,0.019430176775633627,99.91749548299782,14.022352609519544,256.96179863501146,50076.718177218856,0.16446075187159093,0.29887661707645036,0.12924815881753832,0.3991702033454867,0.0,0.15004883464719992,0.49980556940564325
64.90736407845596,3.0,145.11015989110933,436876.6406931194,0.5868447860393733,0.3093767774137673,0.469317197437074,0.2474462227637542,0.0,0.3240282841952227,4.580821279706345,3.1250325303207394,15.804853518978586,2095.642281963623,0.03272409005593355,0.1779717512039704,0.42553013886994473,0.04597514375676305,0.05970897004337227,0.026027067097915458,89.42775907130444,25.878625618044918,219.74536060289,36258.76288581387,0.34961411772343753,0.1628620836571174,0.267120983058692,0.42199428548017626,0.0,0.26086151494681165,0.37714036434850123
29.43875154727408,0.0,73.1975478327115,148292.869377794,0.2808726475287725,0.11126861460369891,0.07763120723478917,0.02144718414610022,0.0,0.19219715947465338,0.6644348934368818,2.3229286076671904,1.835422018758728,788.8666187653483,0.027147177224946965,0.055301535878919256,0.21858234409875937,0.01044715281016043,0.0273086098257451,0.009189691107736847,48.81338928990757,24.236160135456995,117.28301746280547,13176.636645969966,0.25913614765924475,0.3134851352474425,0.1601158476772142,0.0629856863773221,0.0,0.24024948677763544,0.8776660620252251
73.27026052020625,5.0,167.79022049119158,562458.0545180789,0.10407230421863867,0.2573483691305932,0.5909993115616571,0.343387226923329,0.0,0.164891924904288,3.4186886724601733,0.3593052790223821,11.330288382587097,3146.8516706121427,0.011200160976535272,0.0598025962140831,0.39405754129921844,0.02000625697436253,0.02222287756807082,0.009232608312763414,123.89332391811233,52.36474292649539,312.02364600231573,71577.90073107732,0.36880872083565847,0.6270801812837914,0.8153183499903431,0.8219767084485063,1.0,0.4198757898083403,0.38336549725653174
59.01435607203412,3.0,130.5800672725344,328478.7061625057,0.9859581437910332,0.9309182786305954,0.7509115201149046,0.599630406134313,1.0,0.8366275753304631,3.026432304419922,0.3645879582774887,11.593863887436582,2046.501978671153,0.015753793663558606,0.24254880062120343,0.4362444287774328,0.04368310074252876,0.0756032481308641,0.018077201972991664,105.13910242288101,36.27042799511944,282.85817153404133,48608.27086023141,0.8963618702194633,0.9804753669490953,0.9344429887515853,0.9212835206954741,1.0,0.9222396901475409,0.1401023226068513
35.0138606745428,8.0,78.58836562600116,151404.92665885622,0.1983726241867605,0.2567442230946344,0.2549628824989073,0.10545300205762037,1.0,0.327221073008153,0.6352175345502244,4.042298560727449,1.3548813436891969,222.17888393594367,0.015076787242917711,0.18097558139191483,0.3440396622831314,0.013381070678608551,0.03224620841306572,0.013608467695321836,53.55018763866395,94.76963721409398,140.00761520101412,12353.981241554735,0.24494178544351655,0.5117035199115517,0.5470852777540873,0.3362639867858126,1.0,0.4959569130143485,0.45152471081619006
4.876709367765677,3.0,32.221138554407176,55518.62114226565,0.34716547753873245,0.01581578139212453,0.006586617006365925,0.003830275162269357,0.0,0.17010511044853965,0.27572934142684513,2.098279980266954,1.8298344024809015,563.1772036080506,0.04765342978706983,0.007973349798619911,0.13786275493856565,0.012258355796141538,0.0484595847216728,0.005533780158813584,22.38783374453032,24.638774936569973,56.079416062704034,4661.561635195453,0.27528745661585063,0.022497890205128435,0.011855572871818376,0.011418772902871965,0.0,0.12994603704315869,0.953284125858459
28.56684430223917,4.0,76.56506914573015,177496.01920813488,0.3217756768597283,0.33513076780348783,0.19411003778626565,0.06548326344894792,1.0,0.37017097137194366,6.558665036518221,3.8774704618903666,27.7434580192016,3216.745482584798,0.030157251518588467,0.31265020632683865,0.27395270227922774,0.025806193349884727,0.11573896678443446,0.01573366830748212,46.645131519734186,28.466186853601798,134.5639973514608,12446.096568528339,0.23210966247933312,0.35938644388515617,0.2541713627774118,0.166447042343014,0.0,0.29580208852915774,0.6166012678223844
38.40298191013308,1.0,83.64688603231461,148479.45567119573,0.22754156720330315,0.25289443693779834,0.29860984850763816,0.06075198443170488,1.0,0.41450912049549177,2.921733229508483,0.9213384390037911,7.680444660739682,980.3160327404208,0.013398820519431096,0.08808174240564595,0.7023800603853119,0.03920592314819521,0.025217389521675737,0.01787190946604317,56.03549359223279,17.802878281082222,152.4917578926722,13420.579088493378,0.22036073159669192,0.1914650658007831,0.4485445893997841,0.2787143545262274,0.0,0.3151204676706843,0.6658110320181447
27.552169955594564,5.0,75.37727891038915,164429.8077744666,0.46346657432527866,0.32606877462257045,0.25906219842602196,0.10570447804042188,1.0,0.6572037752295561,5.9654050133622425,1.9005842656813043,17.873538246632492,4332.932145925127,0.03489841552825686,0.1949014854388227,0.4531668039970743,0.028642340340842946,0.14802975431089743,0.03143178781554126,52.30181289047872,34.391054924268786,148.02250118478003,19700.116139580477,0.32355070165312116,0.3073661516985777,0.15326133621998111,0.2580580230652121,1.0,0.339589914252132,0.9391490809205825
88.003904752106,10.0,231.63914740606924,655818.4882574095,0.5792128422383643,0.5023540802080733,0.42926809943844796,0.33957244992724583,1.0,0.13237255910543072,9.089446989890586,4.140799663396981,38.43819054676117,6236.445921067838,0.015610950758731547,0.05459022573663888,0.2796031732705878,0.030778071265875253,0.030080184121783406,0.012401700303660935,153.7359568768785,88.27022070010324,393.51417666530585,75901.7962177727,0.3580552771983501,0.1645579319239474,0.19045936490129833,0.5774988675463013,0.0,0.14066365018336105,0.3350995499940825
25.247485231034993,0.0,69.65737487853895,116028.14550716206,0.7123296557416705,0.438735333563419,0.24307926500222665,0.1262398218002832,0.0,0.8240098582534751,1.1207485018827796,1.7934479560660224,3.5031510934306582,449.53505053631847,0.017687584920257227,0.05629963941586413,0.22573869430242066,0.020805772237284765,0.04943653379798633,0.0239173331573,36.314318416498196,11.986787888452364,87.23499166985701,6256.645700516821,0.21163796351971245,0.1389799082005348,0.1102527834983803,0.22194043316423,0.0,0.39532728950786206,0.7710804176612855
79.26964823115841,2.0,195.7389324673109,668076.9012947844,0.47966471358818735,0.5969582599635938,0.6270688262686052,0.48964095862707496,1.0,0.0954243706084838,6.497701519852854,0.02022116339989788,20.265939298452896,6205.8893351690585,0.022242537202892196,0.1525810983793493,0.3083027502402622,0.02199721082356679,0.053380816634890534,0.006436777743463163,138.6885660412565,28.75213899448197,374.33681984226433,83206.97319088459,0.38641128991693297,0.5248055706487015,0.6255742825732581,0.7193063247613138,1.0,0.18528665132637367,0.5078329030097841
71.00723771358182,10.0,160.36808371252485,512063.859078257,0.23123892908423715,0.3491231712003802,0.6401748384893734,0.2916620342536786,0.0,0.04935610527024836,8.790266394665412,3.300573838592063,32.18284429299581,5821.9273564086825,0.05026651133705315,0.3698404551819115,0.7532671740270733,0.07940657179995154,0.12931839009917864,0.01749953856357337,125.81149222290652,56.19663975395679,294.9274225623761,73106.2653521935,0.18390804385851806,0.5561074716237321,0.6351085596288942,0.6511522248623856,0.0,0.23211395085027808,0.16569171813375072
40.71949166287273,1.0,93.0990045845542,243863.793422124,0.7324041613299093,0.6292204700220674,0.715461229490348,0.2402023693319202,0.0,0.7914244078183362,4.817840166781898,3.3467273526435606,19.241753173205662,4176.8477331180575,0.02722231459535592,0.3775568121987362,0.7801637954137782,0.0328579701073444,0.06881122915857067,0.026544346312149428,61.157844437567,26.472966242291367,174.29712317240754,27306.412184340454,0.4808052376773979,0.7942549008028605,0.9062220566740771,0.4794685945094546,0.0,0.8554852197848184,0.4773181491076559
46.11526690078716,1.0,105.00577585786,293510.95708861016,0.7810756605272005,0.8481216888151626,0.6928884570939373,0.3216739336748536,1.0,0.7901307362990035,4.871328781727545,0.266246247811154,17.783583435969557,2754.5328774259474,0.03264520202397558,0.4257168373921536,0.5766402445901146,0.03643667796285881,0.1489365502372931,0.02401740396141234,71.33747784124247,17.42540121281887,203.26750907306052,30391.254630430398,0.6313996127020238,0.981171203692808,0.8648553457917172,0.6954711973527227,1.0,0.8896216411958114,0.5072817879744601
50.339196716615064,2.0,102.72203250137996,281029.4661482366,0.1685513310003982,0.08257226642287474,0.10703479001153365,0.05445482762520047,0.0,0.11044618218303814,0.9436855225412097,0.5793941036979855,2.6213189878322223,848.2180297156735,0.029187446790269543,0.06309122698327146,0.35091230567631815,0.03171089262678375,0.048102858444684864,0.017214469935469833,69.90621725023611,23.763954366938833,177.1119633551783,28283.651811145155,0.18090505935596443,0.11672141976724609,0.11372298183248347,0.27808494388413707,0.0,0.20615701336091846,0.5802471716131893
44.50365077303951,0.0,98.5675568119816,237272.68971070906,0.7826532678204129,0.553486959452373,0.6433605421984986,0.27182417232069017,1.0,0.5612757683634099,7.95840076895443,4.0108582341256085,37.43966974277922,4409.9035041429,0.08947903530041712,0.32401148299662197,0.7920444754889462,0.0887736600067313,0.08295021369150023,0.01938542737047984,63.91429017243665,19.040256103749744,180.5693123533218,22019.079100338233,0.618197819005641,0.41909904938580755,0.6979107878149636,0.6211143757445365,1.0,0.3759376353137985,0.5653912801780296
97.76567252916792,5.0,269.6223660849224,781008.4374926345,0.1541733894747675,0.3947431452362049,0.638337619438808,0.5364064079880413,1.0,0.07861810843314604,6.706445844757911,3.6013227065457145,19.324773884519768,3285.803752374104,0.027284100459280265,0.2923172122298383,0.5970737216910788,0.07271829540020501,0.1268423151824561,0.017973735376983907,139.83077355304462,28.084424690124607,322.08234563363817,63395.31333686661,0.10549556405620732,0.3426937208182509,0.41242937349627334,0.6970408893737726,0.0,0.13185174842229885,0.3938822411950119
16.16791938857631,1.0,47.27818243340697,75369.8042254691,0.5602071388569946,0.21144020287302398,0.018904268714008632,0.050459258339058795,0.0,0.4616911822583719,3.702902603956635,1.3704923997636136,9.392555808365964,958.7944713304942,0.05970952381570478,0.1700527090807235,0.15006900382537802,0.045403814959667194,0.035014381559935366,0.009908632133001853,40.883958822863576,20.45995319959747,104.12010375184767,9898.2841695097,0.5765394364646907,0.44428326788346967,0.1931700877295,0.43270903000478655,0.0,0.30724798564311573,0.9101333241487999
83.48824917480023,6.0,221.68885987110636,659760.0728922238,0.23859519867378604,0.7325380955796297,0.7807224617531046,0.3629078049988336,0.0,0.5346271373800524,3.39543046022814,2.0774584142907213,10.836238986900144,3465.8231443569807,0.011871739734044994,0.32464699184036083,0.6733281949965697,0.0453455792525312,0.0224540778418238,0.0255817856940335,140.47898990570565,49.68785509971473,354.7455489866137,80422.85182577836,0.2787222781954132,0.7965701442768629,0.8511400210556515,0.716803328900333,0.0,0.7192917761906406,0.23525049388762614
15.428462743027914,4.0,55.79680640741783,88653.13143484005,0.6224824786706271,0.47714245099358527,0.3065169230771489,0.13610457273690188,0.0,0.6686390274685068,2.6727908286363506,4.072117552255939,13.213593243240657,1246.4472891744474,0.06062555112166348,0.34736829780727985,0.6377200748658443,0.054101840404514344,0.06919912194889562,0.02640392938504427,32.52343219033553,31.005825295094347,91.42661350590637,5908.957649795948,0.33194110196345533,0.3472365614839004,0.3097234560537121,0.2985364317813109,0.0,0.3934388908825686,0.7758055152917496
7.517349291095385,2.0,43.97597692446102,22908.779902494178,0.4772098456554773,0.3367726718736342,0.4180798437496665,0.08883149919659544,1.0,0.45263385333448064,1.988581781313493,4.549224851190139,4.638310374398934,728.2592042801354,0.09365430941492948,0.3188520127769663,0.5902535205647487,0.03415025424718772,0.08263137128214373,0.028899577936722393,26.07257617530302,23.275233525583637,68.02863643910496,2256.621407762829,0.41471919466933294,0.20779081583138503,0.23855528619678434,0.08408419853184534,0.0,0.28731638873557935,0.7127052663290082
82.41725525034096,8.0,230.72721398164128,751533.9894842119,0.7507739154129491,0.9292261402638164,0.9984633584924492,0.8193728028294188,1.0,0.8589049061683272,9.622551957682475,4.64929886557389,44.39431261669219,8099.389097469745,0.03534158620951586,0.49728116628546504,0.9959407092349855,0.09419326558616081,0.09682696239901492,0.049465125974916785,146.3712031048089,59.88044215209476,418.9739876233092,85341.24225590608,0.39379296960761684,0.8442928236251518,0.9923413964436039,0.8380874081322283,1.0,0.8271772700539168,0.12567966300053512
78.29569173224856,10.0,208.07713354058723,544718.7345653782,0.5595166372784943,0.9647054092873396,0.9968009554895365,0.8555893169215213,1.0,0.7951569183001037,7.987332252934676,4.95279331565752,40.224807080882364,5475.595586789019,0.08388488058066224,0.49985584273544137,0.9986167839208601,0.09948638739852472,0.1986108337462621,0.04969593651420581,115.66180541855512,74.87534801481641,321.2427530824469,47387.90189275903,0.40052227930439904,0.9147891551454883,0.9907916144494239,0.987660962488073,1.0,0.6402279304120696,0.3532139340865213
71.23308060879644,8.0,160.28513287821653,457520.02501540777,0.49955432102487596,0.3752898270121045,0.5464679789326433,0.3432650542682789,0.0,0.23061164013971225,7.388413367859802,3.720965743728783,19.154149517215078,3545.6652424833715,0.07143071245903439,0.2140866671780244,0.6041336396181299,0.08077822770756987,0.07144982919262564,0.02888448671452852,126.55601681669195,52.251250160755426,283.6748614005292,54889.483077180514,0.4645742327352744,0.3541363455663712,0.44086983880154723,0.6757674156594778,0.0,0.38241815808068247,0.3910856024636199
4.443712680861125,0.0,34.65591908334637,63727.9757883949,0.8645656348493014,0.25245799885877207,0.239799436575035,0.05790439326459794,0.0,0.8708007781023749,3.4850994721378927,3.8540210772849797,9.393560265630471,1442.8342286763486,0.05689022267328124,0.08004279392943289,0.5260017178434122,0.017876929248367347,0.17918893916900297,0.022578874706972066,29.512434114462323,16.019983172511907,71.52344814857928,7043.661836393932,0.4873619964601608,0.030232988949406625,0.12487153395848788,0.04179970140850564,0.0,0.21343914601749292,0.8472387531638857
24.351561966235014,1.0,64.80802694869186,155570.8160549333,0.25855384369286954,0.348937682015492,0.20697939829795198,0.09970867900137809,1.0,0.7281155033257892,5.432040173982743,1.5847122405902097,17.24293181838685,2184.3342099743486,0.047621298853034996,0.2651293712485524,0.5004502268936111,0.06477707026051771,0.16139304557893905,0.028676562561781076,53.757931728270144,13.342481334781176,148.96483771403217,23803.569773703468,0.21495409192876985,0.2473826482443035,0.11838956140347429,0.3537294843194521,1.0,0.3755604907242769,0.9627848746047799
58.781601310908044,2.0,123.20401375318032,430025.2721833163,0.5366168191276783,0.2066953200421002,0.417937415024019,0.19377188698795972,1.0,0.06265465099201045,6.348586746148978,1.3861855070372648,21.649523655561577,5290.6275467582345,0.028743852152829936,0.05881655231910468,0.25161189328828615,0.013275047255478881,0.09867144642254144,0.0054379063867485795,78.10099114509728,21.37969028634495,201.51132313912464,35561.40962874736,0.27618951818940657,0.19797877823165677,0.43623271076743175,0.2399778980343859,0.0,0.1386076395531082,0.6490065415074396
35.71425823845894,6.0,85.46264651321711,172955.5069807006,0.33971257250945497,0.6642570942440058,0.6115836739313559,0.17785555081267518,1.0,0.8060449729538899,1.2418322392891934,3.7878583341000045,7.944462688122105,1027.74547262082,0.015464401852734922,0.3649161749568167,0.7389104713462042,0.03974684829061371,0.16714548420066008,0.029513270617384978,47.79017255948914,62.60438453423808,147.7476493907012,11186.442135763327,0.31979327996287016,0.8734686753236273,0.8275108091918368,0.6411294223912931,1.0,0.713202710759222,0.838129249342778
55.92441459760006,8.0,114.37659885675338,397420.22480636195,0.40597837989443664,0.2805876555325436,0.46684771501865596,0.2821452178726279,1.0,0.4255975952099587,6.938512789317841,4.3732414545661715,20.783846222273585,4820.065784588248,0.07528090973108685,0.18027498036830952,0.3640744881517504,0.02762634243146574,0.14560877151983886,0.014070153871863608,85.05491268204334,78.6118414866787,212.17443225071705,40856.214732394445,0.4978641645322345,0.2506131337526553,0.34191232749633677,0.4902216903465379,1.0,0.31437842496281126,0.3282255771651739
56.05645325432025,1.0,122.44580095366553,354745.4163139578,0.6871583890871892,0.6590316321148157,0.44957327703509287,0.25274786467610955,0.0,0.6374272046431322,4.34010096217726,2.7461218753539764,13.361138873564672,3093.6512567217965,0.036728564252302275,0.26484557667563474,0.516996873298213,0.03381972381016889,0.09241378773689805,0.03221401595537065,81.31440499235747,27.69313181203532,206.36580307476902,36939.039458959276,0.6202686288938374,0.6550401455232691,0.40565542077329475,0.6085108035452979,1.0,0.49451977183423695,0.6949495536541987
80.1326909488107,10.0,202.72052308807253,719407.4995241363,0.8233913379303059,0.7668957609664696,0.8654128711901532,0.6618529647492555,0.0,0.5056207608135033,9.756617761332661,2.751099762078006,45.7473204206134,8477.69374724291,0.09574228759395073,0.3339839372185087,0.6822110948787825,0.0574050660524897,0.08866524548983565,0.013302993931479485,135.7149220638734,81.59163349199375,358.29393620296815,76514.63815020373,0.7032911723838492,0.7995261149388513,0.8787884646198497,0.8127233569123132,1.0,0.5429255002111718,0.05090046451289698
96.13937543034234,2.0,259.09911257031354,870758.0699515694,0.8681177353225578,0.6822891536278297,0.7479393364329274,0.7618698000607002,0.0,0.4214913907591156,8.169670748861593,0.35393512508831027,28.93529348642169,5414.032599444802,0.038287168880728945,0.17419493683068887,0.2827423015454469,0.061782451026446666,0.08584427218133166,0.01759178939521525,174.79717776318236,22.794285440098587,447.8841092140654,87880.94549264757,0.5753438064583235,0.585482329638941,0.6361971659404017,0.8690570142150762,1.0,0.36884486099062047,0.3568118324450236
5.71825889849454,3.0,39.14792755903506,22831.777760386572,0.5103602629835607,0.5851457267559989,0.456957473250749,0.05312333646634042,1.0,0.7365368758051757,0.4793001199465188,2.7644908902970142,2.121759735590929,410.07373191627767,0.051767645394447344,0.3698985508512739,0.896438064932211,0.0497319424410308,0.05098848428731357,0.028716196208988524,27.880269050347586,36.91154748225812,77.22536494568881,5088.376546892063,0.64841698122571,0.7174046537586274,0.7093630666435352,0.42353837056885024,1.0,0.679481370861922,0.7351772428183586
75.29753789992697,8.0,187.17152181906124,526924.03981237,0.17157626183158214,0.5586753813138405,0.6401102108619512,0.3266612859462564,0.0,0.24899976988132064,5.813671721263929,0.7568505962432148,22.694441425318757,4575.28323107653,0.010255509058400563,0.15415953158117995,0.46202608034589115,0.019369856244464006,0.02679746366483496,0.013001153579371049,118.61768640307872,46.657824429440275,297.45877430823447,58529.99022031747,0.15653160626235982,0.6083398351925576,0.7249057166675993,0.6580019274501595,0.0,0.4613688123569586,0.7090664827301599
20.6726718632637,4.0,57.37664702724865,116502.49355142952,0.10737164698995133,0.03996635370754681,0.060496510953024274,0.008668333404507051,0.0,0.3618194876636468,1.1254773039814623,2.3490285456998126,2.666098179792319,590.3514635528869,0.06895399723322403,0.12291056047008439,0.2967045721050253,0.012537513148719499,0.10534927718675464,0.025768132139868317,26.480862050834343,22.340674506153967,59.961248234767865,4266.718058838468,0.12768309537209097,0.006623065902801373,0.01817998820061756,0.001086092852878806,0.0,0.2039267443005336,0.9962545031288368
31.03479284504207,3.0,70.89901481180085,164932.79112739733,0.58953423531035,0.027639679218862623,0.04427853676161919,0.06854380116721753,0.0,0.05240960679446399,2.2513541089964995,4.389798007490201,3.7813267762292533,1079.9974021572236,0.03446808167943575,0.0009264796953081245,0.014805784992135307,0.01352061339829601,0.07257911427686728,0.005115731503384471,43.50499190962305,29.33778218864849,99.43553546971859,10526.030995227435,0.20341749553896527,0.03230106499295338,0.03796995872355591,0.08079892954405526,0.0,0.10680513388535726,0.8646060750545574
90.23770472467221,10.0,243.98509862995584,773508.6529674744,0.8056818860128547,0.6349422785767707,0.5648652620688008,0.690301398985028,1.0,0.11197778118060192,9.777140013976744,2.1127284591001145,45.28144499174142,8296.352207545267,0.0268589143817985,0.09119404741656661,0.04705740480659398,0.04990965879040901,0.07356616224655897,0.0062934539569504235,199.6542003730995,75.42387989555596,496.01626109093905,98758.0925886147,0.41990378791633853,0.5552019801987663,0.32374766845429315,0.808464971466804,1.0,0.16262584229501478,0.06972447209607024
48.29734417187402,1.0,106.36432360117388,294879.6857162644,0.7530008749613404,0.43688416605363856,0.34930775805736614,0.1807834374032315,0.0,0.3896838061601093,3.364509771134352,3.1566261137297613,13.559544987453691,1909.0545845633872,0.024306005818225836,0.07199572830306639,0.25963961871974617,0.018026506330515512,0.028456994773578725,0.011001378531463438,63.2876799151842,26.528891198908102,188.23558119097441,24888.763932883347,0.5006618173792358,0.4492776583283026,0.4928897726802625,0.48539744712517924,0.0,0.4756004852436179,0.625578446978604
78.22778147308236,4.0,207.47192149429983,676044.1899878723,0.9289042307538027,0.8817134284415298,0.9564077524536354,0.8320533059320373,1.0,0.5383054832904249,8.091939834514186,0.8814402672563195,38.22460934254109,6042.266987718388,0.07057085501273712,0.4375847420172166,0.9706278448270238,0.08453866638685224,0.19085236433623187,0.03567997396396822,134.43999136879484,26.603676416064417,363.2207167554773,74430.30601114898,0.9083211464957076,0.8155587838285621,0.8897296715823129,0.8922714037765125,1.0,0.5651558291576901,0.0790725201706064
69.44854980986116,10.0,158.73165165897376,463773.28863369947,0.05568759995805028,0.5184943626426285,0.6020003199643066,0.2254949802070746,1.0,0.2524040730661268,5.582563962959602,0.8286399505141249,13.029985748770539,4373.688831005064,0.014401135366199939,0.33741001821866856,0.7984337896055077,0.04624635758830204,0.032916179759575614,0.021668669266656376,120.13817307692476,89.82400409545133,282.29270940831094,58881.617530659874,0.3241070273637237,0.8923403257751539,0.9220680711048744,0.862126566549061,1.0,0.8395175714287866,0.2962445925214857
26.049189608856732,0.0,70.39085184287894,99679.01960689286,0.7357969321562544,0.35772778996608906,0.23220511574101924,0.06311117536701487,0.0,0.33161918395524026,1.1496348292223142,0.2382952030302139,2.494814190599585,634.0338785924716,0.04160079560446959,0.156609145934791,0.36947059215017897,0.029330005766844677,0.03104371027840385,0.00882616618822553,45.46726186539471,18.798168507997655,114.75004814304748,8640.269578670359,0.7419124543393824,0.5875570564780531,0.5135259014617104,0.49106062676818957,1.0,0.5088776454905516,0.6584377811768815
15.504931694022638,2.0,51.15869618810219,70538.1485191645,0.43509541307970984,0.20539979565173785,0.05231192809048707,0.013985223765155264,0.0,0.5584925437911763,0.8665470636309403,0.22201828341395213,3.695000928746581,680.6301510701595,0.03390329151532304,0.035096529675583105,0.05019528923889649,0.01321768227196488,0.028247244346916455,0.00647913103458496,36.855034928717416,30.833895654486987,107.62899560630586,6321.0174273794855,0.6145631338744976,0.5990889023879391,0.45281433718235153,0.3751587611995885,1.0,0.6961585378653127,0.5862565363101881
63.138258882664815,5.0,131.35415846487228,364646.6922378052,0.3490711506830198,0.13048286969377854,0.09161666390333861,0.08930100905541355,0.0,0.005550582184064734,2.5695681590031243,3.334920446121,7.055470264791602,2055.9303093951794,0.016398298096611894,0.06060884957727633,0.15902841945823515,0.01617728971416127,0.03695405702573958,0.00624398310916966,76.14551716496939,37.00754225060045,195.15566505682955,26370.69180870244,0.12707031010682435,0.21299128181850763,0.21671889822078055,0.18799736907364267,0.0,0.12949189278953296,0.767919808887885
70.13774013829317,2.0,164.46309682029235,604720.6508748395,0.6503252840119964,0.6553551118971519,0.7291271262138624,0.48470412354983466,1.0,0.33925599293427317,7.277914471089792,2.4148746462058024,21.966353359244557,6312.8366037351225,0.019343887149503896,0.3121308700659261,0.5433529492238738,0.04384560061386363,0.04425167137506804,0.012315728972684709,110.65922246485567,37.06797747476367,281.8521069638132,62771.41842075911,0.4990019147128954,0.7448740449113083,0.7065608448456162,0.8061641873084024,1.0,0.4346971980087053,0.2795733276156695
76.59836529578371,10.0,187.909111958715,593066.2368895488,0.559712521435233,0.6617705322787094,0.7113558327053615,0.5369594587307174,1.0,0.15141845646752777,9.433951331300964,4.985979166471447,43.196807691338535,7949.170567588013,0.035744436146948486,0.3464348374881293,0.6911405261385246,0.09463545551637143,0.0761280759860829,0.02056720699482866,137.53707993857037,98.82888911343574,357.1750159881612,78511.53039282514,0.27285774475927815,0.7202244529085949,0.6697189787482132,0.8201663247477758,0.0,0.26485935506056224,0.405901662967065
60.5949394051803,6.0,141.94971632408308,431066.99836293334,0.8403720052406338,0.9140052442932871,0.829416084062096,0.5057567709563188,1.0,0.8607282581876168,9.455269886762089,3.393159277440779,43.737310978196156,8434.65860798696,0.06818205620201936,0.4622239952807295,0.7391369028574137,0.07161431520343096,0.07513567726301423,0.03877608561379329,101.08353651336273,48.624153080527016,285.2337282190717,50990.12034849652,0.8683136588592661,0.9046784997392212,0.830934669430901,0.8168536048178178,1.0,0.8020587410682778,0.24207692844325712
29.31894451357705,2.0,79.18738638830632,182160.6557178844,0.5753489378607969,0.7110249325529256,0.5975416802362956,0.17417716975048086,0.0,0.7513087368589393,1.7459770891685662,2.7651811411341773,9.004830135522571,775.9001723202566,0.028495904273274406,0.30846840994360486,0.8139957017272924,0.044619287992564656,0.04638437191317509,0.02055290181570616,49.93237947941638,33.389192420563475,151.7667474192975,14075.208520595326,0.6125906250510219,0.8965037320427331,0.8530793637042305,0.6579403825298094,1.0,0.8956516102929649,0.8392839389069787
5.872178162818123,0.0,36.503553892837424,54891.142247109194,0.622087254078928,0.5041615253136187,0.29577768011148325,0.10449461247945137,0.0,0.9748904551714025,1.3271711667730095,0.7394482051753257,5.5424664153479695,548.3240459417233,0.04682944789867138,0.2485402587836258,0.3784196120382298,0.020514716239780333,0.1031132959001247,0.02737992028158084,38.98033595742919,17.120073157598974,106.45734111433786,9410.745147178444,0.7604149711597689,0.7672102976794171,0.6300971411273435,0.40228528042019807,1.0,0.93923582917674,0.8034152729162448
26.28390738795718,8.0,66.31007665824208,164125.7407756239,0.013612419856969593,0.10003543961927619,0.04020503716647339,0.015766350486222366,0.0,0.13014728569861989,4.171431119943428,0.9075592820069402,12.271924401729311,2484.7869430832056,0.04529780787726718,0.14502470889064445,0.11031615509358367,0.013633017792456507,0.039026662224102025,0.006751682875619648,60.27092397478235,64.24360610788793,156.36912635758304,24186.85806839252,0.30168434715376097,0.4813099502147158,0.15222683640953938,0.24625547179856483,1.0,0.3681883703170398,0.7905458953255188
3.4966748009740343,7.0,37.15527757927412,29449.749520920675,0.5141666142067476,0.5135339589465825,0.45796164851931753,0.05733267303307424,1.0,0.917538865398034,2.858524537724286,4.90114554288408,8.50723705601421,620.7278626354037,0.038900161734885516,0.295545632024021,0.8891901962040973,0.062267400787816944,0.18148241535816206,0.03922824904463153,34.024443542210946,43.96041646140306,86.27687721833706,6863.309707728974,0.3468036448275837,0.46708469155227117,0.5676618694724587,0.21967753982570337,1.0,0.6676456421177466,0.7213249917339425
86.43879825096265,6.0,244.4614969732574,684812.2002155796,0.6129231271116931,0.9235957285206386,0.8893033792434983,0.8642000065487874,1.0,0.6593604084372294,7.140753511291075,1.5507844112376254,31.629767518992,3729.3375709367992,0.01731983952807539,0.3006633029094889,0.6409893195329511,0.07512018490052669,0.06692424520144868,0.019632245285574203,148.41519933624818,50.808111985457565,451.6328106099249,66970.77092639418,0.6317594678928604,0.9413931546787749,0.934606500231006,0.994678021733261,1.0,0.7132953943641537,0.031143006117919425
50.86015022477663,10.0,108.76812906723723,257600.953139933,0.13201884866597252,0.4058028016619996,0.4450237177702877,0.18369531782151546,0.0,0.3083095466298993,2.406951387951921,0.8973903299190347,10.670975079840396,1444.2356611970306,0.02397376216443825,0.22152675145263429,0.3630664328857896,0.04914104324710322,0.04097796647691669,0.009857460773076993,76.87411808510046,70.08045499521873,208.6028431507596,29361.881974526084,0.266690408046295,0.6813812500642299,0.70431440685172,0.6759792621475137,0.0,0.3561851238811426,0.6506523486664134
3.1873284669587747,6.0,31.65640997666532,35361.74477251716,0.040939897098846934,0.004716429372397635,0.0043927022359584456,0.00010327441817116934,0.0,0.09235859534355684,3.035840698845738,2.4570196991350284,5.598709936482768,2146.0170557712618,0.05170555533619694,0.003965729722353373,0.012503016118223964,0.010174831840894573,0.100934935944727,0.005223881073784738,34.67215208103777,41.95360409197269,74.59228648723415,9493.372539042663,0.2659014938483001,0.02864736755060343,0.010767256156368643,0.017093287081368425,0.0,0.1438565517773717,0.8745478533213347
18.632412214373506,6.0,59.66238251451628,100279.48094163045,0.7362231334837381,0.5046480938114821,0.4929193448942435,0.15079021204640944,1.0,0.829107153625585,2.6326147341037625,1.5043681553646413,9.898252615989787,1102.6623094247998,0.08581352823313718,0.23874234188826346,0.6254986207579026,0.053701483092571306,0.05472476018478626,0.024339843145363065,31.658482519765116,21.03721591069386,90.8767372493954,4617.744430479121,0.6637170308235107,0.31292757391596904,0.37682239320328853,0.36659231111722534,0.0,0.29769736501884353,0.9595053824709194
20.65744608418192,3.0,56.230356729781484,90679.94339236325,0.506848004794413,0.03594893604266747,0.04316484413799532,0.01590841509001249,0.0,0.17588701305702875,1.232741991665244,1.8157290386300766,4.044021818012985,474.4778470547468,0.07138002971059185,0.0580844954777221,0.3549809927425064,0.042524794330270926,0.10210435529405307,0.012211675193752717,34.71371582153074,24.782675884325492,85.90876460164802,5715.467748711921,0.49213727205023067,0.07313715839217494,0.16811493618794965,0.2580926097062357,0.0,0.1425824320118062,0.6988649981893265
92.0502764777526,10.0,267.363329834754,975280.398185695,0.654573356760595,0.7426867040779622,0.7642296371952315,0.7147736550220611,1.0,0.4702294067263222,9.374978643634943,3.0206488884775693,47.01757849839113,8100.449690388483,0.01927417683919805,0.333086680897475,0.566252209326106,0.07237127798457954,0.12250061285776369,0.030928113512707262,170.7324201142729,67.42236499957417,472.6709795594265,91547.05489258631,0.22546257435356043,0.7225453712073208,0.7033736673498645,0.7734470497248753,1.0,0.5639697138027504,0.10069733937070535
75.52159559536398,2.0,181.31114083610439,679678.1645302511,0.25439535801476654,0.3349933198821431,0.4612919971932167,0.283313665937932,1.0,0.06187470157140201,8.657556826400421,1.5490649908053338,36.40561243164097,7549.375880634902,0.0144539348507249,0.09454608723717067,0.40465135149344356,0.034474649647517557,0.0603551406436638,0.006772762071078377,146.4678629354958,21.7140638619598,329.42364617517904,90720.50082847511,0.13232627017555354,0.29412376936039253,0.3200780388438611,0.5336749349487929,1.0,0.1310738103957586,0.5675578873880187
17.792652434189357,6.0,49.41246990654988,33905.13544287964,0.11644424646716744,0.03260133486283939,0.004447896710033594,0.009896239484245256,0.0,0.16219204220202138,2.362691106619385,4.792175240507144,5.6606687169480026,645.5489137181388,0.01537580180174581,0.004481874832419963,0.013695330623753166,0.011875930273157797,0.028859395493865764,0.007002740207249283,48.03518118704823,60.46562464379263,107.21482796046463,11023.703269077425,0.19681098441277722,0.08611103982382634,0.020882022679016843,0.03575376064576552,0.0,0.20545266696050207,0.87447986992167
76.54167847991698,9.0,190.67591882157174,508489.3579835084,0.9295245007351569,0.8338541141694862,0.7593723844718836,0.567962710530763,1.0,0.36934012479919975,6.794508319467161,3.1965361518748,29.407652649597765,5394.4874127495905,0.06994349721890962,0.21429999571168132,0.41749007424100176,0.06837303030198084,0.07795620907513336,0.012645532715928323,121.30863125616686,67.73710916303051,329.75393697629215,57843.055858194355,0.9281818025656898,0.8453782457032011,0.7359371661295169,0.9114178323371143,1.0,0.43800611749959356,0.39927362009802997
11.000660775137057,1.0,44.66184804475365,85213.86736738942,0.7983407397317883,0.21605769540064512,0.15440095862455136,0.03843221788542144,0.0,0.5251032105856335,1.662633356890817,1.5234304510020504,5.588486305713538,1131.7130109128238,0.04038504329252713,0.15006579989083585,0.5267849375168875,0.0364699274038111,0.08921119934184897,0.02175390425568167,26.532801587973427,15.551131127298007,66.89458953234383,4712.468459347673,0.41292922602725174,0.09010676265022555,0.17004003489589076,0.08668716816037891,0.0,0.2561388721514902,0.8995420681704279
61.960450147796905,8.0,146.2658036143729,482552.9892493831,0.4241779520049433,0.5834711844049466,0.8352086429514958,0.43634428447770035,0.0,0.4655947408040289,8.574730022955578,4.600875617754313,36.96221818847362,5793.735484897721,0.06728524763732448,0.3171209775185533,0.926370993929674,0.08866700831470312,0.09970508006581012,0.03128588205400458,93.99846920855204,55.995482910702684,243.52768463526263,49674.361995039915,0.42433495244337005,0.27959390971697773,0.691367014656977,0.6794210263551115,0.0,0.2639110358554225,0.6083834938284574
58.88123284991062,5.0,130.84820163155382,343565.1337530505,0.9534530188586013,0.84647884642162,0.8569920972897402,0.5453317330397988,1.0,0.6699397714506203,6.738870665456313,3.059651825660413,22.861580179023292,4832.424230918916,0.04135864324278304,0.2994016711909609,0.7832248056601107,0.0668744374578485,0.039803409894522766,0.03117991858891593,84.14407808189347,51.05295774670595,220.77901771774916,32482.977346888812,0.7993066913208519,0.824127939237677,0.8319837697573589,0.766127093685435,0.0,0.7879002097419122,0.1467600016597429
8.817600327959838,7.0,43.559459239209666,61525.644796989356,0.14701652551221983,0.35305313073326955,0.3011684951551154,0.041252368639763885,1.0,0.5761240542876267,5.431723711426098,3.04814473666692,14.002547659465469,3115.7027714708015,0.03205173094591184,0.2902687147207893,0.4495279813922289,0.020281185965404496,0.05734060203554195,0.01587084835755223,36.51833867200035,43.398875250808345,97.16661980300057,9705.50577108862,0.16227281384587475,0.5523709630716322,0.43620877810097086,0.09191319277602517,1.0,0.33711106551588826,0.7766583759096287
42.81459430556338,9.0,94.46536962251776,249380.71414288232,0.7535016765896032,0.3029711946401633,0.3840301938391536,0.17920366677616023,1.0,0.4736488951837831,6.006768981058622,4.544536175843194,15.771857235722923,2842.004960618753,0.09392415823714856,0.2684108763712068,0.48309706753481857,0.05679135432527423,0.16023798569633038,0.033148686557137715,56.259583271227186,55.01343603609507,148.45030352086945,18745.889811585996,0.6418018670232055,0.34601718485737354,0.3003320913874666,0.3809724980663556,0.0,0.5013691534136752,0.5222840733196485
5.848616085073928,0.0,35.564323532695205,16253.338101857978,0.25823442454968965,0.22974351968710846,0.17691173970818475,0.05986183108111618,0.0,0.4588017838763007,0.27036137501219315,2.0930679053886565,1.2963876018598661,143.3218730450207,0.058518157604745706,0.24104323469450853,0.6170314485922932,0.03707971693708311,0.043713863056331945,0.018822771926941553,20.00202559311607,12.073972819915072,53.0113794599985,1186.7571149457367,0.15606859711264026,0.10518585450675899,0.11441034370024922,0.12772025462322556,0.0,0.2205059751381085,0.9641497117425912
43.795850427619925,5.0,95.21265485047736,251978.87359574455,0.2488913737622877,0.27963961097052076,0.11773826475930993,0.12392365170892637,0.0,0.3501939423104478,4.312704944687188,0.4870494705459598,11.491573622681333,2459.245246487235,0.054598027592903185,0.13586766048322846,0.163122725880121,0.01790691836411172,0.11229817668015586,0.02067343940406064,57.0686517035518,24.037260011108373,152.49965220826496,19511.015948201533,0.2085420617868417,0.24327555824367986,0.13899209157632947,0.19467758864775075,0.0,0.34906926128592175,0.8745680892376745
25.76189550565316,1.0,64.48616630908826,150816.87183633732,0.2397633738955292,0.14055457106752672,0.08482139965044488,0.035073636053283355,0.0,0.5456249173422338,1.1871596676110125,3.5250370000269666,2.222009583274244,806.6883817980214,0.01742169334185841,0.21479778597448482,0.5509996782276135,0.018794000071177253,0.13010297324308748,0.03300261217573358,46.42317931581698,19.16345706674765,98.24380139173644,16362.259478702525,0.1699364619623564,0.10423802510574137,0.13069209624461858,0.03567830957276236,0.0,0.24440435723310672,0.9250031859219574
76.32292737424201,2.0,184.10087802822736,623052.6515634442,0.32539283514652534,0.3415352344742293,0.39965866737798755,0.19503634508989232,0.0,0.26348320112957613,7.973198254140989,2.6956050518818535,24.254075334406597,5322.992160032602,0.057209848719738485,0.12462542276498714,0.23842217332810317,0.01387224562965778,0.06230178673223467,0.017638808067636135,110.85534256538571,20.305850999281706,253.40333901748375,54557.24019039111,0.23749290770108814,0.2794609991327833,0.23685185389768953,0.26228094544153857,0.0,0.27413588869539296,0.7652922743268572
2.1627311045297546,0.0,31.24457197814486,38749.381005472285,0.007000492568521255,0.0007426597955281777,0.006886554620675778,0.0016942801083316096,0.0,0.18247093980965934,0.9760328937068525,2.5766279295179837,2.528134773234752,376.1729428135163,0.03155826333871961,0.019587031664319743,0.20016072930448003,0.013021659410436636,0.08736222585017626,0.0077392566488206195,20.351490613470148,16.401518676575954,51.730417011935714,1772.5773634011366,0.1209352106175172,0.003127397761183648,0.01753778554452401,0.0018680386862782172,0.0,0.1266863036618471,0.9798836023241422
64.2495068047212,7.0,139.5675793857971,413611.8005932155,0.17929647141788746,0.42044995813831104,0.375027923152156,0.14075330814519138,0.0,0.11907563804111371,3.523548860035249,2.463038589440963,11.432911556812467,1914.6835546033997,0.01612167732292946,0.22704964987554077,0.32906552092135,0.016543319769590614,0.029361437615076903,0.014574553802837661,87.28274288976114,62.12756991727854,229.72531853359803,30229.781447830228,0.3332165885231724,0.6562197349228569,0.487991834974019,0.53029987949654,0.0,0.42378959827315765,0.45416375388683555
28.775703128899373,6.0,72.73610990227327,179464.16490471238,0.7455398537191789,0.26518925593344544,0.32915655772788055,0.194569221653129,0.0,0.47226132955282873,5.806617337712282,3.3485975004783595,15.824599534112014,3227.0913881176475,0.029013503747938995,0.14124831006827576,0.3107818960513882,0.026779258098568993,0.05444790716759232,0.01599668121017464,59.23400450129659,45.054692479127404,156.71213484204807,24708.421854158245,0.596234200183321,0.2733932757919072,0.3488567281960941,0.37140966228961664,0.0,0.39685807550841423,0.8070240136100403
60.12444831929494,4.0,131.64232005947363,418678.7929214092,0.671233703652602,0.7934600934386857,0.7106756055320054,0.3873878143830002,0.0,0.7866415387686396,6.4582822078259206,3.5771109638468404,22.187556163771966,3312.306177561282,0.05041683367701642,0.4689646525044442,0.7337277148083728,0.0787561047441192,0.04345684483190664,0.03941303141588884,86.21384196589862,33.338233903839445,217.6398176667676,36767.77954426023,0.5486761161403952,0.9042476202054829,0.7942151583690558,0.756920170880035,0.0,0.8861084876158857,0.46260022033985065
40.81481937544556,0.0,85.93306553652572,213021.82963077727,0.07273328927672751,0.09016067290936752,0.1278363897021454,0.06052249452357807,0.0,0.20526696926116186,4.363464187108398,0.1614807986319864,9.772008145345659,3109.8703510821406,0.012769577431169722,0.08160670417030244,0.33873797361025104,0.02495595007778751,0.05180639148016765,0.009904644628736614,67.91741100405028,13.628340641730055,164.74438035799696,27433.418405484215,0.12338136781736411,0.17478254159231021,0.13325898419462529,0.3001832421267052,0.0,0.16704211926764248,0.591277336416497
73.99405438567766,2.0,184.23439876896424,489729.51115879085,0.8051712336536454,0.6454654873975565,0.7884012292298752,0.6175991238427209,1.0,0.2921937371528128,6.423018598901928,2.071683796905535,15.448980358261592,3765.278381766493,0.02005666154167579,0.15230054855265912,0.3716606321139525,0.041796251958946026,0.038948998850773776,0.00825996168867029,133.43911441013782,35.72081050814886,311.5231402262066,68098.02974472,0.8049727600779145,0.751785341648807,0.8618333415319146,0.9010114811605521,1.0,0.5682924970539022,0.05757176281339582
78.56101705363467,5.0,212.02302572563855,743632.2190086372,0.9976254814344301,0.9663828971310482,0.9199189192039314,0.8410862197577159,1.0,0.9288583781342212,9.920068210397055,1.797389575205242,48.662128920304426,9663.25901453,0.0920220315219988,0.39484041782476403,0.4476990774257201,0.06441980627883248,0.10673513626283393,0.030915886246154,155.38216722533517,35.13596130303741,427.7152536168061,89755.3720077989,0.9817553151496944,0.9177644741112801,0.8785843649958601,0.8907390397422431,1.0,0.9109565624437671,0.07597947501529667
36.76033850655057,5.0,87.53318485370214,201036.88872491618,0.88833298207054,0.7672390601329093,0.666213921605827,0.24673791471868756,1.0,0.9167981291161532,2.6871018218527913,2.774643120901034,9.012493320535441,1007.1000902984661,0.030010963465477672,0.33046034988147566,0.8084187822385369,0.0458699991793951,0.08841839489606945,0.03606739853006157,53.798260303073654,43.3247939308342,153.66392168088956,14857.634601443655,0.7854884857491132,0.7522486377415057,0.8239958797850595,0.6098012357159914,1.0,0.7193003095883139,0.6142069293893561
56.952275498643246,1.0,118.36287813858858,414559.6157121709,0.6947857877835119,0.3577093278734149,0.3343576673167245,0.3228606984508434,0.0,0.27669744197841306,7.259834908207071,3.4509204751060127,28.32733948492081,6615.901430943392,0.06844707695097584,0.2031912899448625,0.27907056598054586,0.04466750424247569,0.04134002980612503,0.024918593859391987,72.087520393004,18.858978642414204,193.50550219387878,32597.347704373853,0.4014818805598074,0.1254533816438707,0.07761494360058746,0.440103179186372,0.0,0.1575385269138712,0.5762754356940136
6.108961823509695,0.0,43.30302270308532,75265.13699752925,0.29818057703151507,0.4916301120231887,0.39373721974717046,0.112869220015756,0.0,0.9013465690874198,2.0987880927179354,1.2815489733630119,9.147271667016454,1308.6991124479193,0.057503079995379056,0.33772564803729793,0.6750475744531323,0.04980647855171983,0.09833715133643083,0.0272197960710366,20.775908390122847,15.052247175914381,62.09336986131998,2774.679383192355,0.21239680781074857,0.32585721271716045,0.2521532965539163,0.24189079741009173,0.0,0.3624737170673942,0.9267316300927625
6.597889715217029,3.0,35.48544167880791,35001.509926645966,0.08855791560845983,0.0988197989643374,0.17753369533429952,0.029215088592458943,0.0,0.6471022257208682,2.326811173802692,3.8088545768458895,3.9949499768445698,564.9271922742016,0.04049731398123119,0.153720053462777,0.668522002963664,0.04166330887347946,0.15611415423064398,0.03393346262742263,29.201272465680802,28.949279289559644,69.81595982269695,4273.763413002174,0.21523370528164193,0.05622008354205066,0.09385443344155919,0.07279698572612475,1.0,0.22103167274587635,0.7860057731321758
32.22217895225235,8.0,77.94280638285909,177024.32554312618,0.08140062360115996,0.4474358838936636,0.5628913624462071,0.09800192405999501,1.0,0.36798708728629537,7.212039235929662,3.4017697397143767,21.19342559661915,3576.830727906125,0.08091420322166303,0.48340954713799433,0.9944747622080672,0.08985757922799618,0.14819924825354105,0.038022144692751385,52.45464375701932,35.392901421665755,138.53324707468389,16952.044598012064,0.14840414422251996,0.37831392316265305,0.5936794693645309,0.25018732975528435,0.0,0.16441942958146025,0.6270457712116878
82.00660500346055,7.0,207.7431297719886,800266.1059240242,0.8375542005838257,0.6747452068262801,0.7719041416957542,0.7910130807097722,0.0,0.27274307480799864,9.77892337780612,2.4232367677207707,47.53525018823995,9677.711455755849,0.06937002868221384,0.28077367739763853,0.45854471589618645,0.07497737507859681,0.13258177486565986,0.010644321575641979,172.88062977410354,47.25834688860902,459.18636154360286,96898.37449225139,0.5451064778975891,0.5683010718326271,0.5535333538016018,0.8107294544247918,0.0,0.22964626296335416,0.12241513712724328
42.67720458853402,3.0,94.08023990636174,225493.6211690215,0.8529981146405783,0.5426448998901853,0.3755318038192423,0.14903136524841148,0.0,0.5308394023710653,1.8935071856864596,0.09512176521121152,4.562417118072977,1800.3930932002272,0.018608926171736442,0.15003926048136754,0.42225195121690134,0.017122928843083668,0.029191255604952438,0.007893702124537784,60.97096023842732,25.22062924158161,165.97455093312047,20139.91866864552,0.7597410232218058,0.5924460074076164,0.6491397705929334,0.4878208799729155,1.0,0.3858462321777653,0.875229324057477
54.51411986365478,7.0,121.89832252076107,298110.71509687306,0.688540930261586,0.9220821238559158,0.817996718313316,0.3575716352249836,1.0,0.8394449645862692,6.6243323368455895,1.649503342579079,21.154445032435834,3575.292826644006,0.03620685732852753,0.48270497540936524,0.9770708117861584,0.07581975086063605,0.07964520828444613,0.0450131838359991,98.34357666146586,66.59209315162906,279.23937421760496,44963.16126026213,0.5922928598871829,0.9923941832904523,0.9682339612715539,0.8390848150995334,1.0,0.9488391058293756,0.38347400123943465
84.90769309403721,5.0,221.924878114354,695757.9803947341,0.6232776562187178,0.5425420396142966,0.733327275534194,0.6793656881812867,1.0,0.07479966829282125,7.216455496592621,0.24354629837642294,21.086600113818793,4798.39318637534,0.020314864236664655,0.1324555386343288,0.4332944588615632,0.034496711540116944,0.024140008852901455,0.0062427974188928505,138.85536745969756,26.364419141155214,318.98769667200656,65621.45287269345,0.5996079668573951,0.5171479573008736,0.7443879877103738,0.8523751110232372,1.0,0.20465427430806332,0.10975343232426915
83.87179972181312,5.0,220.26917844715985,624049.0113375018,0.8451781559011635,0.8000089384895223,0.6537839174332774,0.739175805103287,1.0,0.5170214616694015,6.917292614409277,2.7460504087825868,18.57882409490823,5181.054994081891,0.07158666503657274,0.34036357619450897,0.31307370982398697,0.04922958012855812,0.04701074752559541,0.02082013575125306,132.27127897515302,44.89005151841622,325.85736271715706,61647.689394920024,0.8097817149967964,0.7640220368638095,0.6458894216442105,0.8164232418051489,1.0,0.5413415305005741,0.04144846991978868
75.57429342598775,3.0,192.63619878471417,519000.60906466714,0.44024541181893007,0.8091768567053425,0.8448224617061626,0.4546167648131994,0.0,0.4766061608574931,3.385869638051285,3.159966994966946,11.94891479099533,1740.8406600297228,0.0427139207968202,0.48469698017908325,0.9868597968832753,0.09330906633482186,0.07547002307306702,0.03959836952642465,83.29837943430968,26.63935506394163,228.1123699035231,31596.719787180406,0.16057909044875093,0.7972810292697916,0.7992223678939291,0.6919519355498982,0.0,0.5148684994119511,0.6188393418850613
59.1319737630932,3.0,129.75334021021385,345819.4562079422,0.6550295756917758,0.8307012309559374,0.6481689187871097,0.3357812227672549,0.0,0.6260484914752804,7.344665753870359,1.2958227428531979,27.641419168759853,4734.674888282349,0.020426151200207677,0.38503409659614096,0.6008617944825987,0.052336378299038755,0.1316998223261486,0.02831665187148557,84.9270247797494,31.313118884829386,215.0416271455647,35327.092590785665,0.4584255930997297,0.7523694371422252,0.7012989356913847,0.6867756557844682,1.0,0.4692352203009326,0.5260279779031043
48.535691500472666,0.0,103.1009840108629,317014.31365947373,0.4958583574010272,0.39507042186586544,0.327822810558207,0.12190548870262019,1.0,0.6008142526828646,2.987971172001454,0.916398742758056,8.695100514128795,3465.7549287999527,0.03973367405737644,0.3251640964623345,0.4917353200042602,0.03618621509881879,0.04366360772132087,0.03381998760108259,73.3900347973591,22.69670264912972,185.8071357412183,38939.8868380867,0.513782234776575,0.3817260816946623,0.36611496120428977,0.5358415734072092,1.0,0.3589305152743006,0.7698866312407011
60.0572999992908,9.0,124.43136382450237,439308.9789423351,0.7421438126340465,0.4671407134046099,0.4722910706437514,0.356396136572203,1.0,0.5366577063725456,6.55673930205268,3.2065012938408772,17.63746474518485,4724.630669454556,0.06048244499937829,0.2653009105233898,0.34852864475811385,0.04639752199501123,0.04023237059938896,0.017739685848793072,117.86642327928718,93.32930888112635,278.45817985180804,71573.4782193097,0.951001274124952,0.8309899598920403,0.7003058796971264,0.8187319212522193,1.0,0.7528826588422205,0.26033104229372056
53.3616837330884,7.0,112.04147845163384,271792.7892562168,0.6363967420327598,0.6833854201350495,0.5205430577353795,0.26137895239745584,0.0,0.45443616036319,4.6488357118572585,4.082813892763723,12.87168139570682,2286.002553033086,0.019397468761063647,0.3264232425488557,0.41804325008182414,0.04935474261070404,0.03440779513651734,0.014243334427060272,81.98513197582245,55.76726168597328,202.963450494192,31391.77004578733,0.25555873963983355,0.6308997543576046,0.5163305978213314,0.5998127172414849,0.0,0.32451259342266064,0.7355442225859381
59.270138703748266,5.0,133.01123080934917,353800.0875497194,0.8835463793055375,0.9259147537294476,0.7871015919006285,0.6824307286283431,1.0,0.8496466436217378,7.444174150137483,0.9536854830004775,33.680358502786746,3440.335343382803,0.0361628932077317,0.4706703337108751,0.8688230572941538,0.09841727955898122,0.18168582453089072,0.0360521996261932,84.69848548626933,23.975076413380382,241.97853387470866,34473.00964896447,0.4619313711652896,0.9166638423822095,0.7508533640190741,0.8741322339615981,1.0,0.7673534633942448,0.3822438084476051
10.560154601568023,1.0,46.20056063082886,17290.244388687428,0.8202266357729029,0.611215514332214,0.46600462144073335,0.19695853286479945,1.0,0.7823997882194821,1.9912168745716627,0.9997003479214648,6.647327288940681,311.1775879200255,0.038063164664824685,0.20652154408712434,0.5505077908513922,0.046819297395343636,0.09603755971296496,0.022079336111619167,33.8936634325561,20.302955504608736,90.69129791436772,1835.408042827691,0.5103017764522984,0.5422087994967583,0.5540088147078918,0.46888697597617096,1.0,0.6598074715863148,0.7625395545312104
79.6235773418391,5.0,215.19665902114593,582218.6972149322,0.9568082316650515,0.9007912859433334,0.824702723104288,0.6466771106068868,1.0,0.7132941110338864,6.092522466651026,2.065755183663558,21.928281340776632,4656.46971471575,0.05293333529168054,0.2310501029716171,0.3813953500212553,0.05335972599576707,0.05769058647815566,0.013345007415037306,131.69270135093797,56.295679115050035,357.74212787921283,68853.75204117228,0.8874722364721082,0.8461195771847136,0.8063656415401843,0.8510206334993055,1.0,0.6862139668043096,0.11798089566321734
58.26290479917895,2.0,117.17523356741444,414300.8004237288,0.658256723043932,0.20756483662639008,0.17224304869442028,0.16856840743528756,1.0,0.19186726903138063,6.752731889050268,3.385136961685581,20.13724248066688,4933.416402621258,0.04733655847456289,0.1822823043010989,0.2169237066453057,0.029113634825239976,0.16459345704084236,0.020576243881130284,78.46939074962829,23.004341006606303,200.0941294730231,33554.305196855974,0.27573704604085,0.2675191311039567,0.09893381525392331,0.30135696202718926,1.0,0.22528064151003482,0.6111751327946642
43.68347238154048,0.0,98.01234234818499,281916.897527132,0.7516720929700845,0.7531647147823393,0.6854409731532918,0.295909786309678,1.0,0.8051009885920914,6.731700023406033,3.5248985370636023,29.568916961520923,3872.1150473045896,0.07697166111373897,0.45692643768310215,0.9468640618783206,0.08985399213246537,0.19867828876430293,0.03783956585942063,65.59281742086796,21.31945902325461,189.37255768751947,28594.56276508852,0.49530116577409733,0.8276149330104144,0.8195920735146648,0.6732892090384717,1.0,0.6447464203868664,0.6223384183838324
83.85226679782568,10.0,215.7760613701901,686862.9367325633,0.25027064885675704,0.6120655937326515,0.644407650720157,0.2990522777865253,0.0,0.3936545661047408,9.305230367976723,4.110919665310049,43.1186109523915,9039.476923479275,0.016158248681439998,0.3612471166124977,0.831012282734068,0.047056373555403715,0.10655129644002503,0.042338574518846483,138.31941642432938,86.82627528726373,351.958888417047,73589.18611664411,0.23062849308816982,0.7221232286822502,0.7773271700243425,0.6846139990586797,1.0,0.7123995652516688,0.3698928093237104
45.30658308675701,0.0,96.35493939992048,223707.3314528855,0.4349429085576528,0.3298891976593647,0.37064435746302016,0.1540307953263901,0.0,0.4185971578500265,5.781418517277413,2.395115576200144,11.870802547702784,2396.272930459631,0.01978258940508882,0.09238341081684703,0.36822017851194355,0.034448873929522186,0.05631566243939713,0.015610562800174558,79.04556256788499,27.906578956368698,190.2324350237168,28407.324681871723,0.30995890537303833,0.3295046534789815,0.45636637731907437,0.39610614166398406,1.0,0.2752059093787714,0.39905871319725594
94.16894163027823,5.0,263.64429284623503,921979.9402128606,0.8233908170016115,0.7631335234161971,0.865657244340823,0.8852184510624544,0.0,0.23316315125775003,7.418032480718313,0.958629616700013,20.256233554991155,5267.584945044336,0.04549294064546925,0.3647329438339897,0.8720032251535514,0.0943474754774326,0.07869521795767428,0.03302516661764698,165.62029182114756,29.95222303172297,378.12145767723865,81473.42001987461,0.5209506839856236,0.6756716089263162,0.7830386327884086,0.9384206784820427,0.0,0.28447188342586405,0.0800839891249171
26.298201235510753,8.0,70.71590558893728,108307.86019927083,0.05358976880305705,0.09794958329823428,0.1758205014610837,0.03690453222837374,0.0,0.12290029851101458,1.6600084784996345,3.9391289063302737,7.722551802997245,662.925317095284,0.035485991291479946,0.06788689768232681,0.5116509798436861,0.026059721343968705,0.05046600767368446,0.010820231533633809,43.09355713319721,51.33156404192759,131.40211942090494,7619.743592533108,0.13244073055075997,0.10952046932875487,0.20755829991752867,0.0883428306924654,0.0,0.1618034547092464,0.7019737810336826
87.80853979153407,9.0,251.1565043140709,690952.4810023027,0.6775465773945307,0.9540381854971023,0.9393474737260503,0.9186953832590036,1.0,0.5181902216762077,6.88132007012511,3.372270272182919,32.6446850365921,3845.502213128237,0.04616940801199191,0.4481885700320762,0.7797831357555234,0.08119099396563022,0.053084707214485716,0.028145079786954776,151.13256276853824,59.05790367520336,433.7432607100979,73217.99895041573,0.7024704726008021,0.9792265702100884,0.9229453397715557,0.9602467829833716,1.0,0.7732528620281653,0.03702492351961584
89.54579586852614,9.0,239.84744971783527,689581.4371541931,0.35080095045123505,0.6663115715035702,0.625711943006094,0.4225632386210613,0.0,0.10779470780559425,8.603161410810639,3.6142719124976996,33.16850277815081,6876.411328524427,0.03275808444447918,0.31303286516498796,0.28993667523468547,0.030526813339102853,0.07929232308040349,0.020515079202030054,146.92823272808562,79.1553091327957,384.6786238871172,73077.52808628957,0.34782980880375475,0.7709358180451109,0.5645963189793973,0.7315923894669905,0.0,0.35028241235635954,0.1942537168053869
22.359533349647975,5.0,60.60671919191988,130387.48994404638,0.06862796446773506,0.16756977648201304,0.1527674886673728,0.05806806916377041,0.0,0.439908749577576,6.196009639640184,2.9108913702016355,17.638589061856703,2409.9418087991785,0.04213457392496967,0.3298167206931286,0.496954232098174,0.05150709976859079,0.07420788047730374,0.026351048493383586,51.175323911810246,31.62946617226719,123.28666977106009,14436.4674088792,0.25422435315636566,0.38718634058081,0.23192398553603105,0.371168104055495,0.0,0.4651558976077506,0.8537033738386289
4.9242355968389475,0.0,33.92026212967607,11028.795189989562,0.2902343783535265,0.2850370882912364,0.10979213955471645,0.01148058221423407,1.0,0.5259489431785149,0.06300681736412539,1.6946532373837886,1.1441089323937497,109.03762723451591,0.04065920082625823,0.24807292022646565,0.5354848421899916,0.01915448038151529,0.06757336549726865,0.030476787301595244,21.778952416925698,15.670618288939508,53.5388726534231,1255.4407694717431,0.16806941446941687,0.40284736196329524,0.30223045464855547,0.06050248643277345,0.0,0.5298980323165453,0.8680884010793999
71.19551026577338,3.0,176.55529448440782,551845.2007568851,0.4484467659381607,0.7979974748760634,0.6798916974032001,0.4316451490641557,1.0,0.5233369190337815,5.767325634556809,2.6216687218699537,19.594315463843987,3515.6671963439985,0.026779245568513122,0.3974478664057072,0.7814160993603176,0.07921177028469571,0.14545264708666392,0.02580494216664679,100.83610396896934,25.377880344099356,274.5947680551877,48232.507853003415,0.2577538556362403,0.7066961712719317,0.5759569349641798,0.6884534105309964,1.0,0.29241825275698036,0.552212579258546
87.8815688135447,7.0,256.55198174370184,789019.3298156888,0.5803752125348378,0.8985740573294527,0.9620710184794019,0.9047796721152637,1.0,0.433315158448521,8.901888659887371,0.9464041307663691,43.3257005984453,7820.2305575976725,0.03820184846012728,0.4090409357766697,0.6447778204837498,0.07251656934221366,0.05608809728282167,0.03220118821831497,134.03265972044528,28.842274277861087,396.59169423560087,73871.25599175149,0.3050675898086884,0.776135989198171,0.7967854190006387,0.8519925573369642,0.0,0.2964778947219893,0.43964423345162806
34.88895960008273,1.0,79.20262413496252,190363.96582357644,0.7330954643310327,0.26707802813680787,0.3610061354765085,0.16419703535338026,0.0,0.6545928487480446,3.247657048447061,0.3077318868629235,9.013064718777148,1843.6397127874118,0.07106169219801572,0.1170460263323321,0.4499157600722078,0.029254958401385547,0.10686970904154067,0.01665273799481106,51.14246622023327,13.17833827860939,132.8282253535443,12804.560782252614,0.5621392433416956,0.3218062770180653,0.41626132409545863,0.43897089695323693,1.0,0.5372249965528844,0.5318833704334682
55.701640120786344,7.0,114.87299073437927,287179.7105544405,0.18828344430624155,0.29902056723244025,0.36567286060524185,0.15502586116657,0.0,0.11208374781743868,1.7811452900640354,1.7387427833688718,6.587343484251554,989.9729840877154,0.01959551376585804,0.08799220560673726,0.36852181162025643,0.021544481971487846,0.08477643393997848,0.007448958940132112,68.99033667648366,41.05897610729867,184.6750760481775,20339.13391758931,0.1558956795897025,0.30657294133454294,0.2941136645678346,0.2598075529612611,0.0,0.21857164177077143,0.44380931009886404
86.61025483268031,8.0,224.20736616450796,626955.5168558448,0.07402918173044126,0.35978575448840555,0.2767268172268367,0.31892403505461414,0.0,0.001587294583744181,4.19099619637998,1.6226778583223793,10.909976605552124,2548.1562781942976,0.010857007503782918,0.03361454608562364,0.01695141707198733,0.011196902754473567,0.08203835951156764,0.005366017703458536,146.9113700878102,59.19648556358273,348.28154558301776,63581.865342842306,0.25984074191226847,0.6770235794788031,0.40044439652337127,0.6902858221591732,1.0,0.2473287149545262,0.09907709890656247
69.59431886887234,4.0,157.37391770326025,506282.7561988059,0.30021503305256925,0.40015683410348146,0.5508208364908106,0.2799894247464411,1.0,0.28052933659075685,8.692498609003248,1.7662478902199237,29.77477401662264,5995.6306937492345,0.03277132218722121,0.3264907271617853,0.8919863637156538,0.07178113683649517,0.043282723099633484,0.041734563087693584,102.38666757791,22.959759114228945,251.2937194112618,49700.22503472333,0.23202859149113086,0.4669476254237509,0.5786384739038795,0.5982754663251235,0.0,0.4098321066577298,0.4971080622307258
76.39388138807712,10.0,187.6113248172344,670501.2055226167,0.36413285126244427,0.6109572554989425,0.5100568455513428,0.4511776909855885,0.0,0.4655393201205992,7.099466096584393,2.2565013874908293,25.723306753543522,5847.864590469487,0.06795310953103517,0.29042711593746706,0.257801858808805,0.052031719968871806,0.032691520070246796,0.017830994438169493,136.7175180578774,87.30501968167022,335.4870659714925,80447.38538229314,0.475402831596889,0.7124533198165054,0.46111965818673034,0.8228360776943133,0.0,0.4091641896964457,0.18701230715670009
21.077445440969754,0.0,62.314542949077016,137275.85749212577,0.6470821349145351,0.6385721059979999,0.45661383215893264,0.1874581142452193,0.0,0.9466927569334037,3.438377914328167,3.2622250642482262,12.835120713445933,2491.4983706974263,0.09220852966662109,0.31307325109259615,0.4540223257196978,0.051944066734064466,0.16459500780631747,0.03122748863077038,45.69268923886615,15.15847606644261,121.83472766044105,16495.93025588602,0.664835357718623,0.3924849017067994,0.42092910556536134,0.487717296922193,0.0,0.5203527845835314,0.867529066899929
27.019719066259096,0.0,73.2583511105174,190716.39760869753,0.8469974342295704,0.5368994369578397,0.5969757410117147,0.30120966683969985,1.0,0.9299574993869699,8.812004950726697,1.9252554970292646,28.520218154717433,6649.324687683916,0.08638252063086017,0.33445202095109805,0.5684794952599455,0.07240610493248414,0.0875640450377967,0.03850408668516762,68.7295953592368,16.907944066392268,162.00476106161065,32318.729352979084,0.839471113755166,0.6938254483802462,0.6773767459364362,0.6692330610197519,1.0,0.9374106984166679,0.4846162490401229
50.09635329040242,7.0,107.31083330569676,318060.5598383657,0.5131105126799126,0.588448983355588,0.6938608272136906,0.2937458757486395,0.0,0.5700241115965563,5.213545339061583,4.532480620934654,11.070182586124352,2371.6507529307073,0.047587433556893106,0.29551741394688064,0.9227852683325496,0.05451248482016143,0.15113089251656822,0.034868445728849576,63.619447432682804,55.64155493643761,154.1486754631199,23000.078227530474,0.39786090755045317,0.3551455070405586,0.6216366385420542,0.5109366459694453,1.0,0.2811058155318811,0.4411400282028939
60.0567812980104,10.0,130.85118722229936,341107.7724354854,0.8162570971595089,0.8424774763678342,0.8305546755892533,0.5072229864483843,1.0,0.6111763628464376,8.011301393871129,2.8336025432182326,34.404839245615136,4909.980468914032,0.02004828901930694,0.41716893199188676,0.8159154411410245,0.09026067493378341,0.06272845668750344,0.03430973299557652,116.50703644432024,87.31944322899038,297.91274280294516,56736.49251318751,0.7197835819957686,0.9563370039799874,0.9223590576036439,0.8768303250146849,1.0,0.8629863093993302,0.21756682907988162
86.34804957127011,8.0,229.54730010796726,648191.0629491806,0.2762960915910416,0.5123604418035455,0.567581941460745,0.35450162553632236,1.0,0.042478101030260174,3.9270940028019368,3.754959075575645,18.367304140918048,3801.602739801126,0.01228171398587732,0.28819866500846336,0.5726589189886473,0.06992452996396464,0.04888559575833578,0.01718826629101771,111.70343573647666,53.68607049045015,295.6899649555255,47008.55732065664,0.15057979406500582,0.42665370733211533,0.634223528684964,0.7561595904144188,0.0,0.16040989552608265,0.6928195589919033
59.22129305355066,1.0,125.24310502370282,360077.4894843073,0.7678810313486227,0.7181721632867141,0.7705314239483493,0.4257863114982583,0.0,0.6771089432451044,6.526211257027713,0.1132838363265729,21.486389053449706,5175.17575259344,0.029010270593594182,0.3387947098516345,0.8820125465347302,0.08105514724706356,0.10998898441469317,0.025814362061706776,92.17799352678713,18.888990261671285,239.8995956761689,43887.69368269227,0.5816145006543492,0.8786375063287264,0.8720422257570024,0.9013096715008374,1.0,0.8583552703704346,0.33949959267606933
84.64808822881477,9.0,218.8902578167353,755523.5271489475,0.4376393943859792,0.461077333671726,0.5359359033171627,0.45209648069331315,1.0,0.22258222100299271,9.652775499310032,4.752659247104894,45.86341473174626,8258.896023611811,0.02244108760988211,0.15858609177809305,0.19644020490123754,0.044255038172182605,0.05107844493976952,0.013252505805937684,128.99120503712984,49.95786284768348,340.6969076616671,74559.37358305056,0.13425259344627893,0.381747738248185,0.3669020210886392,0.6174485712626598,0.0,0.22336113988250247,0.5257355860748807
24.191012986732552,0.0,61.277884603528435,89948.1293377889,0.20651991125904456,0.17915544016145946,0.24337164689586643,0.10273038338053865,1.0,0.18595622924002322,2.0683598218590467,1.5675390202310537,4.065145433590842,379.1312388346295,0.05911381119595896,0.2924330054719354,0.6043581380206191,0.04383293875974125,0.09855340128859263,0.03093894301890992,33.56011606889753,11.069180782400657,78.52396106767175,2310.9980124293215,0.13762148794734586,0.29642059779542645,0.3071068722857705,0.26403130857179347,0.0,0.259913908249026,0.83238043372993
93.48055250389108,10.0,275.3585961696665,749380.7042970168,0.663442258123663,0.9104157538058459,0.9064091752570991,0.7467115976477611,0.0,0.4581522717190893,8.387300120385891,3.0578742125686684,37.573659089207986,6948.733297845348,0.0423900256696968,0.47451573436400996,0.9178054602543237,0.08099730862912449,0.07929174832458571,0.0366368940326171,168.31651384685588,73.91932456363496,479.2160569901874,78442.46187791279,0.5940189537264635,0.943157638316975,0.9587296344455655,0.8755353407368194,1.0,0.758609817294974,0.17252847550501077
41.34730672522059,4.0,93.40893957489853,258698.2190225001,0.7583403837643576,0.6031519156914669,0.46879381748871474,0.3111523219865855,0.0,0.882585281624939,5.010146372852729,2.8447161378001993,16.753847346346806,2288.837090442625,0.06528808325116765,0.3650013056842544,0.63122948467811,0.08650162173548663,0.08311942902840543,0.04645663359855028,51.43637764075795,17.304970153338534,140.67176688343002,18310.39989411373,0.29390250918126576,0.2419442244595595,0.24764924682683076,0.40328588622680217,0.0,0.4769954791533963,0.5974127921558788
76.85104776442678,10.0,194.49116848228084,576906.4229972158,0.2623354494602589,0.7079461002989512,0.8558214284820972,0.6085830827740862,0.0,0.5020594459294665,8.992764925922575,2.2929568410486816,43.553253247171895,6710.4428075399455,0.029821107688598424,0.43248443965734723,0.7737478159708573,0.09035850254800622,0.14799011147864483,0.0345448040947977,140.21271970942112,66.61289551923782,383.40069922503363,73331.49592208955,0.23584037864387142,0.6775943563280542,0.7623814584907811,0.8335839602057213,1.0,0.40621218128419334,0.3134762165012944
41.40610855924986,9.0,89.90469719873583,194149.72096229432,0.2903063617273196,0.253033050191413,0.21235524114858367,0.09273517507571961,1.0,0.1578721317326674,5.177512720737009,4.9794622958000065,13.248094970026711,1488.2786499062859,0.022870421392125008,0.22682272890025224,0.34602656702218665,0.03530397336748274,0.12794798149755518,0.012992820628695988,54.72825099494389,62.79880160090292,138.92023770349053,11264.242556203964,0.11974769238310616,0.15626553572289298,0.13465153011925113,0.21949540535844558,0.0,0.16333879116723748,0.5658031599451557
44.8999592742573,8.0,95.4273195815985,267312.45514704403,0.6865802410318669,0.383530226743603,0.4286603857526545,0.1367236035360036,1.0,0.45307854329293207,2.5095535874329253,1.0688862185281462,5.68133600791971,1527.6524115644295,0.028189504356687333,0.13233953377061136,0.35621202266851537,0.011591388485358567,0.06734762384376757,0.015522239729221022,66.34956403074477,48.45607693841255,175.45908673917816,25514.618044867748,0.5224602018712248,0.48577721583242073,0.5652201903716626,0.24150511818851567,1.0,0.5417655281534122,0.5220476839507884
16.058512275418856,4.0,54.008473387634545,95797.20301473716,0.33500338758448756,0.5375787071512856,0.40883173356430647,0.09831683909994074,0.0,0.768663900832086,1.2976380341524525,2.6803115051049264,4.125591313957586,686.1036622726991,0.04529523382105567,0.2572737944655074,0.6502685515558546,0.048828801668066885,0.12967412115800409,0.016801378920414875,41.09416085838552,30.06635801214871,108.49229054807094,11912.397686313718,0.3320652544009199,0.39785457559798243,0.47015315304920824,0.3591092249524507,0.0,0.3274620216253298,0.829411279335799
20.97723631177703,0.0,56.42291546355197,116281.81325431984,0.40750230707045754,0.023703649692426443,0.030364313839331858,0.011374975968292064,0.0,0.24626712938563505,3.960850368512963,2.8314695834676993,13.286074848553524,3239.286753561751,0.06050561236640839,0.012863531857787297,0.13511907617582203,0.021313414658069744,0.04644947732259663,0.0061484010215159144,30.303452155559206,16.444742284719645,71.76486856556211,6361.835789840887,0.22642306198860404,0.016230260644112593,0.026762393503267312,0.05077287140114334,0.0,0.1409718070403439,0.7557301672772697
13.150250593542594,0.0,46.140689287747996,61620.203404875996,0.3851150796362887,0.14978689758704677,0.1005886010983073,0.06459240931305707,0.0,0.26087908645698665,1.3744957474428903,2.4607985665248955,3.058957274241248,257.78858837145987,0.054373589482676385,0.061183166257873706,0.22114212050953652,0.025292581522862997,0.09987919150885881,0.00833683771389808,36.33119580270848,14.755121446816059,91.6735833662169,9065.418897127385,0.3420799283751693,0.1175010439854986,0.1426849091484636,0.15212388415713485,0.0,0.18473556946300954,0.6683287520761461
24.9052521907273,4.0,68.76058861263087,107484.57008329518,0.8886669512120982,0.4780758567008332,0.18329980710838037,0.1566041086808562,1.0,0.8081593722899043,0.9093297115791277,1.9829024813276317,3.7621171108757774,415.88498175328596,0.023096661705380512,0.13172401386768406,0.09842182428672241,0.016198390395537256,0.1480915229143115,0.020623229746189683,41.92177890596522,40.854912812616476,110.45173240016713,7013.802143088359,0.5587242740984679,0.5236910310940557,0.15438203285741697,0.3468875839974355,1.0,0.7485927414871608,0.8088741899428316
34.28941628187633,3.0,79.4802908504588,217920.6480045405,0.3835189333710193,0.4023862938952379,0.3560016495066041,0.11070018737818889,0.0,0.4075945662072895,3.756011687454803,0.6274533294462885,10.5163951249646,2724.1340667033946,0.0503410837584814,0.3066820156807001,0.3710143760228619,0.023733616509666246,0.0521834372612707,0.021301970781673913,60.604450251227846,25.830204443445904,171.02257255061892,31780.040248045847,0.3506659267286699,0.4322838679970573,0.3410217246969037,0.2938906258734306,0.0,0.3229573520403158,0.6674670465155058
63.062213666295726,7.0,150.7592936880653,504993.91311782907,0.5916768073749058,0.9271927915244798,0.9944805945220239,0.6080076058853613,1.0,0.832172661253197,9.106116229557564,3.123391168567003,44.67899717859079,9223.776271464858,0.020294620408922052,0.49858917801710717,0.9905588868007289,0.062420333000324985,0.06637814669618577,0.047311051654463775,94.40161490697238,41.80779004279317,255.76498044642713,49007.067829863845,0.2108567335568983,0.9832567649209591,0.9925248427891202,0.768667463190657,1.0,0.9403948773017498,0.35446983382408365
57.75804106657215,1.0,120.80674365268439,330097.2334121231,0.6088676967035884,0.44171571443773244,0.21503937758226438,0.2690796814887465,1.0,0.14806180232934674,5.913825293928225,0.16951184286535437,14.980148091427095,2660.018664655197,0.053970416727739084,0.041426260269022935,0.05454511682622015,0.015657505399934244,0.036430888594532716,0.005240816119772438,81.29532276020875,16.612281780604835,198.19364774942983,31250.134628864605,0.5727000034779197,0.3908641612597884,0.2560540431797115,0.4319474443364358,0.0,0.22850216990465885,0.26689861661931896
32.604376441759996,4.0,71.58536531620787,139542.29495932526,0.0383108145696342,0.025373241028170235,0.012720700327931933,0.014390650521996902,0.0,0.045112107085913344,1.517472385489504,2.7656902409668898,3.7366396908977637,553.1758186036029,0.016534554407020362,0.042584594111686025,0.060673347724130466,0.010810889285117632,0.0773766223790367,0.007249888423569247,48.59683015388451,39.55943751832813,114.19289791443789,11130.819584975314,0.12329336380160377,0.04518321687139876,0.011461695321558663,0.042714420982178314,0.0,0.11470939403188933,0.7807094240647585
8.928672014940389,0.0,39.7331537385482,78606.76509695385,0.7768779051786354,0.1543705632263005,0.03065266919101145,0.01780840355175804,0.0,0.6736505082890167,6.18021395715202,2.0028407145911227,13.428238457790183,2855.0677850579877,0.0941069691366423,0.15062420023220818,0.3574859411670456,0.02095941317045272,0.07908709542378596,0.028495851224562455,38.6429235598157,12.116581938960849,95.13808314287309,10278.56432038556,0.7499384892908583,0.0638431760567128,0.011523869392497221,0.03305816566791098,0.0,0.24007705295920598,0.8109224462677906
49.67083635765344,4.0,108.84126862669446,295258.93368521833,0.5630259781127939,0.7691513762371334,0.7447062387692319,0.43463623202879087,0.0,0.6166350726527652,5.136859659888875,2.430469246917761,15.122471591209981,1989.0297300972315,0.08071318057738988,0.4549675730873497,0.5861789675576063,0.04033820203469177,0.16163026789254564,0.034711451260683354,63.036746947565106,19.87708465293134,171.89801900698558,21254.997494528834,0.40697682408791636,0.7713078806120799,0.7518115726126162,0.6511121417622945,1.0,0.6537128759259504,0.6714241672064974
47.312802877666925,1.0,99.74042359297557,280443.9069398558,0.84023217648009,0.3267861687451485,0.360888159177716,0.23166696159814026,1.0,0.5639556284024811,6.404860115732987,3.2243867567952296,16.688323629290718,2470.531029814355,0.043873679833521806,0.14114112360406333,0.4106482605421282,0.05935994565068073,0.18164891720352366,0.023245420308712447,69.05829605318266,18.79161582539241,167.7348050289468,27896.84415365768,0.5048637143167195,0.1517430234941301,0.14584204602754214,0.41854678477722707,1.0,0.25890239683794364,0.7832924124565559
7.327330883259833,5.0,36.661076633963624,22419.462017174443,0.3543121291003335,0.07070154200695122,0.15842565632402503,0.013632430692778648,0.0,0.5092728494534539,0.06835583832797987,3.9491636994961223,1.2588076457878923,116.05133475472283,0.08941521944786114,0.16295697166139167,0.6000710669374638,0.04626777925575822,0.04314331376469847,0.02761514004712487,23.27624905082311,40.10977757096444,61.82149647314217,1764.547750055583,0.35796260606966485,0.06984104933514551,0.27865643419195485,0.14196685783290147,0.0,0.2258659979140297,0.9421156733862512
21.753725257367172,0.0,58.29011152888247,115766.89843763778,0.14265147216547275,0.03656924341607548,0.018010066049271634,0.017417037833007208,0.0,0.11440492978539685,4.9693749874456605,1.3578056641497644,14.095774456340319,2505.1495332017057,0.07736264424181766,0.21072173999148228,0.41610334908063873,0.04743643297845509,0.041309166777214044,0.018553485204732247,29.632572130918806,10.511378446158819,73.07749379276875,3922.797524806764,0.10892923036730957,0.009328294157813721,0.008161683043228729,0.02026910912520019,0.0,0.1057046013437378,0.9966481236576864
74.9860583485241,2.0,186.87359663876566,581567.9284403006,0.17952093629009397,0.6277158398693192,0.5713222011889498,0.4226551295314361,0.0,0.31944683167494947,6.91993939435557,0.3385409260865684,24.26142556881992,4309.336157436018,0.014397119693541302,0.2584187252676787,0.21882780742327917,0.02034422465917054,0.03937010998567684,0.02455027689176695,159.29827249136315,24.006613709424702,418.92918634036926,86344.93095480486,0.3337915157569333,0.8216669343318939,0.6794041334701892,0.7398827539956871,0.0,0.5477074337722683,0.5514343292952472
94.44225510404803,3.0,285.0528902899338,912157.318063863,0.9266204324258894,0.9832609754054679,0.9284146373624693,0.9682394729151433,1.0,0.848570194572416,9.912875095066822,3.8494292367074623,49.85499577258986,9512.850549202229,0.04249657532436232,0.43171985624896475,0.6583410063220538,0.09767054097881152,0.19530398680941843,0.022741677780354453,152.67023801510587,24.00012922348902,415.8894337405762,75753.37204920001,0.3728652467502526,0.8819423362547965,0.813537491271118,0.9400706813254873,1.0,0.4634303768112952,0.11724039335196246
79.12538307168568,10.0,202.5294515854263,671364.496459307,0.8366959223233639,0.6618155302643041,0.707451913707498,0.5098050651211963,0.0,0.589137365444211,6.574780869352303,1.9865499819505743,20.491737205751072,5061.67217237529,0.057301475419011164,0.3313402916633427,0.3538486298626691,0.023396919518714008,0.09966822710968527,0.03262601750001686,140.2835141541189,72.19831646708339,358.2335725485579,83990.96149958172,0.6318895942822008,0.6790067642262823,0.730127151217304,0.7076411380147279,1.0,0.6428264610339426,0.4618647984917191
74.82162870522717,8.0,186.96419559574292,683599.9667711809,0.4039764732154694,0.5361006995892562,0.7732036148860442,0.5173506176692068,0.0,0.12949137604919425,6.399589094434273,1.4004345088471661,23.748935727128625,5737.208090660509,0.01795876696315005,0.30613231754136677,0.5251280436625961,0.040653719028443405,0.040292863540625785,0.016137091231895904,145.45908334623905,76.13059956732671,375.60469975682076,89122.377173641,0.4432874820621988,0.8479231313318659,0.9248564946055446,0.8372571845161257,1.0,0.6116963102863472,0.3522861285136132
62.04502644797993,4.0,147.45156624305386,440262.9475261947,0.6440635063990917,0.8728992636775212,0.7653284786591754,0.4921028251470222,1.0,0.9090645809454997,5.71928073594439,1.507119524834199,21.53571177234314,4066.55878789521,0.013987199049868688,0.3029442271829621,0.6735235592792216,0.031378612539770395,0.09177522424036529,0.026697621889799752,112.25040435927734,37.95404386814534,297.2543179859863,62507.62164627023,0.48482313832008583,0.8887091917105288,0.8716943081789013,0.8415968131447085,1.0,0.7972887678012103,0.2775677117241455
77.9693223703041,5.0,202.88045787564653,748844.2859961854,0.9557192905809813,0.9325416303068638,0.8819172583023331,0.8019239856513392,1.0,0.7441966909334532,9.958239770051492,4.592411251634216,47.2120613030869,9484.914875264823,0.0940144529397316,0.4321377912261032,0.6466697056268774,0.06598652927370997,0.1988890128525734,0.02575943942699311,142.31463186840554,50.586887329683364,392.80485723480115,87742.51939609658,0.8545444001348508,0.7794933454089088,0.7964976750630636,0.7504506482870507,1.0,0.5461536914703244,0.39699331692035017
59.909320360152606,6.0,127.27704202078246,339112.724638845,0.7850806618106587,0.5516412621795125,0.6901867280388312,0.30381025512000503,0.0,0.4747153329654927,2.1220589013527698,0.9059373925508762,4.677438563935468,986.1718095741832,0.027615220747580275,0.1107815999775068,0.7623928779794806,0.024105377740278013,0.040400783544499996,0.01472462266848737,92.4114428631317,40.24855068801479,237.89399346517393,37476.06701175949,0.8227477560421995,0.5465338602921291,0.8301443280811965,0.6671259345743907,1.0,0.42906260501042853,0.5937619444246761
66.32247854765167,7.0,144.7442961841345,484104.4662501004,0.1908952728107231,0.306764279986136,0.4456399132732888,0.1948683726799288,0.0,0.15669193423025712,8.155531410147933,0.7394648448349439,34.04278928561702,6826.639453252565,0.014242642854757848,0.22764215344395464,0.6938073362433675,0.033281181121756105,0.06094130557381788,0.015391035228644153,126.91419217807929,43.38168265039077,295.01797492989016,74327.82066810442,0.18317321014043705,0.33477296412421487,0.6000575924062701,0.6170188862866854,0.0,0.18055061087880903,0.39497523522591754
11.13168771811344,4.0,50.38956806061923,29910.733999750162,0.6684720734588532,0.6052544977199414,0.5564756871094401,0.1446509255143375,1.0,0.7351133243733499,0.3414555356754061,2.284125850424927,1.6677075652537217,140.0740271333803,0.030284898328104506,0.21579655060579683,0.7150535854990704,0.03891470416043961,0.042793225398723385,0.01720202690587159,34.940438784569174,34.79306946625942,92.19652510913325,3847.533185596236,0.4884198240265275,0.5242617470441766,0.5891050977966183,0.3989218704877579,1.0,0.33465487729241067,0.6871025292842377
58.54567239957793,8.0,126.45086576266365,312965.6617557816,0.8351176261419087,0.7901859329103941,0.8193060054149509,0.4848283032639718,1.0,0.5860707436689206,2.5258516489103195,1.188959991349081,8.349879505675904,1203.497137347999,0.013730784812196068,0.16592939431317205,0.5182903130111929,0.018800228039213298,0.060094552220911535,0.007442192827708816,85.10029089341674,65.42063233586613,218.70419844118712,31634.417269197464,0.6050791816855691,0.8354382873839736,0.9098225511130443,0.7514695424891946,1.0,0.49697998580855374,0.15370682025499205
32.21342701295626,0.0,77.22459889300734,121746.51169921814,0.11116766708323073,0.19515317361754872,0.20880701885662853,0.03265253641608907,0.0,0.28261599107374313,3.5324828556658403,3.2306590878241135,9.324433469709527,1484.9365239761473,0.021193560403086772,0.24858580302945585,0.5011609666828624,0.027068829503618407,0.14955603364115944,0.03224128934627456,41.7726783609196,17.219441324241004,111.65038877250986,7307.846813804514,0.10492235754190446,0.1362502500714181,0.19279015782795883,0.051751872383654474,1.0,0.2503611908918032,0.8143160912302867
19.02411154483637,9.0,60.47587726731963,101960.67042951689,0.8607240497425536,0.6988552305841937,0.4469399358149545,0.21958970095703054,1.0,0.9846379998821303,3.2124834683500403,2.2340397498497495,9.770380957826792,2162.470377028982,0.08524900967178199,0.20266691480492588,0.36724857301609676,0.05462508106060779,0.09835653915568046,0.018579700996053525,53.39711028131373,69.2432443307683,144.04081279753333,21236.99763284771,0.8392610234833898,0.5214128542080032,0.32883109991431214,0.6211731625092777,1.0,0.6255822830958414,0.5312410717792346
85.13305541207069,5.0,222.36352056969955,761499.1247722248,0.5244222309285115,0.6208277818161112,0.7370793210893666,0.4245725735126795,0.0,0.3801516270799483,9.43418158291243,4.022656935336428,39.31608471388556,7468.989601981591,0.0792743822587909,0.36786484993072877,0.8365626936215044,0.08473314053941383,0.14626616032875248,0.032809533588596694,127.43022797371658,24.712665969124142,304.6120737276023,72646.43439419424,0.18191308432200176,0.20062200164645588,0.36452525276103265,0.4995063521100303,0.0,0.13408377407229935,0.38048824177475404
41.52404828687689,6.0,87.94678341183125,265236.1951929396,0.006196697427945319,0.023798411813590492,0.10065753210962519,0.028848346178099848,0.0,0.03691797220960358,7.229382148120334,4.657714012864032,28.49291858336711,6060.111388069094,0.08408024128346987,0.2171293183587171,0.5585924090143167,0.027304149155028413,0.11831091714702406,0.025372540566810178,43.74793718855999,38.23339368501439,118.0365340038523,14865.761224796852,0.10074840417083473,0.03698436732841914,0.05974910111080051,0.00832443512893205,0.0,0.11267462006650816,0.9114292384608453
86.39999874963712,5.0,246.40575446991332,736581.9782730609,0.4810654575036178,0.8599014541992596,0.9295734376493594,0.7894446570810706,1.0,0.3123951139024077,5.97287358137853,3.599646084670595,32.89345003012898,4048.451935294865,0.015236839618472817,0.3085708999502971,0.621101760613038,0.06717009147028478,0.1525256052581419,0.01201243306219279,128.5099513026956,42.43906854968559,400.9368093131345,63819.72557024099,0.2012229335134254,0.7008243304037968,0.8153673719910826,0.8747086687155876,1.0,0.18970506106616958,0.18693289481338016
16.332707270026262,2.0,51.536517793182526,75756.3141140806,0.7616101791512531,0.3516205492880621,0.3368022801809336,0.15904167254132867,0.0,0.5035848910942078,3.551005931526125,3.873708520500905,9.07001705676547,905.3991381960846,0.09919166114572622,0.33297144316982347,0.6877063938740771,0.08961204833411145,0.11820703878868277,0.03133688304747324,39.801228986547216,27.289159800659597,96.46317277264899,9399.71503285294,0.6586267528703782,0.17911544799159784,0.286174970424017,0.5035813262004725,0.0,0.3126183865731156,0.5715685843049195
79.79748134529854,5.0,201.54005054227005,702834.5936030758,0.18313854227289733,0.4061110675214187,0.7430347183912864,0.3572336123473945,1.0,0.09271870892567718,7.643498288473722,2.280306751585368,28.784299534595466,8081.914312022574,0.02761677518912745,0.16235040931930536,0.5604305675845954,0.02342397392036054,0.08249636499978137,0.013093776094362186,109.38198831020017,45.40347468871866,273.55622340145936,55640.32554612064,0.27884186907401637,0.5463149922119082,0.7504162659800251,0.5874496977295762,1.0,0.3297151007787308,0.4146768514711187
99.20430473165692,10.0,299.0055051434844,855378.8739503808,0.9881746665416307,0.9788273613500065,0.9489524669968614,0.9785090702377515,1.0,0.8410724640832814,7.8230909099821675,2.7284498383696203,33.47465166733051,4297.448325461655,0.07486975759131505,0.385964938278391,0.700765352231827,0.09178293455709871,0.04140587718343959,0.024583073053921562,199.64277006659847,69.87954995344512,497.5826053140325,94482.11580296546,0.9408019165430866,0.9094480583435547,0.9201089860144442,0.9888060694824345,0.0,0.6127131975105955,0.19391016410369388
38.366228889114105,4.0,80.59400229067417,192534.41014207795,0.5459157158139645,0.1657877926257933,0.042944074693265,0.0964375748720118,1.0,0.23940160761153853,5.135531784650116,3.5739076112439476,8.89774542229247,1968.8138472261421,0.03380324079153068,0.15686302926691054,0.15919613521334908,0.026994064193951738,0.13876523424924878,0.014900810389741219,70.40447525635204,37.82265145362946,154.31273286562055,28253.038950338836,0.46561655647196526,0.15810610023432625,0.05947874047123225,0.32204247591808455,1.0,0.26123171700208936,0.4552990773739494
52.66279915798061,4.0,110.92376592342866,319898.2746746971,0.1717112726296457,0.4282943229884635,0.37287929048588797,0.18653157257490668,1.0,0.3784253487514429,5.011581463686081,3.8122710156042587,20.351732719717976,3850.837965110408,0.05704185828809245,0.1937470811563362,0.3782250801155916,0.03132936737472663,0.060856747990901953,0.01316296657042085,69.3021239423284,28.542954566207612,198.2023008323981,28492.530112571734,0.1911081994554837,0.19637309838633293,0.213891849594057,0.2573702656792662,0.0,0.24295634767629634,0.7862321539062944
51.591983052443126,8.0,110.44184427139015,338517.32071802,0.5757992710791272,0.6068054831497283,0.6221708584027195,0.28913949888739016,0.0,0.7596184290811496,7.590528199301561,3.0824797499394028,29.1505013254313,7208.585710073187,0.035104496374699104,0.1808864990132804,0.2635152975269676,0.021192515953657783,0.08112464201885673,0.019179687965755022,79.1309145483161,76.56532921503553,206.20000858549366,38909.613473942314,0.601689474691247,0.5704535289218144,0.5274131300970191,0.569588878645501,1.0,0.7037345183166414,0.4174974101131863
10.87126167956837,7.0,50.243884827373144,53829.87242191084,0.8598177887500378,0.6562287190053764,0.6879426269206452,0.15970436956592085,1.0,0.8804767634347563,0.5146538523410795,4.697671099298249,2.4200562462845485,451.7108778122307,0.0478818026908193,0.3400228524740622,0.8219966425403065,0.05349028531492486,0.03382035681275194,0.04003324742390448,24.510597259686076,72.4114447587562,67.26989813811382,3200.44570555739,0.7454531682552399,0.6023062779511119,0.7019593208547215,0.49478956942935765,0.0,0.8611498808100834,0.7413196466873142
6.010092306548906,0.0,38.41765776300623,16663.2862172667,0.6379878384018574,0.3705568854580193,0.10415770290735732,0.03939068559291709,0.0,0.6200030564923116,0.13335279041507242,1.9163797502310884,1.5548691010109357,110.3521380533773,0.02363299238987753,0.11630843250104828,0.13152311679573125,0.02275107272959734,0.1113631748245868,0.011495839903128956,27.834802820059366,14.03305134251739,74.77949753261476,3658.8744841752296,0.31721259076922165,0.408692417175936,0.23564850542696392,0.21063186885642865,1.0,0.3076257013303775,0.9568072465866604
94.67596281253293,5.0,263.70756540639223,965930.4187422929,0.5771390629396458,0.5809869967481194,0.7241070140007674,0.44888410994397004,1.0,0.29625244264166883,9.128692773262859,2.6564797385717305,41.30729663248337,9433.4739650113,0.014901305165501779,0.10592260272424722,0.3006783307906389,0.020183967131091086,0.09110009800174243,0.011779553785602167,143.01333350125452,31.685870721429865,359.4969724119821,84863.68560629495,0.3344081490090124,0.3319026745930108,0.4781829066082308,0.6277126203199935,1.0,0.1869434694196335,0.39360319833184815
93.66584869299331,10.0,254.39075725418525,799741.3378081807,0.5606338167601747,0.6105840493103247,0.5015599557511763,0.47388510964884034,1.0,0.24373686855683732,7.945291849862388,3.549237432206346,28.27925967996854,4886.145925639408,0.057639567157911575,0.32791491727677347,0.2798422212278634,0.057140797744068716,0.10000936799046858,0.013991475469341022,174.91622277009364,76.89614311733983,451.30771928125773,85800.17240965135,0.41184859405245217,0.7635142730378681,0.6717562219612129,0.79844683882522,1.0,0.3561836260601727,0.02708166645204224
41.92054886452313,6.0,93.71269564365622,249182.99460626772,0.15301850038732295,0.43264358875324027,0.6292128328673352,0.1346991847455647,0.0,0.3645416537974582,1.9195516468905054,2.693837632841915,6.442212978171739,1735.7212884834591,0.02302748326445058,0.3799326296479566,0.8194181542982245,0.023402918979131222,0.04520538714288118,0.022617136281544,65.44708760068221,48.861924884441315,191.1641706249432,28039.45210693608,0.42596324816097364,0.8311406492770403,0.921078042119903,0.5629080696861914,0.0,0.7066568635259514,0.719088555166627
51.35202735120174,9.0,110.27417242411764,358833.23433403304,0.3291255170676687,0.653867024457846,0.6526775513645926,0.24315930576834952,1.0,0.5713339297881088,5.188369286031169,4.176966468704185,19.886095583163055,3382.0944400748135,0.04505449076252895,0.32121194001176595,0.5304337529977035,0.04850702375613825,0.10229661989343948,0.01977329398336646,64.63994284960732,51.52762334746313,188.93594389508155,27789.981646650594,0.3400831820056369,0.5933787662332386,0.679081864182985,0.4926712809062291,0.0,0.45114259080566016,0.7801398345870368
73.6952012298136,5.0,183.0543815863933,510324.4703835328,0.8580568171349543,0.6245305026243816,0.4539851282089347,0.3963166660948783,0.0,0.16346699917648022,3.5796134448388015,0.09428661021891749,12.610983725425974,2604.880263021808,0.02447857017427652,0.06451448274041402,0.15948467547439665,0.039844179319529785,0.026733941609574485,0.005910083290237857,97.91817428754058,25.417838745707158,248.1984124790633,39750.63003856229,0.5194897584115528,0.4682013031282161,0.3119894994600786,0.6420695946543961,0.0,0.2348819926801723,0.23300325795653376
72.9029333313324,8.0,185.45591696723906,580761.2842656097,0.4563775618904385,0.8520109142490652,0.9210119554664644,0.6440342020583387,0.0,0.7285398492688362,8.623005112649441,4.4461880816385335,40.361967922963935,7827.39742916326,0.05204982496822308,0.41093513516233526,0.9190868901108433,0.07135433238150854,0.1792823691444313,0.03982056511463132,115.93101365444628,61.66592182147671,308.4694092897067,59956.16252941369,0.30871443346014965,0.8175886830131487,0.8978839678877072,0.7384172734200017,1.0,0.6749656528436905,0.23078997755511038
26.140268619481695,0.0,66.34925373096107,137588.77503642737,0.07948748361015917,0.15667110525077532,0.2959306727249773,0.09488273153167902,0.0,0.298327821446514,4.216267234877333,0.23080859954432587,7.531684043551151,1958.8663292086524,0.06501268015951416,0.23269927416582512,0.8064573539652706,0.03543670973392858,0.04250546285832278,0.034098179712742836,57.466322590750835,13.087746007511893,141.97717577019057,20942.685532525065,0.19230676792761464,0.1249178155662441,0.36050216624214915,0.2814149949367444,0.0,0.27333231532433905,0.7838220025454575
36.388724881110974,0.0,81.566753867036,137402.51805372827,0.13519515883836924,0.248226596623309,0.04602150677391148,0.026023945593940372,0.0,0.24261988517252733,0.17664926722899832,1.179290771472681,1.4710117912998975,152.4035666594098,0.011010531795217557,0.06705703822548045,0.1499148375569579,0.01994393081767052,0.06631607415940853,0.007806623153754344,39.964762756594176,15.96852946846275,115.81955086669201,6466.665532457835,0.11561492398300649,0.11850931789742886,0.05479019964049742,0.1885896004991912,0.0,0.13986990126896745,0.8682654719742132
32.922084700965364,2.0,80.61239224149898,191903.6401201327,0.9428216048390441,0.7320716539885627,0.42583464953911654,0.2758290803715736,1.0,0.9257843136190553,2.866422558434962,0.41869544020633764,10.562924896023219,2069.6650264337986,0.04678323058180005,0.30454980456736513,0.23687146409641896,0.04332655337676416,0.11129364111909414,0.024884550774533616,55.27725130924968,20.290744072170032,162.3156136585234,21503.661888437517,0.8519443521277018,0.811949588364691,0.5948649725793853,0.6325963882974567,1.0,0.8658697497215584,0.8077156894783662
46.42740758247444,1.0,105.75939870256484,311845.73468938825,0.3740838455248139,0.4927472225595662,0.48261584027484505,0.23895167627077882,1.0,0.5286351934047703,3.530722833186275,1.532195407433639,12.605508091774631,3850.250189380281,0.043315054196129264,0.1975381300308803,0.3173784264378071,0.026120383716273635,0.09492390622133891,0.017979515622512043,66.40431193462713,17.279344045885587,177.97634615925426,31834.89492355763,0.23668418557275753,0.43855544511790834,0.41282756447767033,0.48508586228392514,1.0,0.2943929957040175,0.7848900809371177
27.412470423152982,9.0,73.52505763444526,181428.12343376176,0.3396806398169826,0.36924690047096925,0.18893931685556759,0.05741662614158162,0.0,0.6645152981249811,6.03022397288513,4.9531893877225315,23.80940154334884,2541.5552429706177,0.0990665298879572,0.39919153490483117,0.7619906491584079,0.06892485069806978,0.15461863932921668,0.0380059184715748,51.09127893755657,59.858931909273245,137.16836004996676,15602.910177409733,0.2701670236680291,0.21056954419271684,0.1055714558706477,0.09027294161654509,0.0,0.3511072920979786,0.829974986560285
33.56115368493444,9.0,80.00632634576516,138641.5100779901,0.718640248503649,0.7526195581497723,0.5850123511929579,0.19402681257946314,1.0,0.8611068797497745,1.7827678394346331,3.46299397120448,4.073455427262169,367.1499842135071,0.08985443598492815,0.4884376016804267,0.788934255483327,0.08453161842731131,0.06937834184368083,0.04914361787030244,44.03501977816809,57.35672577171038,122.69155116135363,9258.656414714185,0.5464878336066666,0.7539073944618288,0.6987723987210032,0.5714549205996488,0.0,0.7570580162048962,0.6412803710360647
57.59769308430172,4.0,124.6397291879869,318170.4396931588,0.4003056865522966,0.8630273374258274,0.7509239895818172,0.5025490528103461,1.0,0.5393607927256803,7.60020624029182,2.4294679655568094,32.92021579683177,3328.5877428646854,0.04102639818617148,0.47119640910398986,0.5672613204741451,0.07213387815418769,0.1473924937614086,0.029133123065193577,93.56776607295562,34.461625519278115,255.22072158464056,36046.14495948375,0.311261699206898,0.936328885190332,0.8733113320698802,0.7930921166062972,1.0,0.8015844477144543,0.21256515519214164
82.11749848576389,6.0,219.13930807394576,659424.14807887,0.80080311165642,0.8040666016827958,0.8154913339986979,0.7209063324574809,0.0,0.35353486948690455,8.909598546009853,2.5436110754664303,38.21819433534877,8268.111209094162,0.053405921173863766,0.3790497503525001,0.7832298624307832,0.05914252264302781,0.04302531876092562,0.032320174814697684,167.24425389990768,52.45814539423117,455.8157864121814,86294.47903696328,0.634017146367459,0.7307906400592722,0.6992683815208662,0.8349820922501388,0.0,0.3871496161825557,0.4896476657592255
2.0231726240045234,1.0,31.898453175687674,22877.483071692575,0.05129877722621473,0.013214853753448885,0.004179987633318283,0.0008824988891222118,0.0,0.18834896239854115,0.11033793281355209,0.6488725893902461,1.306682823982994,273.6346921773645,0.028813804984052328,0.05469268942621075,0.05749171968048794,0.014216320200754395,0.02705823969028739,0.012065927728278298,22.53944986245177,20.212708791099594,66.31276585327696,3783.9032353541097,0.2755661022149025,0.10049268934757827,0.02934246053204248,0.1070464713260521,0.0,0.3127777816548042,0.9641913006914963
90.03801425286538,7.0,264.98172774968356,698718.4912614395,0.8766742481093069,0.9791827760249244,0.9215730947405139,0.9629300524235587,1.0,0.654630013544536,9.011303379274326,0.7283271899540971,39.75436681098134,7946.599277691657,0.013180692049855825,0.3430476904762659,0.3501734301264571,0.04849832371271165,0.08257640791383664,0.0151517685440505,166.38078755027567,55.97952785186997,469.44602804439035,78700.930716878,0.6934472493783089,0.9890366233518343,0.866505305177116,0.9660025559371908,1.0,0.7928616090999823,0.27194086614293667
61.69586783222711,3.0,146.54405682911465,366663.1485617935,0.9382816815391505,0.9379298817734206,0.7912992763844671,0.519656347770915,1.0,0.7448620127058941,3.165305930846306,1.2810551307692513,11.377379456548496,1985.830801921485,0.01727819208921972,0.38220940665511827,0.6141580862076832,0.05632986848688758,0.029874670756012207,0.022151785856478617,87.38724545063046,34.86799954413025,232.05294522431936,35305.87056431823,0.896339063027647,0.9795422637716431,0.947441001770813,0.927381271841951,1.0,0.8754459996981645,0.23915694060485082
5.989269529697758,0.0,34.14372714397145,13101.92764743785,0.5234379714285408,0.21541996909016672,0.018074616341989147,0.007960976883766631,1.0,0.4935362624045202,1.5667004981947552,0.18937352580990297,4.537213499453511,603.1280744651334,0.042850646116542934,0.23754029595205484,0.30503821833489286,0.028949713758113713,0.06735774916029585,0.02538804769118399,20.519811236591316,13.555827129667081,57.00076901844165,1106.8409481067704,0.33716259499216816,0.34345051614512356,0.16143461440524043,0.08329683700182933,0.0,0.4771233619925254,0.8186052973697368
45.312211612283534,2.0,102.88616977368493,229270.0664035421,0.809955803644357,0.8391428510981079,0.7866359159656575,0.3556283993202973,1.0,0.8281893096610826,2.60802901332074,1.5789534189712837,10.268980095841988,1192.1422527951202,0.0434977224825236,0.3138075764463782,0.7921537787372557,0.05686532144090805,0.04003201597639093,0.021647464642490035,76.55852029389902,36.88287213489809,204.89594994870052,25980.891449746192,0.9505300843521337,0.8389233056170018,0.9307058048120381,0.8487584790805425,1.0,0.826158344159083,0.39703016270388664
44.89618118965593,9.0,96.8450311785146,283986.0932220025,0.05467176496785231,0.3005599649431291,0.4792679990485738,0.12700508205268218,0.0,0.37894623711533126,2.38074946305239,0.8304563857526661,4.7910671899028605,1281.652793622522,0.05657386800573893,0.3722447970476188,0.6835151215544706,0.02735863950080662,0.03382286998178589,0.03733657009925196,74.30927954169027,50.346965905932095,201.45281232295278,35112.29378714962,0.3617949475019644,0.7533068334379625,0.7952717134024971,0.4392697531478763,0.0,0.7142070688958925,0.2923610941495051
34.55642204339286,3.0,79.10598393007616,164763.58898073816,0.07636946451795984,0.3096943411733223,0.38258709273492525,0.04144625265343225,1.0,0.4048738437512294,1.3964176993232806,3.5030008757650544,3.7467161022917206,1155.584916085584,0.04616499257599978,0.36034741106570983,0.9295882915924016,0.05186201474928116,0.10677695966626051,0.04004464950375872,35.18982667304724,25.74495543925061,92.91212140530108,4620.940281914097,0.1483512998188456,0.49563705552864545,0.4602745746667315,0.18330077499806624,1.0,0.4056398404307798,0.9021172221040983
64.21014997956944,6.0,133.5160926951837,421257.9173817109,0.3587824374112467,0.14642651569105297,0.15061726345664733,0.16722605971997462,0.0,0.12354005657880479,1.7112398546214735,2.6772233038815196,6.027707674014239,904.6768335552297,0.013212609709662548,0.0016308556838591504,0.03680559862955729,0.010307750668598011,0.02136041686096163,0.006644701741747981,83.7155560341665,52.19653797224253,207.298418744209,29683.30739277424,0.22324356347900898,0.13388693584312256,0.13032099520731838,0.37426942286865417,0.0,0.2373547691297643,0.7080904047618881
49.18040441371586,8.0,106.86103457282144,314074.036436921,0.13490008411880466,0.4987247293494341,0.4703517875788231,0.1580548642456694,0.0,0.29925348293918896,7.515626123930719,4.049570097807471,28.856589112323405,6347.646315537367,0.02357581512661214,0.2284882341470557,0.6603494623597469,0.05646998564362599,0.12497824594798357,0.009940377561186802,75.75172025008983,65.24098190815137,196.31126258879283,36877.7394682114,0.19299798868355475,0.6108034441025865,0.6712330875631709,0.5673431699921617,1.0,0.25631102819578067,0.8234307864563956
40.66742407533542,8.0,92.50377267695815,241500.26559077014,0.30123082869004947,0.3596625256636955,0.24696340641384185,0.08411469280120079,1.0,0.4609763134837788,4.615324387249814,4.700854596509565,15.688247207799845,3585.7764041774017,0.05987571149194189,0.15536764049980317,0.37947211453062824,0.0212562059054262,0.0598707277701379,0.020108357113449635,62.25589691900285,65.33240771930022,177.64401295101712,31644.083504339196,0.25526181157480976,0.2513295392345942,0.1247713305256129,0.18082327442792318,0.0,0.31798454163513457,0.9118260486788925
49.962867841172546,0.0,100.8478164063134,316351.3296650421,0.01529302937307131,0.09589110243411358,0.2680067070699572,0.05719509225572119,0.0,0.05515325135200644,3.127337387599519,2.5172274093525884,7.686164285127936,2741.0056877649745,0.06562499734267867,0.23480900798898532,0.5492313443524552,0.017933971870997285,0.11803265394248837,0.014297541359501885,54.583557185369514,14.755472468319763,138.65828723793052,21647.97693195663,0.10336022454150977,0.060821938637389716,0.1093382348034741,0.03131648106716589,0.0,0.10842781469124602,0.9923604041203755
11.795799381363423,2.0,50.98632737691963,34023.50002850714,0.5541422136722521,0.7756114994755412,0.5035275191739937,0.19604165568405635,1.0,0.9596126098387997,1.9204045969333317,1.2368253250060293,3.80447032185679,339.9958097262037,0.03754625657214421,0.4029319145338558,0.5620728576821671,0.062110422449351554,0.03533683296339999,0.04442555702443993,45.2289410921297,30.71753795021516,131.40022172728789,9457.324678105128,0.4736786859668684,0.8917751889803103,0.7952920467864276,0.6801438172102653,1.0,0.9492709775146494,0.468627096849614
50.02975866976302,6.0,101.4994090886799,269820.6070828495,0.058706289452180704,0.11666867612321297,0.31791017601309374,0.11148065576766537,0.0,0.05565952334498675,4.735586167141874,1.1856986892399057,12.365410886013734,2303.6795026524383,0.010859102802750195,0.13051180399462187,0.5838725375508456,0.028013212137613486,0.06400640611522851,0.017971264601693505,70.14859085131515,33.71050197852847,176.20330032804404,26148.84161715237,0.10069170936176243,0.19217952108263392,0.2546125137244392,0.2335280351136903,0.0,0.16713345492666612,0.6313322213216752
36.3094960751836,7.0,82.30168016188685,155834.2349065451,0.7937823162256687,0.6589108179548561,0.6639571623137657,0.34923709277265774,1.0,0.9363994645061221,4.511017897024422,4.9815823639867105,13.57766020251049,1484.7955610313256,0.06235663821216409,0.39883008095376077,0.9007965657779282,0.07304331602608712,0.16564989594994947,0.048888200404630454,50.702464906409936,49.34758544339278,131.39265128431413,10797.407475695334,0.3050439118011776,0.6514295721963441,0.6652121633664498,0.5101420818819801,0.0,0.8326551051677002,0.44505450171849026
85.25704582509798,9.0,214.7418508465127,801712.8411186229,0.7079329035476518,0.5647536963861236,0.5830730509849256,0.5228124001048433,1.0,0.39759523177529726,9.382923311913045,2.8600970695823835,39.83899498378698,8951.902386809828,0.02973724094071213,0.1944985564889068,0.3484916513438746,0.06552162539750953,0.040043297117137416,0.012063844176049365,178.21299668859763,86.33865974387086,430.40430993108396,96087.30044457888,0.5193393518952033,0.48944419635637587,0.4750960116422806,0.7471298685958967,0.0,0.2708209532309677,0.2604861324454731
56.003241704663914,1.0,114.84114994041002,368796.48320962815,0.4539731342221488,0.3792143713315665,0.2753960635286163,0.19389488497793206,0.0,0.3890508566859972,5.8632023364343215,2.816670091745303,16.479931967943905,3787.5684371716807,0.041938712169615644,0.22490973246652476,0.4691361916014309,0.04253154285042028,0.10680309910240411,0.02066722024752952,84.11514986844543,20.020583529709768,204.12550664778382,44352.9798857531,0.43394925764281583,0.2767687603000988,0.2942689838815373,0.5644056649278352,1.0,0.23774352712839347,0.5637462405494862
53.43467883121443,1.0,117.52549880345956,304889.6440580227,0.9489852947413266,0.8932661006722376,0.9029893110823191,0.5711143645413317,1.0,0.9277342876706602,5.298986364569379,3.2630017397440363,13.848675095321003,1935.9623846262616,0.07674418449532057,0.4448726820186314,0.9898495868929984,0.09908484059164387,0.06195544785402032,0.039731067823626974,69.26262516067625,17.94563920845226,192.37378336780898,23886.192209525187,0.8277983222205859,0.6989408558053882,0.8564048125387527,0.7521069483110043,1.0,0.6125305433982106,0.30584891443436896
50.91392480831175,3.0,111.94462798590483,264743.5031539554,0.41715012266203466,0.703505152363233,0.525373418547008,0.2770545011935298,0.0,0.4604857713243138,3.8176316434804454,4.028920399040489,16.599770878303392,1795.852881414065,0.02897269377422274,0.31734612421596314,0.39371326513798793,0.03471070471445191,0.06819305407788354,0.017108783729089506,58.34368735576454,22.130336668138142,173.1095289124525,15587.886636348947,0.21864436018294273,0.4979299640030831,0.40373285406435633,0.33582034621564655,0.0,0.24234767411192423,0.5130146879397184
69.14939731022147,10.0,158.95803355814482,482983.1893059038,0.37612657388915455,0.5686884885828163,0.7360195478994587,0.32432467048355895,1.0,0.24939206951456425,7.71839230339997,3.766653369383386,31.586367249938764,5733.649690396792,0.028117354284915175,0.28158469161919014,0.9093259268951139,0.047541906818718525,0.0727451867281143,0.030202516934528616,98.87440823731662,80.82600402474424,247.08053824241514,40086.462455068024,0.46207013270651315,0.5871396655669668,0.74389521259913,0.6847815467356282,1.0,0.34059752879198946,0.49594113126281986
96.97954073488195,10.0,279.26031185292965,870494.6500134922,0.7879071488785425,0.8688240277834705,0.9097848060744325,0.8821418806367141,1.0,0.5587095233249737,9.64827430159918,3.610797746069059,41.35037098886584,8543.48731507558,0.035642013651511394,0.2667284161210806,0.4866849342059624,0.07695120096715799,0.0803739037758779,0.021752690976670812,177.10820035237754,72.18808655860337,462.6271816594912,87083.75609665946,0.6513551503643243,0.8491872209563647,0.8937494876237528,0.9084473306433012,0.0,0.6264866668081892,0.03501795399051222
42.330008290678876,9.0,93.65017916267674,264670.1731865868,0.27953492822406234,0.30563999868341796,0.505805733062289,0.19530660689403792,1.0,0.43762199707666805,7.407540664543634,4.586652684913453,34.159729422199405,5640.193557409998,0.02090928554184619,0.2978849417831203,0.6948255070947317,0.07519653430290371,0.12048768001278694,0.027046699973621965,69.63530756198864,75.46094659470167,181.09111023175439,31873.87721306822,0.1536112640295475,0.36776392006184466,0.4378571072432908,0.5785902578365357,0.0,0.3912787510400568,0.516073990227972
78.17089562679922,8.0,188.8995398535971,544940.7951808084,0.8309209586839428,0.7876088789931872,0.8129968997489612,0.7752288727455485,1.0,0.6088581893960656,5.1998332961797455,4.286841044564521,13.144555006955501,1916.52037628106,0.037211918914287226,0.4066120917556375,0.665555090526915,0.0859174104611202,0.09484483274705043,0.03122755970124153,121.27804649187445,78.44706774242657,285.0965977445005,47760.30853948945,0.5565085231993114,0.8698888626592202,0.8824529918280902,0.9535941619930841,1.0,0.858620986942989,0.09995123561584085
61.20919265101264,5.0,144.8300314250117,376869.1537032393,0.9107841982646483,0.8650990769817285,0.7019381059785211,0.3708485355888651,1.0,0.7414351096909784,4.288076212555486,2.5508998629430955,20.18646894291806,2076.6736512009547,0.02708323348287104,0.39452118269266423,0.7943155368379275,0.060074181870604634,0.12643890573831493,0.03393075944011334,89.29216543625753,40.55371947510959,248.3424916601774,34529.778235590486,0.6508562665487022,0.9085028663039425,0.7824780510234386,0.7924276315375643,1.0,0.6699097904234408,0.5695669629247234
51.974430138179684,1.0,109.59515643800651,284958.1099638101,0.24519672499286244,0.2863631824428909,0.48242564914518,0.2235575705448075,1.0,0.3660604878085859,5.038583820362591,2.717161129940607,16.35558122406162,3210.7191121964693,0.04977261194903328,0.29212859698776816,0.7509438324223301,0.05695989844468783,0.06430862793604464,0.03405469650527374,62.01235559337678,15.969299791191446,166.16181149659255,19974.86269545319,0.14653228513976826,0.26157900195196004,0.4414752063045408,0.32542899090519706,0.0,0.3044535317006696,0.8248191172109836
21.36836448770471,3.0,64.06208741860893,88376.88348520476,0.6744284441634777,0.5278818527922784,0.2634499098662046,0.14811230451955945,1.0,0.4599807950630126,4.734596844827345,4.633736426005149,13.349172636640066,1041.6696378080874,0.0331481056103908,0.25917294059194673,0.3465790592556146,0.06782115513192626,0.10720161511223308,0.013664724265640507,37.44177442049685,20.662274509942737,104.6184584582947,4658.6036594043335,0.16824524576644825,0.19859262019512697,0.1000225869069481,0.21535447077451697,0.0,0.18191643008031755,0.7893980677196846
12.067019817504558,3.0,50.850621536718975,68808.42282268453,0.9285774991922752,0.6386137836790329,0.6278613337631037,0.21912646410820272,1.0,0.9274363216001256,6.460070274007205,4.493088502855965,25.041259494998553,2741.354554389893,0.08096830168687491,0.2645602837876165,0.734816846202996,0.07864499368738649,0.07476680597663182,0.02729722811985944,47.95723754637711,35.24022519764189,131.5655353864576,14864.544695483988,0.8315285508394663,0.5175495752046305,0.6186679070769111,0.5719151046302682,1.0,0.6311512487250652,0.4265590799930067
25.55655578228328,4.0,72.75789615721818,130000.16906339742,0.9322010164665757,0.8236244705863914,0.6124371711938752,0.34047482430082565,1.0,0.9977560569282777,5.265581137761693,4.2238677931325705,15.278169260122915,1848.5645657513105,0.08195374733126908,0.34803666323871824,0.7976754138224453,0.07116806116952978,0.1126043872130272,0.04500089858310717,57.193113417868055,45.50086029752052,162.97548051455522,19630.432380548216,0.9337842235724347,0.7183914495458219,0.6242893068692654,0.720738460318382,1.0,0.9306734881891982,0.5951871560559933
49.83302757485495,5.0,102.54835363297265,293539.0056424715,0.04531073045258738,0.08653078170848699,0.14359429999146117,0.11179149634485881,0.0,0.1389256594694016,7.208482615616437,2.3041239425985265,24.01648323181187,4189.692390303108,0.014405603978293241,0.14998869477565008,0.3297793970862485,0.03730917295077902,0.023934782848612515,0.01444495581915307,70.57113375062785,35.67850675355596,189.95670924329033,26281.497518551125,0.1044230308128355,0.060297248643505885,0.03713741601651355,0.24138712960046754,0.0,0.15673347314300548,0.6014961871359317
58.72719706632635,5.0,118.8369177125197,431585.13900488964,0.08971485746062757,0.23025268917267683,0.3971100736805713,0.20923272110728822,0.0,0.09927711015219443,7.7221729582179,3.0573692987775143,26.6162564276581,6531.424368611235,0.057431106218022644,0.1787388298264032,0.44640445463775785,0.03303542388310127,0.03138815942631863,0.011115136731958295,95.00410397962274,46.74692340113885,229.78072498172975,56897.3331337822,0.18299006682977625,0.2878606171643212,0.23599643327947994,0.42213291740747844,0.0,0.15332742102511493,0.6195627261070467
68.57511819762581,7.0,155.58945691200705,563716.5188980813,0.17460809079852602,0.23621880694396655,0.4186366906706813,0.18760799710239953,0.0,0.08102775511788046,6.767245778484159,1.924519197428625,25.809387855610797,5504.614306602207,0.013519381331912534,0.08174746911476272,0.26572611677317093,0.01914027615438065,0.03185151448864745,0.00872589325162879,119.20456883842414,71.16414650563927,292.9480632732606,64330.3094307784,0.2513969562132542,0.6137298183430402,0.701642274469781,0.6067662167666964,1.0,0.400125011525285,0.49250629903269816
54.72528632813066,10.0,110.3226695802908,310021.5490699201,0.5700509449154715,0.4885365994863727,0.5105236413365126,0.21253237216232324,1.0,0.45446109985120453,7.11051335526766,2.7393729579705552,17.411974572494866,4716.549987888675,0.03990552015731559,0.15877086470702229,0.5755197465737804,0.05340896922823431,0.0864497436109684,0.010011140437008988,83.6293158905034,81.03488053638866,204.23115290368233,37217.59364012197,0.39144408335818365,0.4099556126353233,0.600955535097317,0.6457375522898612,1.0,0.24730135141450424,0.5619832883855673
12.44409021053113,0.0,46.7857008908134,69899.73728437629,0.6586248373358111,0.28079527116841574,0.15307218132891262,0.05678589583025463,1.0,0.7534589926803272,3.71988208938392,1.275976820414049,12.140269733971499,1173.0322565024462,0.05374056262674566,0.1933395841005862,0.5336727886433003,0.051471866411257096,0.12449935886308847,0.020057470644144985,27.473913745854823,10.84378675643081,75.28262355150187,3143.626119825585,0.22715441004811768,0.17390142269156,0.20760936342008585,0.13538901265583658,0.0,0.26696949262789366,0.9795131776492324
52.422318752794986,4.0,108.5257110924834,305382.21189454227,0.3623276809083067,0.17387427788488802,0.1691523058341084,0.072308955893127,0.0,0.06376961430908412,6.4151283917581505,2.397536083440121,16.328537517843642,3814.291724497864,0.027641781348753267,0.09929116754893755,0.30481541975811444,0.018577159021702348,0.09650344311578425,0.00828146402526858,73.0382795243693,26.603313207487417,191.90611416811498,27657.29804963423,0.3126380764130936,0.32487526869834615,0.30920877008819764,0.3044798966968798,0.0,0.1803454777159589,0.7623889799051473
68.77873132619355,3.0,164.04463737340023,459365.4029175608,0.5433148421484352,0.8065406536286215,0.6964777891289835,0.5090281225210874,0.0,0.6068369294630828,6.8446494717844555,2.1385910848403378,29.110488261398338,3458.1090234982566,0.02072606637513873,0.26830157806832455,0.39064327660462717,0.05538236008220533,0.03644144388360802,0.028333489423750496,97.81437593772624,24.708255221215737,259.3245119234169,43620.917465008075,0.3509920638587451,0.5898146878855426,0.4747004389422282,0.7197037766455056,0.0,0.5392358169143479,0.5681978905202358
71.88596464877342,7.0,183.43332071582537,589252.6950284987,0.42250812521633035,0.7569290681315255,0.682148279660399,0.5551488764601926,0.0,0.6975497387977994,8.193161709290973,2.6281876651230154,37.88886374333287,6949.286249385852,0.03144496705809691,0.33492845233249013,0.49939239971178545,0.06550187254638204,0.07993494074647849,0.03938146092248882,120.49178728907184,52.36261840506667,314.17330033065883,74079.33581828442,0.3517700008175856,0.5398217889045466,0.44522529078526046,0.7882751156406083,0.0,0.5134520895950129,0.41605059042450243
61.41850616112875,2.0,130.0167837466822,378671.78426543926,0.21106890370194553,0.3920913684320359,0.3002759119444709,0.126874314293457,1.0,0.3397630727390922,4.278631445796578,0.3453314853084084,11.535682275701927,2663.0600893963324,0.013563317107301045,0.12747241476429386,0.20544293996290536,0.013955176620268045,0.07037764272738072,0.012267418469704618,88.77020484236213,28.28086072773296,221.87894698332371,34734.04256153903,0.19435552316499413,0.695555657660983,0.4278010181717963,0.49334247944321563,1.0,0.5894745106381375,0.722752780133131
6.636617981948383,0.0,33.124459952860526,27222.755188747837,0.32296407805736793,0.046515248490883954,0.0755459005725782,0.00892347069036809,0.0,0.24131393418506647,2.481019591097364,4.139757532159118,6.775533500261208,936.0993403329181,0.05365383673267422,0.05561628308319713,0.35503625081477,0.02700508154768087,0.08810024488420987,0.011669307108972213,22.210411774775096,20.95763241295454,59.924477154318595,1285.0708960922047,0.18220756620530615,0.06091670552295836,0.06730645107111832,0.07690399716385365,0.0,0.15474725427674255,0.7137423097049028
58.68382983205439,5.0,117.5886266513982,423540.89171936084,0.3369696969030398,0.079916442864163,0.32667864598987423,0.15624593972465997,0.0,0.03936903538428371,7.999693860611835,4.114575597472342,31.897888700749878,6408.7369823091585,0.029653125839639312,0.017185346819738573,0.4511035356031406,0.021675651042694394,0.042482410144644676,0.0056935139524429594,84.64041806476455,41.76806485069399,207.29497044841497,41995.95724968034,0.22088944924467407,0.04684928819335671,0.28834789704359776,0.33033341167391517,0.0,0.11455131861408165,0.6569346735247128
50.41716216379132,3.0,101.81478359346498,331818.69588136906,0.23395016197952728,0.03368380037723612,0.14907412454906965,0.04596113105596394,0.0,0.04715647796449923,8.106777045696695,3.6875978316958165,24.974990189304375,7746.1139390318,0.058918697812458926,0.02011524246058463,0.24871803794029146,0.01423251368513059,0.1351455642440957,0.005962052837273102,58.03180833360152,23.686502941404807,141.96983409625398,26229.231947484328,0.11609923025012757,0.0029313777150241083,0.016063978718298344,0.019437967742982898,0.0,0.10209066935977669,0.9759549137032006
45.643876023951606,1.0,105.22498353551325,269454.5110042245,0.9020980360628733,0.7896776575953275,0.8073782774524318,0.5328719214784005,1.0,0.9273568957239662,7.876706107968666,1.396030640781961,32.31570590711671,5765.170403359187,0.07620523459204868,0.4495022495447756,0.9426761218665984,0.09670698305042588,0.18762968409508257,0.0378946387307918,73.66281989079812,20.149041584567357,196.86342575091294,30289.283181938175,0.8680512430387805,0.8137610638629443,0.8808337682662596,0.8522717811178444,1.0,0.8428469877933777,0.44374839288302065
47.6427641266218,5.0,107.0554132800876,253535.05525101055,0.9808542885686375,0.7402596329899509,0.46516462100625905,0.25046415251775883,0.0,0.7167189184089613,3.901990338680325,2.2093981299456007,12.447170376404443,1607.5882527013962,0.09117973173791982,0.2515680616167493,0.5201034929621903,0.04176178838613332,0.056787506830779114,0.025089749172103912,71.21429258277782,31.810557186766708,194.89992871887,24334.4799746354,0.820308311090664,0.5422541190908613,0.5241112409011268,0.398461809630847,0.0,0.42477275771551515,0.49097115334393465
38.56652637026596,6.0,90.26454711882417,194465.00633980625,0.6496365876681705,0.5331637573216123,0.3894141684210687,0.1441868565881906,0.0,0.7760828256682191,0.9044749408364048,1.455981786127766,4.6851353525943615,885.7374487024331,0.03176507725826706,0.11173851807556825,0.4342538668422226,0.018146531216822494,0.03235061421284557,0.012935892568564662,57.87392528723429,51.17533143429941,166.95923484088095,20608.05273370775,0.48508197674750675,0.43743814157216565,0.45451676251565115,0.4200691923001874,0.0,0.43186327279654657,0.8936511578859201
50.589048119339715,0.0,109.96900380007462,339002.2978179711,0.9483829864790991,0.6802601891685731,0.5847608420089605,0.47305595453545557,1.0,0.9104757784367119,8.346356485692683,1.0804525648849397,39.279604403985466,5752.974322914985,0.0678771930671703,0.28366825300218323,0.3161030975364063,0.03316072166681389,0.1509191092989325,0.034080540198862315,83.2978275280115,15.270304140628074,222.50701504782714,42643.94106501497,0.864526029511534,0.3852959435886038,0.44920353869693647,0.6700035210035951,1.0,0.49686180840303923,0.39363701454469247
60.27003874299565,1.0,129.11428103144803,430442.14872340846,0.8160083290713109,0.5311867012000467,0.6778773519526867,0.35287887721541267,1.0,0.5255713878514043,8.724801599969641,2.408613553336574,31.211575386200604,7377.676020032739,0.06075088668911868,0.29425664095611503,0.8892733483754589,0.08121030354376296,0.1872535306424548,0.03982579040809582,75.23389794040379,13.621498497662955,182.00811669871152,29402.124242419748,0.4644208995453019,0.2741110962740667,0.5683633304561967,0.47979569593266014,1.0,0.4080349128836102,0.6918382605845227
43.29205715310035,5.0,97.66519772022214,228877.1378272316,0.7443342211798825,0.80286549102436,0.4811918474097296,0.19620941156737046,1.0,0.7236128165625902,1.4929680970465373,3.377721549155513,6.156986481047415,549.2978344375524,0.018355701346176964,0.2707689572316694,0.3316858806685774,0.029861322986012594,0.15683106828727814,0.007888203949477299,57.24602164825119,40.52196484735364,167.5581920762287,17030.050244330138,0.5813685850145061,0.9177130993883738,0.6744122858950417,0.6633795014506721,1.0,0.6291283249145464,0.7653208216736348
16.78027802765316,2.0,51.245785176504896,39904.84198557583,0.14716894256999613,0.31124167540007874,0.22872735525962493,0.022435354664246444,0.0,0.5664744842133675,0.7340711737866172,0.5427279242607428,2.4806010739008255,552.0492356746365,0.04377929215010748,0.22724012557308507,0.5198446587150887,0.01436400130348721,0.03945548902492052,0.01825840206068205,35.359178918035425,27.10310377276763,84.76974831241279,4557.966920051065,0.45473986905948305,0.44068417527580356,0.4926179051915009,0.23315031705190326,0.0,0.591766466909618,0.9658498269148503
47.643556234745844,6.0,105.95202223164607,288478.6471301794,0.765901553843582,0.6413807449982503,0.762602704036498,0.35727499305335814,1.0,0.7302743207536849,6.583542548902827,3.7388938675275294,22.14787604039148,3103.690616117449,0.08928835766039458,0.367736407454227,0.9632226160340097,0.09650239225132531,0.06869534393010022,0.037935499584840535,64.75484234367435,30.618549923863373,176.95842298796356,27184.80243884105,0.5492603764110058,0.4984956209646045,0.70541882004391,0.6405678353556179,0.0,0.5491043729707218,0.49862233454421945
70.1084737936388,4.0,174.41726305570205,508427.3912501678,0.3770476053995245,0.8366765102475205,0.9259362367751696,0.6948180036509636,1.0,0.6684944414062403,7.670971244912524,0.7102855524243261,34.43242050806937,5320.728047232258,0.0607038976439282,0.47612047442141264,0.9612804121779616,0.0976791699216634,0.06386040686996829,0.0474211224389746,96.72227162384208,18.097710921022614,270.01812232091584,45699.95247586086,0.1676455230618834,0.8115449214433912,0.9122081960503907,0.8613982620781018,0.0,0.6393651985099915,0.2638058824207515
92.73703541627378,3.0,240.33029733469655,913489.9677224735,0.7334094148543333,0.455527221425097,0.7456386647727103,0.7020148074493872,0.0,0.29929243334868694,9.18060960923442,0.44347084860952357,35.339203990566965,7453.468490298502,0.0395196195638027,0.13513858981209978,0.7027577146887303,0.054581750029141785,0.04250353699705823,0.028540122485371976,187.18564253703414,23.061002687725658,422.18679463792733,94027.62163734768,0.413270983951196,0.3493787478760263,0.7356013124723679,0.7410321436215468,0.0,0.4912144674626792,0.3903859975220775
98.04870037801899,10.0,269.62327482631224,999756.6433699111,0.6898202060627969,0.44310787069765667,0.7453413210726287,0.7643696022743879,0.0,0.06878999786034506,7.9970288273206,0.7244063589341387,30.8675552058179,8147.106702988141,0.05157350064067571,0.05338980867887136,0.3390858885817524,0.03440892731667811,0.053932709784487526,0.005777748981728477,194.47757201933453,84.05907153919945,481.69648988203267,98054.37062086957,0.950433987762036,0.5806581797516147,0.8526941255116824,0.9521058896066155,1.0,0.25107237279906724,0.11592182636827875
61.07975630908598,3.0,123.99431332419181,441599.551275038,0.12410080327903983,0.13596300625248925,0.13964099039504008,0.13462296114216987,0.0,0.042343670054636795,5.7951535232145,3.3897795047821715,11.985535368485664,4732.230029078302,0.031239808494803428,0.027449764575252306,0.0239556896220407,0.014789652386774647,0.024312884543555055,0.0064251604408491515,94.8911121511492,38.696111939277785,232.03968492375176,50385.19574061738,0.20192900651428494,0.34119516752957435,0.23495983905764894,0.3592667491685052,0.0,0.18109127252222318,0.4339730483897888
43.42718547241431,6.0,92.78028575641684,219751.30665947864,0.6770575444266121,0.34278986868505834,0.330477817968717,0.20165311893808568,1.0,0.3928200070672311,5.37960741653664,1.971804172859221,11.419927379343457,2463.73623565932,0.024226695913626587,0.07986615258099394,0.161280986116906,0.015996052676053984,0.033085679313462596,0.009483833864162123,70.20820984676222,55.017169302285325,179.4109724549932,21126.304067647558,0.6888413925561422,0.5546548601416431,0.5080080570742131,0.4899337270527838,1.0,0.4149599959161278,0.3942223814262665
70.31712116902234,7.0,172.30732881588065,493410.0026819888,0.557269071282249,0.7511567283326049,0.6053645695077134,0.5358668338903206,1.0,0.6358679097490102,8.954304459090809,4.624928292170363,37.52123914900996,7318.037593398951,0.06795130307527752,0.32513555931235905,0.34489406203013107,0.0547228272306421,0.0597569647263428,0.03916895382676003,107.74037629416199,60.577180391001434,258.49697050065294,46161.39037404634,0.28525168796378364,0.6690353662372998,0.47592900262072196,0.7416986434413345,1.0,0.744563494900047,0.20080415405418106
53.62346927417705,7.0,121.81324227534958,310970.82548744493,0.9136505633352545,0.9532249357174667,0.8026345557903424,0.4514448141346639,1.0,0.9887135022629423,8.825454435933565,3.5599511174184872,41.9627335615508,6794.339859614512,0.053324063842969026,0.49076927291039474,0.8437401684822532,0.0685320927737769,0.09796260655205961,0.04941444822130597,85.78575022062225,49.675459474791246,240.50201468592118,34719.51387762688,0.6744682196161415,0.9172928166291973,0.8527191349089875,0.7664461532004448,1.0,0.9594649338368081,0.5287104210782564
34.188993737308664,1.0,77.75934844651408,127657.92207929339,0.6508302323200322,0.319322171916199,0.34756807206295715,0.1700355372449805,0.0,0.6529943508900499,2.3084028074048595,0.18656639368665928,3.333133542934287,325.4020268569804,0.03484531015675156,0.0539185592035398,0.2756522423091162,0.0295590580839417,0.04865308745494271,0.026887860691550015,57.05954306138991,14.05863640611882,143.0077509854172,12037.21934428939,0.6366368719380389,0.34660222063462465,0.35177074401995323,0.45732319155972395,1.0,0.7032695210791433,0.45488060122533525
97.24772374114332,2.0,258.0843764488524,901322.5853799126,0.14534655089483767,0.23003934419829344,0.43916024908231405,0.35839993234048506,0.0,0.0009174898536395415,7.945177832420097,0.3289225667862756,34.341447186331365,7221.810515050224,0.011177030384915335,0.0637737942975376,0.11023411263346128,0.02324287901821482,0.0709656791874086,0.006474322479587819,165.70662287785922,18.308000750517362,418.80305288181194,83246.12688815298,0.13132134306217932,0.25890268886910944,0.26141996802735273,0.5415500177864943,1.0,0.10918852371101481,0.4356671317800016
64.92926034723439,1.0,146.63294651011716,437803.39932617504,0.32222803443702647,0.27055036425780776,0.37945179478527513,0.2817941121537698,0.0,0.19912212077031277,4.642292101723201,1.537975926340641,17.531868799498803,2367.808444880232,0.02353992146498296,0.18759622282137364,0.5349049773740877,0.07606710585578173,0.02405484064266674,0.02006743252750598,89.9766693404988,19.571510753959387,227.11800733908828,38274.152152535506,0.2834973758655744,0.2817531137504493,0.3955825237720144,0.7103642393841132,0.0,0.27595818705028036,0.5654071343320597
22.554898462381473,9.0,60.80024226167791,118936.97262242564,0.008816478529085736,0.06382148047760366,0.1968265568364544,0.048581582611077895,0.0,0.3072264726368539,3.240670921626374,3.3554310018152265,9.59539436279838,1479.6655533566466,0.048897957909190694,0.15175141292881938,0.6938273602169326,0.0490064192706921,0.07825882097956036,0.026237175692431284,51.937997639626595,72.62301198594655,132.85391214769498,15101.538060460838,0.20843133411242257,0.1521890722772507,0.2539750210504478,0.3663150840494301,0.0,0.29503518929803635,0.570596816009301
20.360914546985004,4.0,60.61825557695589,95652.26849022234,0.5811026549839406,0.5465603177012975,0.3535237611694324,0.13770736883508936,0.0,0.8578611191551009,1.6224541750465065,4.220267530435627,7.235532828210722,457.39015114293574,0.03250239744622767,0.21169362526391006,0.4456512883927283,0.037060654271304526,0.10469564987458489,0.0242790461244687,37.94094100118935,31.37539013212734,113.32825051738233,6641.116092193599,0.3000706317469131,0.509208170979505,0.4032985283263376,0.344684658537742,1.0,0.5397763880781915,0.7201044057874053
84.0288782332789,4.0,207.15134427574864,815537.9380721147,0.061157114578398175,0.24401672285998083,0.5149417647411916,0.2674120533790364,0.0,0.02431716767154729,7.996693129049991,2.000451837483913,24.393005551774365,8085.201300613819,0.021194358120755177,0.07400031897924489,0.29171013094233633,0.014721891356841025,0.03188254907420299,0.011094999127869714,135.2632474219021,27.081686722287497,299.18442198289387,85420.48488077974,0.12807105424349707,0.06647066964382153,0.14342130747003373,0.3104324694329301,0.0,0.10332467978012956,0.765861647672774
39.71758466444986,9.0,92.60833870601873,165941.25209226436,0.7411776006248912,0.7025623105118295,0.71787600076983,0.3458037769127729,1.0,0.609762845369118,6.308543521310704,3.1082545633486864,15.741768501111085,2748.5843696861416,0.029480597511410966,0.284629101529135,0.5539691915847871,0.0282129009206767,0.0957200554593058,0.02316223718669693,58.037415067772265,78.51733697353141,167.36993750042657,16356.41339196917,0.433493476742093,0.6575739294357045,0.7521256178018783,0.648922199463926,1.0,0.3972862403724689,0.42342034919344884
98.44235268549349,3.0,292.22405355069986,819021.155553843,0.7478089353698804,0.8721496844472472,0.9616215756324142,0.9319553524606731,1.0,0.4471180413046415,7.769432053504552,0.4534797581402845,36.956104048516835,5955.9897404236735,0.03626656999752575,0.3850765747324236,0.8118951711962505,0.08228856236888425,0.05823425301554003,0.026095588836443463,160.39667102739705,25.332776949225465,453.8214811098737,67878.34708966268,0.5826644010721587,0.8844959053632325,0.9799738742267661,0.9893251100985943,1.0,0.5387929758101805,0.07180174284423502
45.17778201359403,8.0,100.25164708351852,273063.2511930549,0.6640865610003072,0.7121620467327738,0.7312290661758296,0.4036760844742769,1.0,0.8720596148831974,4.555498314601226,2.053983539216277,9.335311421713689,1612.49336064723,0.07383937538699584,0.41607456255028197,0.6759266448863388,0.05354617249913187,0.07948573163353535,0.04670268011805701,80.16482658563099,51.88646493614091,207.1870186729152,39317.3975046454,0.70254153522985,0.7737809764839748,0.8081761468816893,0.6641403904526229,1.0,0.8063997226066735,0.2696529159255961
58.70315813621063,4.0,123.79934335785673,419749.7464596857,0.5139583005602305,0.5428032156872862,0.39512026221190405,0.22839341130024343,1.0,0.6111918383326281,9.009295210400584,1.0743482050532003,35.91891177305361,7474.862889696066,0.019984064361474707,0.24317435748385963,0.38501229068073206,0.03857967224293606,0.09107517130862054,0.030642894344849493,103.63266825909521,30.71023860599425,255.01905698787226,63832.12420720748,0.22983661930337138,0.5181964517716797,0.2994348112220138,0.47783346656374737,1.0,0.4051846793256884,0.3919877638204439
97.0639690068407,10.0,279.03690764251394,771049.5226566473,0.6098015319026345,0.6950780856428223,0.6380219465558384,0.5132315358797481,1.0,0.25468450347061933,7.363578658796955,4.245884731717812,25.73337981587708,5859.34341296778,0.05673749271644506,0.21549623427086712,0.35113876829541096,0.07162441234402227,0.030998821583567038,0.017413004490662534,181.47370019275502,77.10287242591299,488.8576584984114,92073.92873626325,0.6932414478041875,0.6256470515178941,0.5725801443832377,0.7646710752863958,1.0,0.2917636498836294,0.28251562463673047
72.4360268169939,4.0,165.74920055294862,536055.9715203551,0.05210688452294637,0.43253385402826733,0.5801373451670145,0.1934792156849354,0.0,0.0811174304156213,7.688000773371119,3.413288603271222,34.56035978978455,7290.382310725156,0.03054581624945848,0.44113442765259314,0.8342338486934283,0.0656846287634105,0.053398782763705424,0.0332217074356751,106.3900586052038,28.48256541426633,264.53717431035915,52056.84159443095,0.10615975783784579,0.6249404722543843,0.6329334155752572,0.48749613866127606,0.0,0.2839409640824714,0.6193228288217013
6.984726139875242,0.0,40.464031936140074,44485.76859903389,0.9003829847536542,0.34838770340818304,0.15737257649569017,0.0429490733706881,0.0,0.8779250499084792,3.7837785428342885,3.902523267350758,9.083819676862293,1149.00400294486,0.07719212085919747,0.22239231832096357,0.38431209280684614,0.04280331207983679,0.12642884170239138,0.02593437291834666,29.139008892079996,13.798606345153843,75.47124786887933,5385.7730506971875,0.3988327040574883,0.23228715722140403,0.21311575511893244,0.11346863069444374,0.0,0.2824401144177572,0.8454676425831543
50.31259190411552,10.0,107.34177700994067,242460.30345078532,0.15081568978104698,0.4798706493679422,0.26883000541423596,0.10484700735536101,0.0,0.44464427290524194,3.796311359366218,1.4475100415886448,15.145133042690151,2386.4398284325825,0.03784564842204679,0.2911543122195222,0.28851519957333194,0.03871219349978204,0.056224254558116,0.027639321378505922,66.13285651733656,54.53720575187334,180.90921693377615,18491.667284780702,0.20105846649737108,0.437519414067184,0.2143905268973717,0.28853139194395094,0.0,0.4207327637514277,0.6361264033932283
64.63456410307376,1.0,143.0601298140289,447547.2308209045,0.695430060125785,0.35162394796343,0.43495042089480557,0.3493177329301438,1.0,0.3441025759630236,8.53033635420636,0.34410146804828834,33.98724992104187,6210.2319098977205,0.06856076007071686,0.04879134083423131,0.16140241625124735,0.022444532328079348,0.04730859928384724,0.007054380194866183,102.11194340001299,18.166099495653143,240.55477339035951,44698.83413249398,0.8487388997462759,0.27586845970376567,0.4399374582579092,0.6679047716885667,1.0,0.2410981862185052,0.37128031845339826
13.81011916007946,6.0,45.19513216657709,89455.86757483159,0.05119178440406913,0.022467119992806872,0.05219784095253838,0.003114833389901651,0.0,0.3035096447813944,2.4586844178965093,1.8381706721664963,4.425292964979097,1249.3573315152016,0.036058394025621686,0.01529590789459001,0.3516423187058245,0.017984105140920036,0.060524863136111655,0.009360624578492936,38.30138073288673,37.32965775431349,88.97183251548529,10187.198812931176,0.23855179060573806,0.03740312466786194,0.10779992284411355,0.021160352304996022,0.0,0.19866179576382834,0.8205356380168369
82.98541261426772,8.0,219.1702132514512,617956.3912427872,0.5451680378178342,0.6778864639993167,0.8622781484450144,0.5189149704852327,1.0,0.4411389727278252,9.406041220415121,4.906600292098565,40.76944364479129,7785.188406860611,0.038389645971491825,0.4256138673408023,0.9632471419430007,0.08615138566883936,0.17837905363606063,0.04482571398356609,131.4269194407177,61.76868315099217,312.6267661125637,65762.62102781917,0.2458553392201368,0.6524090768245976,0.7409926585273531,0.710611718236037,1.0,0.4204186116042875,0.387597112324411
64.27640928606206,2.0,143.58202824397108,505671.9381030494,0.6123248149780882,0.4706871640381269,0.699487983282695,0.45553118120875397,1.0,0.25510562188028857,5.375995515667988,0.04285815918324731,14.710459572982794,3669.3011317409932,0.029109420383343368,0.18216117947025678,0.6251421718651656,0.05789862225259646,0.027956200124513685,0.013893542111977736,98.70703958159572,19.21926874710852,238.37580417168525,51248.25721942042,0.6796291158751685,0.4075653214434993,0.6679826072464068,0.7369671904405974,1.0,0.3044083972019532,0.48706677444164703
55.67086326299155,7.0,122.04427919343178,374720.3143694852,0.8111213809868985,0.7062908689762055,0.6947257865233751,0.2946655843348946,1.0,0.4932624055812358,5.924648081366975,2.5602311084811213,20.78780153658799,4541.592247369621,0.045307288974174666,0.28952872227771953,0.7687263052790675,0.05114915502296691,0.17859383270688986,0.010681198892155252,76.92946061307745,57.850734063652745,204.47302716975528,35116.22596486403,0.6112135383934,0.6508836818713571,0.7420262142067369,0.5889621604179864,1.0,0.29414770394044554,0.736125961477182
74.53577360880193,4.0,169.10349544921124,616417.9920055282,0.04093072692515021,0.19194427781254866,0.41473632299269386,0.28303797156745925,0.0,0.025039480486902854,7.316504918413068,1.0229272868778205,20.289676372654917,5754.675869272606,0.04478057415973737,0.25912330753982005,0.5188592941420608,0.03387121773758113,0.05673075049433182,0.010843074958206774,108.1187157373014,31.382393120965553,248.92473869540208,54847.17972320083,0.19337208801114705,0.32560519781999175,0.3623671137740053,0.47550567519665493,0.0,0.13598794818230212,0.6388854819939926
71.46990045874648,9.0,168.21880647971975,499544.6090428195,0.1886038292856222,0.5911341071697991,0.6332393727731143,0.4105867645567219,1.0,0.10847089354204209,8.770647728571008,4.688209599342656,34.334586539521595,6490.574686268202,0.05977013905163198,0.28716624693025444,0.6380439775212917,0.06087783554422735,0.05164690784319106,0.01677006176308199,131.82685654232463,73.50637984840677,333.29414392285844,73275.38708557104,0.3658353498735916,0.6923056415823924,0.7357404274211896,0.6796180766091013,0.0,0.30302527541451146,0.2714928329692013
75.64322975218727,3.0,193.94426961556292,624856.4107969097,0.5182319038900702,0.8790134718296962,0.8480909349788801,0.7082448042134818,0.0,0.5052625080302338,7.3625383933532245,0.15344016337957367,35.508772988342706,5985.696159861893,0.03209247899522812,0.41883085897209715,0.6702527333093663,0.05317180881280176,0.09338223561385807,0.015941612243687592,116.28508182977906,23.236633489745834,328.37215373344935,60423.3375005177,0.34353841870307894,0.9431113948298175,0.8701088341112526,0.8759739926823049,1.0,0.46135016935922196,0.2444333161220817
35.51410790086579,9.0,81.70083799132388,178189.50095179622,0.17233815790648982,0.3936575987635204,0.3029769520115345,0.07315301597728124,1.0,0.2856269242894003,6.993989467175922,2.3628752798998756,28.07766957651115,4245.807290212702,0.015213565974987235,0.2438508796265673,0.4803049330269649,0.02268418940582552,0.04344509209409246,0.018480247092094827,57.98154957760793,67.56510479291578,168.5078834721065,19187.16367176765,0.2142330825118182,0.6145104153076066,0.62854217709413,0.3256133411420977,0.0,0.37165904494370183,0.826601393283709
14.100200129966886,1.0,47.69276831325411,82810.51592894224,0.6664256415046181,0.1392202901648611,0.2533604328821336,0.10080513723743949,1.0,0.3448925106914985,1.290704891940409,0.5257688088077508,3.7398614857068075,1192.9605253789312,0.02443380310123284,0.04203274286469197,0.3390193502232709,0.013957863025257635,0.06133407506697114,0.005771754654718057,38.35824248182859,29.02237749591124,94.38466473172853,8956.719268632141,0.8269645825782648,0.3541557543833961,0.5345214503780145,0.5410658878705407,1.0,0.29511992065236126,0.7348924403430095
19.423685846949333,7.0,52.126522211493864,63944.287166173366,0.5633294849490336,0.12196361692468444,0.0063110079372181715,0.01219275853834221,0.0,0.25503941562312193,0.5289397363423269,1.4988706595778392,1.3904787665214615,175.19061053827414,0.017720179125447356,0.03786283373054039,0.04567929624669964,0.010394112777712025,0.02135256928718284,0.005879134117341301,46.521924059436444,71.41842447264263,114.09783510548296,7205.023758710092,0.8118804478100662,0.3655754790134116,0.10261612868585301,0.23811256234698291,1.0,0.35050656613331455,0.6230792782010691
42.04133522093485,3.0,97.91089981559769,261740.5925269109,0.916133720869351,0.6748518822812591,0.8119420987730571,0.3978383899675018,1.0,0.7979032905608086,5.5267074304679475,4.152298008303179,14.516424067244024,3794.943354420231,0.041851522863270554,0.23564833519341596,0.694894596667105,0.025688742055873286,0.14781280797324722,0.01965011975464023,71.54081215315351,31.364468956154383,187.92571999914483,35005.277836442525,0.5624160084597063,0.545187638928652,0.7498416713222111,0.4744549851801044,1.0,0.36180028683074017,0.7640115240445687
36.77943182800181,6.0,81.67837829524944,181759.22016488228,0.1456283977995445,0.2205761814271046,0.08391034618281151,0.09472332926599174,1.0,0.10850198878521955,6.442371090803181,1.8405542386776161,24.064260022788705,3709.0493063331073,0.049580116874159426,0.2534278750376865,0.19433328935749616,0.05381727816900533,0.1433322522425036,0.014484734974218682,56.73889052108771,27.43898949106916,150.01984196938037,19075.37449276987,0.11810309116978693,0.20482138839566993,0.0612064611540743,0.21111586393797577,0.0,0.13977988211020884,0.775557271212008
7.297494763056548,0.0,38.31653584166803,47681.65702075713,0.7902141520316952,0.35253895655863754,0.32692365843262705,0.14074892846703702,1.0,0.9133566033408325,5.815819202357281,1.08996539690112,12.147973530599582,2782.1046763535596,0.04213676058795782,0.15945921779731442,0.429277452785114,0.023680575320460067,0.14894721512335965,0.03518549718037935,35.320596457694386,11.620519931230461,83.92582528169378,7533.499740690972,0.4946519212631165,0.2407316266086294,0.23574873994446588,0.33292901731262853,1.0,0.6526261033799653,0.9114523671665014
84.6646362370142,8.0,211.0781521978021,800282.1003210465,0.4263500178366716,0.27065759578386817,0.4214776437470701,0.25862944700243334,0.0,0.06613284573618317,6.321819506658002,1.312975110728425,18.62242464631546,4745.451495879902,0.024998633488056064,0.03332268732285962,0.28594781826630794,0.0346544204803857,0.021781754957534868,0.006116836818002103,154.81682275097674,45.356521039121475,374.44187043017973,86656.98635663347,0.34148166108506905,0.31051070489356825,0.539100248827431,0.6370430596869084,0.0,0.14310079546152993,0.6175710799549728
8.489690473651976,1.0,43.5093047576882,38823.494928571876,0.21623727919722752,0.2563402960386889,0.31349826933574376,0.07089227352968451,1.0,0.32346101192522286,0.4464892656394417,0.676828192734191,1.3789409884970436,189.14648071511306,0.01696445539669801,0.11740514347843375,0.24944261406864376,0.017856268165853614,0.06203005668896121,0.01057327330430744,24.4745679813369,19.930037240126545,73.91256545119438,1550.2679637898184,0.2917205086559353,0.5129426425136933,0.4534076344434766,0.34557509965285294,1.0,0.40567912601807515,0.8627574907021376
74.1226374125916,5.0,175.97282878374838,478528.4670395424,0.4255476373948828,0.3579277287089482,0.3834060169666922,0.2386280888243613,1.0,0.03639740838849631,2.350280890919849,1.1617710748243741,5.218071260127699,1153.7584746091848,0.013909212911632128,0.034130764958140325,0.2588415438562038,0.014598981266080913,0.060019198902761924,0.00513214556838074,118.558370022618,47.58405321009408,279.8252102338493,50381.659184213575,0.3389457234317646,0.331920889388707,0.39193852726166006,0.5893200934657871,1.0,0.1261833091902777,0.47289572893805465
84.74210773523846,5.0,210.22608853858932,684635.7655238111,0.18310893920292665,0.23747780358256623,0.4822199940023194,0.2203591256240637,0.0,0.010521139493997023,3.5915514917607663,3.154653960989729,12.568032857561358,3057.9047319555866,0.03583156526762621,0.08042115310397191,0.32523509804604545,0.027789232639199506,0.03871574366333747,0.005305121533120844,131.44734973838956,55.96828907827514,340.44018880065454,66412.49028703335,0.32352554067635986,0.4889326725263488,0.6542564344658964,0.6146036819201872,1.0,0.15545432396444156,0.16842647716072
42.73419696042201,0.0,91.88407585114979,256682.80839658144,0.07167914653496787,0.044867944590552156,0.14600658760479257,0.08564181885497829,0.0,0.0900998752694927,6.672296827927666,0.9354225011124198,22.997498265978425,4471.127843325834,0.016591047472184418,0.08868838873433482,0.41608891495849076,0.051624024700462956,0.03512244255104228,0.01205638854480272,56.25396103837176,12.595218628071155,145.85229889823125,19123.917972853582,0.11881569965938789,0.04309227475108274,0.07819457896934157,0.32670682235335535,0.0,0.12355052235305142,0.817939936456246
53.83294950498038,6.0,111.77523788266144,358023.9070778755,0.26769720487981435,0.29241874780679133,0.3124526682213196,0.15272472635355544,1.0,0.43738913841296573,6.004686335168415,4.193531792408069,23.474248497876605,4759.639637628559,0.03408463679284937,0.3071667445443465,0.43999464672753186,0.02564744062923968,0.13031691047375632,0.02782593354198409,60.710624427469206,42.269782537030935,164.670014675005,24976.867023262992,0.17829011318092858,0.3327157330325783,0.3014012113498417,0.3235205980180348,1.0,0.41069699453676356,0.7652614771679224
49.71060027915985,6.0,104.01945185519297,273880.8383878608,0.27083840473774234,0.29126270146816485,0.14234977068411048,0.088652207357213,0.0,0.13644983442019148,1.8061792878468017,0.29246813849516284,4.029483167006479,898.2893346734135,0.014529500557918582,0.04316183602249646,0.04559027565047258,0.010292854421929147,0.024682471460655893,0.005569720327049264,85.34461438774795,46.616399956236044,213.1596244101805,35254.482361878625,0.43789593280868694,0.5456033516787426,0.41946218851444056,0.4897071664108426,1.0,0.4154455922431101,0.7479364815979492
78.3165068009591,10.0,192.83561010132755,629514.6652804912,0.867336477818055,0.6431934897686784,0.8504113782190196,0.7053747299655455,1.0,0.2859467298110227,8.443623694202056,1.952015459299795,25.94848930161499,5861.82772976408,0.016428513802412923,0.055268856402452854,0.6338737756968257,0.044060193900175355,0.1121008257583003,0.006311760206783843,140.3826187974446,82.65018754352684,322.9807284444541,76040.7748520915,0.7504224901896933,0.5462233589284619,0.7950125384634388,0.8936515810587876,1.0,0.21000901464444657,0.027689398632120388
44.826132974253504,8.0,99.56761168661582,300163.59363750566,0.8213825961939301,0.7844962691263297,0.8090122601275527,0.4142762552888107,1.0,0.9709745199744896,7.172803542335036,4.961941786051996,32.26785965361674,4520.659272062955,0.09967095321487647,0.38895966330429554,0.9788560562801119,0.09833534976780343,0.08247181281157488,0.045407601717398924,70.50865239543167,71.31866251569238,195.65098641685572,32386.08279697895,0.7204056439843964,0.5210505177066072,0.6675861418603759,0.7797171879030177,0.0,0.6015320224228174,0.2658718262874678
47.48754371424123,10.0,106.6961644308257,282751.77322460775,0.6267422716093394,0.8347764688198152,0.641353917777153,0.38416976667272024,1.0,0.743694237654819,7.251082293255976,2.673183564416863,19.894854910414352,4347.713734560795,0.062404029217842695,0.44774600667888986,0.593789648161295,0.039490180581048216,0.1786826199578738,0.03460665079624959,75.34096962068517,79.32133344398898,201.839357442431,29342.44528708152,0.6968916037873271,0.9228383975847391,0.8322933026911474,0.7513599921528931,1.0,0.8853298164045033,0.2954199824535984
77.9104223869673,1.0,190.3403555275795,625245.0317918661,0.8677693240279988,0.7254672448227001,0.661629604950573,0.6901150745099514,1.0,0.31726455711651536,8.410799415609809,0.4844362484731426,26.03323059983598,6883.4945399135895,0.057684406203306615,0.22095812639490434,0.42203730141783113,0.0608556264176029,0.04958909659976029,0.019591380051174077,140.3873649695368,16.645200289581553,333.33794548066953,81483.76843682109,0.5539733386843976,0.5732842792451779,0.5347071533605727,0.7689704597319575,1.0,0.2641461844708961,0.17088234974487898
90.27904839808015,10.0,242.62979142691788,706654.6413365887,0.0621885309380773,0.5913821774594804,0.7149014394480331,0.40093763691920914,1.0,0.1799947606073678,4.79935819128727,4.43666007548094,15.47214056599633,2520.492100223534,0.054537012008669686,0.3618647591915245,0.8804084287131471,0.07853298730069043,0.1376040849501776,0.028247229974815682,112.64664687446879,75.97615362282276,270.7939308837388,49593.38436335568,0.12868861145196708,0.500173308345598,0.5891380810713597,0.6586963854729857,1.0,0.26976444713488856,0.2723495557900861
90.46160523276814,2.0,254.36940641625986,820234.1427695855,0.900085237750369,0.750385711918687,0.9236742738147776,0.859903658272533,1.0,0.46198454607263645,7.083034969575351,3.287520506558089,17.766438452100886,5694.608420175591,0.08175700430195819,0.2561328458995006,0.7585096869065036,0.048007627088047414,0.1421309254130595,0.03071671472946757,156.55139905204229,24.037269100755896,354.24590565428196,85395.83008829251,0.7990959896487768,0.3765910577080812,0.6880429197745392,0.7339132287052873,1.0,0.26828036112301007,0.16929334456512496
72.92088099962882,6.0,186.27632266446986,624879.4131758638,0.7554284077156006,0.6745068073581503,0.8565915680278327,0.7470879992389838,0.0,0.6516731556611921,9.68490086051869,3.377013171645837,48.0175694987958,8538.16494443257,0.0890209994686503,0.34098635212099415,0.8408452957642654,0.08588863983932116,0.05144329753767846,0.03927904130034733,132.992148014803,40.75304418586311,366.00978032573926,79875.46993541112,0.701405472698415,0.5374675816086116,0.7357114473638249,0.7625783293142139,0.0,0.522135347044765,0.25249245143476334
22.30653472897438,9.0,61.86404080270028,119254.25110649684,0.8167773053463868,0.3054705449559706,0.13644207055578622,0.12434011186426978,0.0,0.6128041402651466,1.087767727107991,4.578975370546679,5.1603590438044495,356.582088799373,0.09705781811576518,0.21519810918087498,0.153930751633098,0.05296887758952749,0.045755603363437,0.019062430190584945,32.65986684637057,44.77522360676527,79.04377447584992,4232.0337423342,0.44305985085014504,0.22449485411146508,0.08358285004181543,0.1920409296943919,0.0,0.2903877220099006,0.5825569889221157
45.93058071318581,5.0,97.23051222023054,299498.2923884776,0.6047131854607293,0.11610965469240847,0.3059635190323862,0.12368363232693694,0.0,0.10178413815426407,6.377932521362448,3.538919894188375,21.632308595111514,4387.188928604089,0.026917170443907932,0.0708290206308782,0.40664702968512567,0.025336310568703495,0.028598444001186604,0.011908360582217871,74.43762385596935,51.75075356140706,202.5350969652102,36394.21961378734,0.38570677028279,0.27318485954506355,0.42022853186993026,0.29323653446200393,0.0,0.21713361826342106,0.5887601884682635
66.04145764339951,2.0,159.1284106475993,562398.5094142496,0.9689212944661894,0.9416413935200528,0.9367122707716111,0.8187611973325136,1.0,0.9245941670473989,9.370637925761264,1.5434266090693434,41.79211623349321,8518.244863746924,0.09022233893928257,0.4272875597466481,0.828399375974493,0.09435453523734298,0.13928861447187607,0.02693011766511607,98.68149349451242,22.666969331301075,253.22960414507975,54688.94795373844,0.9387396752183198,0.8483179970389003,0.9216098540789377,0.9045259150519225,1.0,0.803456260323676,0.5091393003716858
53.00642666542119,2.0,113.01149670825983,278886.70165903954,0.948862204800927,0.793507088738969,0.7824001269958367,0.448826605312553,1.0,0.8980097780632271,4.561489341887659,2.523892019272621,10.595462130133727,2138.7486139649277,0.01711816077229827,0.16666614637002714,0.7124626152855409,0.049991124614550415,0.0320333963675346,0.018362281732919518,93.22022039324843,44.44218740438757,232.72847925962492,38330.070645908905,0.997077620641436,0.8558140051242362,0.9593453153517855,0.9247029665959219,1.0,0.9036085408860525,0.1737031680344417
26.31318619215727,6.0,77.28688635413887,128206.49176397691,0.6226006437231937,0.7509094498680496,0.43841136739606595,0.17650655629908354,0.0,0.8186462768824256,3.5281824532041846,4.058011088759583,14.083658158711007,1803.0337970429357,0.06365422207278869,0.3700154909166749,0.3562455564396038,0.06334421925651972,0.07079184890840176,0.028196192389065834,43.1629417335618,48.95774618979245,123.13072459858938,8456.425804400958,0.5295645808272468,0.7150868733199162,0.46562400857498026,0.5588492770481402,0.0,0.6616901726305308,0.5921248995553468
68.5303870167217,1.0,162.22649880706834,522885.2839036166,0.8479006231550693,0.8533875337953034,0.9329219245625213,0.6075546170573771,1.0,0.5675768965187818,8.298109300577844,1.163818967899567,30.60235241086786,6016.032273003172,0.022192751301883498,0.41974688515132763,0.8854452781605333,0.06626794962753625,0.1290276467724947,0.02085839363181746,120.56850340697416,20.584349603172303,284.9619152579858,67832.25904863581,0.5057875170512253,0.8502255172932764,0.89710363361634,0.8138835920193106,1.0,0.39271012376820197,0.4681756705137955
40.99627788794928,6.0,90.41711092804353,196885.44471959112,0.1735561062131344,0.15588954280724932,0.06648272892683399,0.036065793773056284,0.0,0.06580117972075755,3.856352986040765,2.058764980055883,15.359171716007847,3322.864155174336,0.03224848218707177,0.049400161548396826,0.1665396717438779,0.026379368224595818,0.07756199948457547,0.006248642760722996,51.39833001039652,37.558393515045566,136.42253880202273,11083.677127230287,0.21363003344886383,0.07598247619392129,0.04385373493681627,0.17324390824567515,0.0,0.13891371254291984,0.826920474266606
38.73545930923564,5.0,88.22924122091884,163282.28807913393,0.7117220726147183,0.4568098779281663,0.44234922561457624,0.1444119957881176,0.0,0.4770167277258854,5.017153617496492,4.856842058867732,17.388471026201692,1671.3646730617852,0.02445740419984617,0.2386507728232183,0.4714480493070533,0.05252187064999149,0.07243918520955242,0.012135704348107967,48.38094306230995,33.5820822872759,135.83368124551913,6923.9320588381615,0.36034771180640657,0.3299510003198871,0.5120379614546794,0.2830085718112971,0.0,0.2608644356596973,0.8011848658449038
53.866151932601944,2.0,117.69504097665913,397330.28150394844,0.3649772101923281,0.559726147727324,0.5835030527533708,0.29626649873323935,1.0,0.35150169900414785,5.176788224004714,2.9031894682524664,16.40785019380824,5103.344223316027,0.03416208442470991,0.23704944539548514,0.24186014431904734,0.017134190427262254,0.1660890037905916,0.017092974847646714,82.55531882375139,31.074007168076918,213.8425508134073,46430.96864173703,0.2819975056098124,0.5703632787179864,0.4863684973119753,0.42576969808735293,1.0,0.38398503955059166,0.6348306651993212
74.74287211393087,2.0,173.13732079523425,553650.8902494175,0.1929811586219618,0.1319782397874102,0.4613003813276627,0.2622722633629124,0.0,0.023099257511580762,8.95831261698082,2.935723341573839,35.41862357894751,7429.750003132813,0.013201026081795708,0.16984140355053684,0.5995375301651836,0.03519487185181994,0.12412650709945106,0.01587708247911906,98.4272734481511,23.513950692578952,245.7952296917241,42525.60376315592,0.11646583758930089,0.17685888126600163,0.40619641840693055,0.5041508390067366,1.0,0.12230945261705845,0.706489060962627
18.503496760480864,8.0,57.219622795518916,55013.44829881831,0.7012890009113648,0.44590320133126143,0.26755389605772784,0.14412569271994868,1.0,0.809588082181218,1.2730924909143204,4.690687341836558,2.776760869254047,255.22378165972557,0.07598423762928566,0.29751811423709745,0.3475102302245672,0.0345342426856255,0.14257210936601308,0.02530970295889187,45.410597155055,88.54893497029174,110.5310761417309,7834.375240604369,0.7831095286615445,0.4520808319481289,0.23600562245842144,0.38839428471727455,1.0,0.4599549366011079,0.6751142604414524
13.709462742200486,0.0,47.10687424672024,95189.48849385502,0.6963090090656495,0.2927778670022426,0.2551139152745655,0.03958024002898974,1.0,0.9076492252219233,3.8286478271397257,3.413337108120979,11.58426623026238,2712.019696070481,0.030086759381515244,0.12307681878027202,0.3979625060406542,0.012973727377235796,0.04507760066483833,0.019922373918084928,40.643525546707316,18.756706101005996,107.01949443214434,13308.339243156785,0.5744963915287171,0.19841884117810177,0.2673721329233387,0.11995945926033746,1.0,0.4069914298445771,0.9203828049144444
89.35185356377184,2.0,230.89390196916438,701299.614206694,0.29546687730278653,0.34054926864549206,0.621605830668468,0.33460589788420775,0.0,0.05564812015942333,8.383395435350009,0.9559712662271815,37.97321123761939,6981.24601335723,0.021021049066108154,0.2709356385179939,0.5644602324154017,0.030427078203823735,0.08234252296856578,0.017847654366459093,151.2854974290916,24.89759477739299,380.59009827612294,70334.32633402308,0.27438702801757,0.6691077012803642,0.6940842017955206,0.595882961906728,1.0,0.3322425199177211,0.047431038056433006
5.9640369025227855,4.0,34.01766348143184,21630.921049551955,0.019110450817416802,0.03909070709977519,0.03217309058300616,0.009128943159488949,0.0,0.20772370273268406,2.8704437884096206,4.029887327760835,6.402200697047454,629.0945070995291,0.03034550279043104,0.1897919340626474,0.27044971222368597,0.030576941735756903,0.14351415009541707,0.022751685347357616,33.8117488418592,26.80602337168263,74.14905590270196,5128.204751458701,0.10609987040690722,0.01957925219758666,0.03751607389935446,0.03789571535162434,0.0,0.13203435484536377,0.8944212727342125
64.37436971569291,4.0,138.0696014517029,469964.2580809767,0.28341519497971257,0.14794891509704844,0.21099458049938388,0.11835628857688735,0.0,0.1710950653543169,5.795546545564786,2.139418798352562,16.25868672492273,3610.2620057746176,0.028752496871414276,0.15036386466448126,0.4493375390457534,0.028525750448810488,0.035971573908408896,0.01346679632564909,102.62824587612313,29.27034428960848,253.38353461090247,58248.132211525095,0.338434028871506,0.2623997050210338,0.3390234701575636,0.41094394759835284,0.0,0.2926295632431796,0.5883561673951263
80.27921258060667,4.0,193.37906621395786,748224.5109435492,0.14741676689555605,0.2524827342216343,0.26873458315423937,0.234750180164043,0.0,0.048210127065179076,9.552979729068255,3.4314409394826395,43.25118802557231,8710.155548437739,0.02092452168355367,0.040155863587649304,0.21698310180570562,0.04281744037414386,0.06033158710088557,0.007962711816518484,162.6679054987783,32.27211495521591,407.4298698545402,89418.87648009334,0.17499508505223402,0.08251952244004357,0.11076257694341773,0.46835766008808244,0.0,0.11101753132275921,0.5052002394282512
21.42538825186412,7.0,59.71086555251774,75303.25021346167,0.10617794232977545,0.08486442574036962,0.1401173818361386,0.048178335738612854,0.0,0.36646419805524477,2.939824173158469,2.489600456459057,10.800930877795652,1049.0473586249948,0.014295954781276597,0.13254732047586454,0.5034889167772937,0.03942717516895031,0.040592136195049144,0.0111776046119463,51.61929309891431,43.589249408806644,139.7664064797904,11995.291944467563,0.17998570629010785,0.1939178580315823,0.39970045083709577,0.338437893589326,0.0,0.33136155998866046,0.8246654086480476
9.579586319722289,7.0,46.86449673443986,32998.494010575894,0.3972795495894253,0.5610069993919363,0.3612031575012123,0.09568119689540149,1.0,0.7676472782267759,3.7893600931872125,4.970953716525551,16.581869282479218,835.5998847800471,0.05570908972658636,0.42985556902365585,0.5953742865046623,0.06543180389997544,0.15986688719672526,0.04339754365087435,25.331125632027387,37.469771128738806,75.26711097474643,1726.1285432306563,0.12234099076977603,0.4292726868114187,0.2032937636151027,0.1457627823515193,0.0,0.42973747896068937,0.9734533416761381
98.3583937559811,6.0,292.8002835861207,987869.8598767178,0.6686996021217416,0.9017307076064683,0.9574324272462156,0.9032426088132897,1.0,0.6812845415742198,7.997035515704594,0.6604907119090213,35.97289640960375,8080.867757959586,0.05198973083153244,0.3773784066125021,0.6965861925137284,0.0777944085910589,0.1349126401017601,0.016632280886463274,172.66058944807764,34.057500260609615,449.4957668390495,93078.1109615106,0.4890287920026673,0.8943704688310788,0.8905631269898685,0.8826707050074426,1.0,0.5856277050953059,0.2077348867785067
65.7702720864844,10.0,148.35512720404952,505145.17759569787,0.6490262273871432,0.3663010279974982,0.663175336608266,0.4242513870140173,1.0,0.23608643883579522,9.395453705138056,3.155882223349746,39.16382985783066,8165.45548685504,0.02482106720293769,0.12684285134692241,0.42972880379180534,0.038178226404563684,0.059285287072516395,0.009539060170412367,105.23306788180277,74.38217571967787,259.5784583271702,58908.21974831919,0.43756872935072033,0.25120394523496303,0.513037994940806,0.5179954482233815,0.0,0.20529751251025835,0.29109838716589936
17.618239264954987,5.0,56.821381471770195,103178.72828188879,0.6209516996418178,0.5800089753296349,0.2805939313671466,0.05074827148381185,1.0,0.9231708793034876,2.066795049922139,1.7059453317261306,5.580723686537669,1736.7501281193245,0.02361526956315234,0.2169257183812783,0.41238777729213455,0.017304849678000254,0.07164772340486572,0.031706004776049415,39.715579946668846,39.11668100770715,111.75828750660597,12651.52076796467,0.45840484274468135,0.7166678208714198,0.37636171376195127,0.3595062320912836,1.0,0.9087849547188567,0.9672239410932639
25.833931909514156,3.0,69.61804467988033,132070.1036140304,0.7851903670150358,0.34898312442344015,0.18360824480033977,0.09759853729968639,1.0,0.5367698897108848,2.13195486155459,0.6721676147796782,3.909401952275038,1016.9113247951883,0.02839310156582114,0.16998865984617068,0.17802759462914258,0.014610670666462912,0.13703084552280756,0.014206986475237373,52.88561530614073,30.4192537267512,139.15009970839716,17770.767332423606,0.7365566536992341,0.5314102265221132,0.43680827007176753,0.35926828639640174,1.0,0.4641815016517853,0.5686289608119295
89.76576422890335,9.0,237.82728350103926,688711.793103421,0.5242847026516644,0.7149776182414365,0.5360907922978824,0.5389767479396229,0.0,0.20984460225876572,8.643515323512977,4.427064739181687,33.04879249662388,7441.877275161183,0.015237002209872527,0.22601596902508184,0.09712114450188847,0.0314857201997229,0.024804328154914557,0.010206322043686421,195.6803122704659,87.83942092235432,485.426406575903,95278.81633759664,0.44279770522535006,0.702407586176556,0.5898249735128949,0.8369540595206868,0.0,0.41597369855292815,0.2512834697337296
22.47865462446046,1.0,62.254211450132324,122367.28886813558,0.48017422632720214,0.17747449931907566,0.2825781669477804,0.05813422658764881,1.0,0.5573774161842491,2.308581567417124,2.696307303315461,9.572561187204796,1004.3726354339483,0.07148569949568674,0.2303453722102651,0.5826246005296443,0.03699916276770306,0.06901915249188276,0.030618896681721516,30.206189418363753,14.172776487212943,84.70215662790832,4793.199046026144,0.20508792046339613,0.17009598798894926,0.15215493956705062,0.03586951207776817,0.0,0.2389707151137528,0.9753719439389629
90.4505159439037,9.0,247.72167671526515,758607.3096213684,0.4406592591179881,0.613873765749532,0.7818391900935758,0.5830345386623963,0.0,0.1350252562105103,8.716704698693945,1.7210147392627202,36.415230659895926,7670.044900549535,0.017894701538180527,0.1356564187377754,0.4930481234253802,0.034173139064908084,0.027910973990286886,0.017394829811512198,150.5154459236648,48.74837332125228,391.3377781853847,73972.228848388,0.454399719459653,0.5967088512291168,0.6869940193674069,0.737522824414304,0.0,0.27325053720012843,0.19117146615860886
25.202223589504282,7.0,71.57602029523632,168886.5502194076,0.4958522037405248,0.44398429499289094,0.28358124949655705,0.11869743617732471,0.0,0.5711981507392072,5.696318805925017,3.5299484216884314,24.44047689982939,4470.190232145343,0.027828360445805965,0.10465550188243847,0.06533395885903054,0.012788660049438773,0.05582920180756644,0.009463191307342932,44.85432155902103,68.35447140625932,138.39922663606197,15548.487126043734,0.2839236067131167,0.49704218026674785,0.3436514383650263,0.32565021723541165,0.0,0.4630596050140926,0.5580007862981209
24.50324970782962,0.0,65.3144681733641,147214.4300784345,0.1875330227576974,0.18267757182274708,0.08499594079667544,0.025037122038405406,0.0,0.5375601508596111,3.1779870005661452,0.08193458965330658,9.113941733399159,2441.443022395186,0.025249197478614014,0.09921890257907667,0.40906612278620375,0.015281086492408003,0.021971753377616,0.011089413941634908,39.63812752446818,11.06706077316516,98.61672632408515,11721.499688406218,0.12692740732270563,0.06576712678835284,0.055865567992233967,0.028053876100700037,0.0,0.2222105572891653,0.9887840872696869
69.8353930758213,7.0,180.38612987706463,504679.98922721867,0.8895271879454625,0.8597574802667387,0.8814044062058346,0.6606767818106227,1.0,0.7181724657390189,7.463346110771457,3.750569949236283,32.264478597275286,6412.543726644646,0.05361056276857059,0.4417734600365129,0.8183871024515894,0.06292700949842824,0.04564927075058182,0.035528366215489916,100.44917585240255,65.59357600494613,269.6713273303844,45993.71626157277,0.5914022883383173,0.8423736545751661,0.8824471467052857,0.7865773951069287,1.0,0.6923394642126713,0.1593919678601613
32.2381915293312,6.0,76.9914567887603,183062.3389852052,0.4580993718984122,0.2596515696205742,0.22203815455646975,0.10919555064695155,1.0,0.6546485827133561,3.264461317124834,1.7517915557595134,11.060807348904936,2612.0736542544023,0.04585031014143553,0.20171219744139035,0.5497158294786079,0.04222269074076867,0.09262368314255165,0.026409043811015196,52.12016293874267,45.74864202319381,136.29598222127117,17019.186280732076,0.4070505470692874,0.22641633134589945,0.21662324641716496,0.3566669152758644,1.0,0.35552114638123505,0.4805959027468374
33.861766914390536,6.0,74.97168780356984,136596.07865828893,0.5294284003766158,0.14593845822228957,0.041483783470463,0.021461463492177833,0.0,0.21278492746223393,1.5158430582856286,0.31617194830656503,2.8682727145750433,444.47390519621683,0.04090102691320409,0.15963588878758572,0.1654335010957118,0.021155012142405144,0.11706785488023232,0.013669621641711125,57.86169109947502,30.280857488448074,141.02453973459768,16621.654526932514,0.34382267451133386,0.1688194062829857,0.053119942367990836,0.09604946092772715,1.0,0.24589861304204366,0.6023562387259181
6.900483172211196,3.0,42.834091991693555,49979.13391976451,0.5517914500890186,0.574138231913394,0.5469336231457975,0.09959045010155419,1.0,0.9027006200442418,2.574731770775787,1.8246516991216597,6.875247990407053,1012.1571087305433,0.047112735765920344,0.3886367689479876,0.9501774474167372,0.034984960725312916,0.13230261768455598,0.0352142742637748,34.05287816177589,22.186297730181995,96.48204636272466,6655.115460782474,0.5129655307843767,0.5836925772966809,0.6719761881720214,0.35095369720051856,1.0,0.5880918760664559,0.9159042179247597
36.73670069187874,0.0,79.46745609781634,214963.31934340054,0.38861822521502704,0.0597322453503511,0.028721921632603953,0.05564289013711038,0.0,0.07966333918365193,2.9336651716345585,0.3468358729417762,8.160200027492001,1803.5415545968347,0.022812537699017255,0.011374353313031632,0.1297293612025225,0.02701245992213257,0.04624067350583101,0.005220473199699553,53.45822402459646,15.496442531255093,134.56509355665423,17300.425595976754,0.2889826158136934,0.052236439019817615,0.020931606209244336,0.2887367938864821,0.0,0.11530239822901119,0.8273878094204072
55.76375466625351,7.0,118.21219187730253,374957.06452608353,0.13531088024918236,0.4771427207425416,0.3824476794617022,0.20136361176957115,0.0,0.1628928916219658,4.658175593915291,2.0352718005312997,14.312362599506729,2987.803362546265,0.023498535982556003,0.34147838981763023,0.26920493043384097,0.028760984034217032,0.053328947706351985,0.010843961827292498,83.16064405569533,55.36321530415118,222.9178738061711,39268.6282695288,0.16151143017031083,0.7132304671239365,0.5859383742917309,0.5452992620826483,0.0,0.3567081794061056,0.6647622125258629
33.63633909984988,4.0,77.61761901129816,176552.67190522802,0.5827830972441426,0.2554443659280924,0.24935723485669373,0.07165952037114835,1.0,0.2898754608631169,7.120696200141306,2.390873169119107,25.13710914582137,5457.628725337866,0.06783112559162939,0.1904493093103084,0.31339128656608417,0.03378058242512997,0.11043474297797186,0.019652471108590634,52.99389357629836,33.90489821840323,137.54084889427526,16551.53979250104,0.4207247681942923,0.2985069691625273,0.22954500220210128,0.2209873154928475,0.0,0.3018728395344177,0.7430922754893501
24.427796982800015,2.0,64.5775366966274,158879.1262644419,0.629521442697585,0.34302956878119095,0.3189583973894192,0.06454522152842951,1.0,0.5970243432203172,1.8686222367453587,1.1536772266388708,3.9158728202271638,893.6609034453588,0.06671604574663678,0.11719504991329949,0.5961610391743472,0.03921130198483304,0.11653722277820834,0.011690369253633974,45.29904941406396,21.888422093606014,113.82474963911822,15339.848826765934,0.4782483037134399,0.2328223025983137,0.3957127836786336,0.2143905285291271,1.0,0.24953506611535964,0.6469466224047777
76.5518770314134,7.0,189.89126096374747,513784.3290493772,0.9281639873803977,0.9094613551708202,0.9370586665642857,0.911581771942066,1.0,0.8387540935350779,7.284966496450709,3.439457650825755,18.613758042776084,4207.182445430858,0.08802629360798567,0.40178877764233456,0.6837646116588343,0.09440374763191012,0.09850962513253582,0.03336033897507586,140.34928654217987,60.953416441688844,350.2924020175017,63940.344111205864,0.9871998028593834,0.968833346127821,0.9284658917777173,0.9815008586543152,1.0,0.9186274069223437,0.1181360339990234
82.6082814935129,6.0,198.8771518029045,642971.8495217246,0.6464042828790845,0.5057800019956318,0.44439965381679186,0.36639197669843165,1.0,0.10052982475414735,5.5476685531945575,3.1375549050810956,11.987845212579193,3991.1207236900027,0.022013707335248687,0.10764304057736129,0.1220724622522748,0.016638307786349567,0.04945301980004276,0.007142405048940957,120.67258296018686,53.96515984604876,287.2459241181192,60516.270488038266,0.5358615890811945,0.6286861995403729,0.4584078368884524,0.720226676238672,1.0,0.24345379331767583,0.44227340102405455
56.908690624341396,5.0,122.7356056559003,342127.6946102559,0.7232750142459927,0.628418818887354,0.5369884611540453,0.31919897482911463,0.0,0.7452544147372926,3.6528826354493376,2.8322975235694585,14.79478349702765,1683.1179443106216,0.02468113835236859,0.1302080377885308,0.2907012874415766,0.024021920815092548,0.09535926564716239,0.02044419165716275,91.1438987020419,46.137994501394566,251.27546818513872,40241.30042549521,0.7260324562376572,0.5793096230199075,0.5237755796964289,0.6631547228575261,1.0,0.6965544753102868,0.5910823168821054
28.136724695259062,1.0,71.04689873708625,109160.9977582623,0.11900626476563703,0.32363835980092187,0.05303605611953033,0.03954306144139819,0.0,0.32461959276960917,1.4526485552688144,0.6757493849263967,3.8897639029274442,599.051403410397,0.02519093960575103,0.14065745558050385,0.06503958430848622,0.01969481945638185,0.050355336848734514,0.00763256079219343,55.251710300952546,21.274633621703238,151.61638270812134,15267.555794898759,0.3653065299909614,0.6508942604934937,0.3806963530530016,0.37477629457732237,1.0,0.43816296851563213,0.8193547715539536
0.778996681229998,2.0,34.43296168368462,51155.39871273484,0.9088549298710522,0.5615699717985148,0.6246842380785387,0.21968563641926944,1.0,0.8368787826276536,7.717501717151141,2.78602587207146,28.30221198731012,3415.8171448186636,0.09940299487814581,0.2621156888910347,0.8585742241529428,0.08497390936641398,0.19032974322873045,0.021356430323777133,28.96086976170674,18.713333046380253,83.28286119968128,6267.864030963541,0.8180955832140636,0.4404890777048821,0.6044349801376495,0.39857701020999475,1.0,0.3501925246262241,0.6863353680999691
38.21146240924902,1.0,86.88302249965513,169503.73988478023,0.7568685420178705,0.4859641627307932,0.19220974484264194,0.15370820928159631,0.0,0.7133790150297095,2.4897499522988955,2.304013650629289,6.039986293150408,1494.8119926242928,0.022941398657597076,0.04014121465767101,0.043947811374956625,0.011102827659419156,0.0790900430258437,0.011199775118408724,54.37235597778047,22.989774238425003,145.54654297958731,13184.286467433014,0.41658610501578325,0.33921434535233586,0.06202693583205615,0.33595477143038355,1.0,0.47740221296675606,0.5597052794027015
73.24600443405515,6.0,187.46089976550684,543522.0232508951,0.4382804309905218,0.8828652357220548,0.7631077251814053,0.4729183672267825,1.0,0.565249409825417,6.641085488789987,0.9080760921207232,28.677093192328066,4644.0924903789055,0.01568619477530577,0.4421534367995156,0.6685200057793999,0.07548273041585019,0.09877072325850335,0.020640742908757646,115.18815633845199,36.98534114166139,315.80409985183013,54558.942187862405,0.33297928717276537,0.958622740328513,0.9175591575732504,0.9079147742464895,1.0,0.7605036565799853,0.4119831543760028
20.689883409355115,1.0,57.665239164987206,97491.67400720896,0.6410842168161826,0.14107497223564375,0.1295717869661554,0.09329959806684608,0.0,0.5043263655245195,0.4758936283267028,0.6656242157913581,2.5151921025289496,315.7165919644853,0.023558788343556607,0.015831588526730223,0.061931360543214464,0.011528453721210358,0.021091201748313408,0.005807274735268527,36.56479994041369,20.272981175025613,88.68448359523097,6267.725668408399,0.46194894314395635,0.17312364788098306,0.1066347128836741,0.26641902831175157,0.0,0.30844641122351085,0.9319296214323101
69.89534951475423,10.0,162.72794565095114,546945.2634341884,0.6419930275363929,0.526040072907953,0.4572922398943863,0.45139075257257577,1.0,0.41728888198646114,9.565583347282978,4.301941348455362,41.564627551279436,7885.401617419778,0.029450747993019204,0.25663187070325133,0.31590404528711463,0.03990090850130069,0.10706984381761478,0.015032722626506671,123.3244073580065,84.83950106135698,295.751842070732,62667.366392714815,0.4170132212274776,0.6239299054904488,0.5775857401523795,0.7599378135189917,1.0,0.46469656154871103,0.35729802973451064
88.50958886100227,7.0,249.73242636093016,719339.2752565985,0.9183779989491929,0.9488244835620161,0.9460966156958024,0.9724784785211965,1.0,0.7370708896039497,8.131602383329778,3.2200702888477677,33.09045077949608,6079.332877390685,0.03362188964488023,0.439962247457596,0.9117329720798297,0.08365932410047854,0.118421929214541,0.030268896075979622,141.6784022717372,55.099892401414785,392.29913987182937,75123.46336584033,0.4896390741061216,0.9133788721306775,0.9514280783208748,0.9396057995731888,1.0,0.5520263687020271,0.21804492187134833
36.53551454214652,9.0,85.94565061011076,151907.43777644561,0.776289364381246,0.8609894271847225,0.520285258526029,0.33721652913202654,1.0,0.9441675704201069,2.2959833752122916,3.5542991685785017,7.636184778584308,334.6674825682553,0.03215117312705804,0.38802681818699064,0.2833782980931473,0.06355321191191185,0.16192944087287692,0.029524342725677662,62.17942149956433,83.67389461864902,185.19913820735272,17760.518175981935,0.7583505225489009,0.9238144576386877,0.6825834041979888,0.7775158481999787,1.0,0.9272187016105874,0.44168716462369206
37.46790203888546,1.0,82.35634096220218,148545.82917710894,0.4070829324233337,0.34697036063623715,0.3571057806027554,0.1213140325865143,0.0,0.3214077106915888,2.0155847206918005,0.31896616828980084,3.0960540290761616,562.1269280932033,0.030190247921843064,0.08047068100119423,0.5692153749324339,0.04216112377498567,0.08077016199294437,0.014183432668108939,60.898813432743296,15.14752822517894,157.9053087025394,20077.083434594493,0.3138659055484757,0.4198006299547443,0.5815366097094589,0.4596625936798141,1.0,0.32222721514889163,0.823787054952352
51.104185141467134,9.0,108.62885485073946,304337.19206167216,0.6774607839868861,0.59364764420968,0.5401655456412706,0.21065102266419602,1.0,0.8241952571186066,5.72941139471947,1.7140763097198979,15.262368221974185,3927.965591572531,0.01786628456268564,0.335178203144362,0.7353475180157321,0.035631688972305946,0.1294840423796221,0.03710965589600575,84.1314365062115,74.11723818483934,211.53880519715997,41971.43916840121,0.5153458690825408,0.8072461308858571,0.8319537790843007,0.6657791349365256,1.0,0.8837794328835611,0.3963253860412525
91.05424398794281,4.0,261.625263809663,953585.6783537408,0.5065297818321347,0.8097712547518183,0.9560346888702373,0.6966065148155242,0.0,0.5297797419752484,8.462176115537858,1.593867881096262,38.03297585624393,7812.145187582871,0.06742917629721637,0.4657698874992512,0.9877034307919431,0.09624324356573863,0.11293642644878078,0.04530550317514577,128.02256469696317,17.368435499686825,353.28074609182437,76977.90463848425,0.22763994803338608,0.7345803428724174,0.8702540123295742,0.8191761701936671,0.0,0.5586656944158451,0.4732697216616587
67.75869621815387,7.0,162.7602824890413,460051.33441529237,0.9863320683512542,0.9494578839134541,0.9558447462048616,0.8406700681454168,1.0,0.9320922121305234,8.449919637608797,1.3875810210585646,33.1559848233592,6288.367660251642,0.07617622617865548,0.4719310633837764,0.964772946009611,0.09819838975711088,0.07502159291398422,0.04552376187982668,105.3510390198492,36.876197785471795,271.66234789730225,46636.120143151355,0.8696673953930731,0.9527817780398419,0.9702834361002353,0.9699890107739594,1.0,0.9666006550473679,0.008762951150672493
24.372742585320744,0.0,67.51244639609205,162121.0741949221,0.7593074351882786,0.4193278621940996,0.3067331710910449,0.14454242778244203,1.0,0.7814092302426613,7.893651400655054,2.6582389271923392,27.17893015848432,4153.111678365828,0.0779608960410211,0.19338021182900553,0.27167136222863264,0.030444832238966508,0.14115799649764552,0.018067754502219726,45.04989776736772,14.714022504136553,121.34168074029765,14112.352013268777,0.30377436276726666,0.29627460227280267,0.1130373322052986,0.12007397926777469,1.0,0.4075162200367186,0.8783006609213297
64.83191690493271,2.0,142.39314631994253,381723.19755672803,0.40734414918815554,0.16412624539173204,0.14949438911854918,0.12266604141445944,0.0,0.014235267543478869,3.7096620411309753,2.7929607524052535,13.457243628493051,2314.7832283620824,0.0184802614360246,0.14452948854523123,0.2026921355250838,0.023527732986887196,0.14333762525242366,0.008369075604757938,76.74294972122644,25.16178153650472,204.62552405294787,21825.30895969339,0.13018905556213153,0.23551712413382586,0.1941439470003256,0.2812957616439023,0.0,0.11711382328213985,0.6928674395582338
22.538240328109744,9.0,66.46709767820376,139345.0138483844,0.6698432557243428,0.5433954190303593,0.5748869381994444,0.15701978975734002,1.0,0.773411435567572,2.0290250845445845,3.668945555103829,6.350038363996935,1495.9356184753276,0.03324136383354689,0.2313290001143172,0.5771990904578397,0.022952119905679136,0.05091623592990361,0.0313825849957949,44.54507828902229,76.41525431934394,132.51787352367032,13700.35162779586,0.46127939998047396,0.4301556066905029,0.5394938641805657,0.3562609976315012,1.0,0.5539729480963429,0.8729019391338751
63.628919939497564,9.0,153.64363468110665,374031.2071579198,0.9802506433286982,0.9361602808038273,0.9667529075922192,0.7738622055048002,1.0,0.9224145654486131,3.9769993251990017,3.675539201923388,17.631829652838338,2384.781637782518,0.030563811351725284,0.4715374124307291,0.917877780862046,0.05784456623271685,0.06502675076434368,0.037495313281019786,91.24787760134188,87.96376902691513,254.18099798742247,32921.70064530894,0.9729093201209452,0.9905055844706909,0.9966087122827048,0.9096702380737689,1.0,0.9964536641933098,0.1417065050698323
28.077494920257724,5.0,75.82798481727082,136737.4701190539,0.8485616544050711,0.6242321116617067,0.46157813881333554,0.2246335137333515,1.0,0.8833691791065965,5.168873520252802,2.6031779514251236,13.39274738138603,2394.6719417162103,0.056459186113575824,0.33910331935770555,0.7710487073899897,0.07805719369739246,0.06462327924824704,0.03747925664654694,58.98185022118228,48.199034298476036,164.31503239129836,18019.143253063194,0.8537341601519111,0.6766452669574226,0.5360225652296478,0.6896098364929591,1.0,0.7085180747397735,0.3105029999226144
42.779802680065785,4.0,93.29386928893749,196821.94128025582,0.291637210770583,0.41547010879116364,0.16039286518752766,0.06830630250072899,0.0,0.16569949514681848,0.24951617300703255,0.017561309132045455,1.9657887474186584,223.22702549073293,0.010221460153589094,0.04896590786221963,0.21577007588321917,0.011356566996499165,0.04630278929869317,0.007289716433849889,67.1713307142307,27.364570175815153,189.5796979132896,19677.46790205505,0.42998443116791013,0.5247207387596218,0.4091433535605478,0.38010073721659754,1.0,0.3535283253739126,0.735308324783445
64.35304294652889,1.0,145.34765467644854,495089.8147069689,0.4546727428302543,0.3455831219608917,0.45899683463774965,0.3502439635298031,0.0,0.2607296988762945,6.127596741729397,0.13670131711572564,22.812180334253625,4853.849295918081,0.02476419853477831,0.052160121285329264,0.26031099349680886,0.021963853410230248,0.0398235148173996,0.006942047478373959,98.47029578247158,14.276619107929138,247.25149607159588,55725.54963146985,0.4356678905078899,0.17315861245307906,0.25547114310545627,0.43266007227174974,0.0,0.20661929939396212,0.4003398765484337
53.287663229757996,8.0,114.93521588923421,302547.7732828452,0.36520882682393874,0.6160149334878092,0.728574994510341,0.4109082430176624,0.0,0.5705975560813672,6.958010135676063,4.884379695348402,31.041727441192588,3783.8745213864545,0.04565632366612867,0.39822250270799664,0.7364726624772522,0.05711656954588512,0.08051352655212188,0.03131352922681698,69.09346107289763,55.88877514009568,195.03746308400747,22031.93635468031,0.15413866388264202,0.63334841555969,0.677556711354867,0.5168083492116613,0.0,0.4469587094613098,0.5215269891346885
41.6873036804778,0.0,87.92616787299876,186802.31557190724,0.020935648319033218,0.13389984731887555,0.03702780119094995,0.03573921855605185,0.0,0.08647456975542123,0.4536163409492655,0.9796643553059226,2.5525127540504324,593.1747556201133,0.011786032752381902,0.1417084776132313,0.10758182110306053,0.018607057931897642,0.022261760280966283,0.008492247852713266,58.5545565427239,22.45712940292194,164.02418464944546,17462.953141876715,0.18044272206262996,0.5247709960615315,0.19569568803404558,0.4292714053531467,0.0,0.2408359515751825,0.7095344769953983
17.339602092540076,8.0,55.15700475413593,111389.73485093657,0.29233568323343917,0.24511078743860693,0.08992479981669155,0.01456247957232796,1.0,0.6479130433676873,5.143768657914073,2.922418115781974,16.100378447267353,2643.231056328909,0.09201755165696382,0.23929039638554636,0.48185217371608535,0.031810372630067286,0.057203841877362056,0.03684356398099944,38.48353334423476,31.574428397532635,98.70561019129958,10484.93064484539,0.21570889222261508,0.0971376716278744,0.099668683653934,0.022842552259481397,0.0,0.40348422566227427,0.7094395805483343
3.8896609143943692,4.0,32.92123705268873,33980.86935496096,0.10305079694372637,0.0862926028285213,0.030222926941611217,0.009688258824070517,0.0,0.2578319476641632,0.9607051866560585,0.750186699773848,3.350580144492184,817.9765206568976,0.017311150760514208,0.056613871920757286,0.26926777808383234,0.017636108463903503,0.022619018255175573,0.010758598038074826,38.85065363781046,40.04425140947398,106.17812977236693,12013.58150684841,0.24788483068351616,0.30779487398881505,0.19149771633759294,0.1566415721619835,0.0,0.25492581932381697,0.9742278681802895
69.64175965946579,10.0,167.079994469049,456236.55685640854,0.5205855569014316,0.7917394939751697,0.7989635251351106,0.53128739219951,0.0,0.7392569279798253,4.375648395058763,2.2354379877804065,10.851937349807326,2278.2273062013605,0.015297611619136406,0.37683269086498516,0.6469265262025619,0.03439650136386467,0.02608879828207476,0.04377629142262378,108.82654051568429,75.10350312600374,270.0965055548512,45874.63644331823,0.382815125899422,0.7912865701464507,0.7518447069331156,0.7860109815746541,0.0,0.7767193799377059,0.16962176421292452
24.353716186253422,9.0,69.92200746868441,124938.50296243,0.6140581834298242,0.5587809776047832,0.3414057140180348,0.1918144851312667,0.0,0.5226175070196869,1.7913936671170037,1.7346631737260987,6.2506585239215156,868.2776747269884,0.01675071648955991,0.25003022754089427,0.22496768501959735,0.04062241998525466,0.036833726154389484,0.018532803098692877,50.97755738742409,63.69463175010763,148.2995314288739,14960.237678236888,0.4172267896247534,0.6855698856599102,0.552723799287557,0.6644990782691527,1.0,0.5434506772879281,0.8081487911613089
76.75920541941925,3.0,201.04335882212763,585077.6923571716,0.7595900825290451,0.937624836241097,0.8737061401108988,0.6233108180453757,1.0,0.6712632551991915,8.667527681693606,0.43227961380263835,39.6342220590477,7377.500276494642,0.05397417454160244,0.48914146654224566,0.8591526864121302,0.09112875228564556,0.05957781060477764,0.039745003151005334,129.76297365778564,27.45218747072737,351.1271812046905,62184.72275833663,0.6874600512593506,0.9827454983392477,0.9739090174360929,0.9364815181766704,1.0,0.9250009137641984,0.19793801610621592
60.48344124392555,10.0,128.16363045881255,367184.39866918663,0.041515909425986375,0.16574139360494144,0.4010853111389631,0.2103150804609624,0.0,0.007218948473151299,6.621051399070102,2.981023686548128,27.811456801729175,4318.142290876428,0.012887207475320957,0.06005505444402434,0.1645139139275683,0.03141019584945148,0.08465641597348823,0.005164472413248826,99.51771409264366,85.17841874671038,251.14921331658323,44801.65305954306,0.1513103253879758,0.29699119836828114,0.46922214307872345,0.5646806253540335,1.0,0.14321556722215148,0.3735500063136804
11.14394866295467,3.0,44.959879359272186,81135.65348149126,0.15997214104505658,0.2779939078384044,0.2543614784896364,0.03127750394873043,1.0,0.44076357113220704,5.1384604570573424,2.285933423712672,16.041480353160843,1965.6121139235602,0.02447412910702395,0.3425187655380714,0.9172429983500973,0.0704017140542572,0.13127917248362062,0.024921458359952194,39.34215870343589,18.329932765937134,107.50373925246068,13682.783749570555,0.13479559018318404,0.43014324966910594,0.40941587732992174,0.1526010532748856,1.0,0.2626416729139125,0.7868390816339447
57.67252026517998,4.0,115.75180773759449,392367.048929046,0.22109271899077987,0.16432670789930098,0.10690250014991814,0.09614510506455856,0.0,0.2548793115645486,3.3081871023273393,1.648538101773875,12.019607219916136,3393.6559553976253,0.05930928092841257,0.18058917645945244,0.2479457072191651,0.02358572676566217,0.026088729131008122,0.009695965964093008,69.56713138270524,29.60253371940395,175.4944868193153,28066.699405175812,0.2284861284932445,0.16115409770665878,0.13714959987861908,0.2094856040197154,0.0,0.18867388091231804,0.840849836274669
62.809652112091406,6.0,137.25320182480604,472384.7391673122,0.8251391990594208,0.6656328849257906,0.6418107904247619,0.37407589482680104,0.0,0.6472235942049471,9.679698216788765,4.429856408926416,38.71303623460571,7800.20612304321,0.09170671056213943,0.44242787093396957,0.8362353743665859,0.08622357213927387,0.1907502917093214,0.03525744023853543,103.6784696487451,39.37983970434865,237.08407222084392,61702.204674205925,0.5987667790421979,0.6028308988259947,0.6847323179377643,0.6486686123111198,1.0,0.562184110891846,0.24725978009297062
28.239724656898066,6.0,74.15246781928167,106403.98605561107,0.29736438514528346,0.3978297696529879,0.11383450023591973,0.03235994558526576,0.0,0.6628645368014493,3.631163814959482,4.2521867351963945,13.172681233121784,859.8090585889406,0.0312316873001698,0.35433455690836013,0.5758940050367747,0.03812248230714218,0.09542763595031392,0.032354767962788904,48.34166952665176,47.78244725797359,128.19645286758228,8204.377864878305,0.23077624624201915,0.5407171058226605,0.2043580126346809,0.20996010258691333,0.0,0.3866162819988424,0.7828486682113044
93.48589016617758,8.0,259.21792825654614,817833.5269603434,0.698965607163928,0.8202830240183927,0.8768347011361252,0.7733497728554961,0.0,0.5704289608543615,9.709177831443032,4.318849505207499,44.631609226316776,7715.983118253102,0.05601453605512083,0.46316001483344194,0.919922200670873,0.088719384609784,0.18505850422454906,0.047787981037543864,140.63460364826372,39.206450063713426,332.18252870351233,65255.779672577366,0.21928419867279644,0.7145644619896433,0.8325497525600045,0.6815562817687072,0.0,0.5042022120152653,0.3603911185417475
48.22498373485934,7.0,99.18117479665956,238106.5458272664,0.05957184158198814,0.28403717196223927,0.1767187366424724,0.12378512478634578,1.0,0.24186475456246284,0.9228284643872442,1.058150892678442,2.805046444025944,407.46016380614327,0.011075320232732491,0.22878403837080094,0.35875371189392014,0.03491971516829993,0.0800587666229195,0.016185541930315125,75.92005846659717,42.40767458928804,196.7639155408239,27470.516973455415,0.16753909440022288,0.690337739244684,0.6228451515075932,0.6871215615945138,1.0,0.3715591105248471,0.5457096428156656
80.9431014236139,10.0,224.5854798793936,751312.1450061499,0.9948906920138436,0.9953606925251633,0.9422387735145736,0.8535732833348325,1.0,0.9430108562215854,9.990609202727066,4.814845086287422,48.3987335128963,9519.35502229553,0.07067770292968112,0.4968324219395286,0.8841131856302867,0.07997381989854513,0.19983650288761617,0.04575705212455355,178.0928366820968,83.99849826748357,468.6543822328776,94503.039855521,0.8262324980881325,0.9475812447920775,0.8338729602575676,0.8123174067810288,1.0,0.9217626518942365,0.273247321458036
89.43278214386473,8.0,236.4429556968938,754174.5989928229,0.07572468781613012,0.5688022712808867,0.4671247247280239,0.37628128183595305,0.0,0.2626515360907169,5.879618732811362,2.833307857580246,16.347029023394256,2996.6754930900433,0.012063066456403086,0.1684670807792321,0.15341160201269555,0.02825157121486162,0.05158246462327118,0.017853881697577234,183.38004167660498,77.48366562386782,463.6278984016014,90779.76190852301,0.29144300640262555,0.685267401907123,0.5972064392993105,0.7323191956173873,1.0,0.5287105466246284,0.08389164358309986
35.91560085661393,2.0,85.08296888505542,162133.04350796784,0.7327956550297904,0.6907244487354047,0.7333770722549494,0.2572211759620136,1.0,0.8280039531885316,1.0550825602363352,1.3879761777185278,4.895880692110338,890.8415259587769,0.044462227518549204,0.3875884454274837,0.8375350546858065,0.07238167247380173,0.0870957177316369,0.032751686816318376,53.567598196470286,24.008241769407718,161.07375052319736,16518.429927165726,0.608780636668636,0.8395053739836502,0.8573440794465952,0.6823443967568426,1.0,0.8589199509897837,0.5294419577019964
99.13494568356299,4.0,272.5889579018044,977046.2815906857,0.6246864910138927,0.41354133425186035,0.5337726130057464,0.5069173735857169,1.0,0.022817917016155043,9.033946370873753,4.024030180649138,37.04653162545685,8771.610843372067,0.02287784693207098,0.028532997492409784,0.046391955355223335,0.017108892664623877,0.052346744695058504,0.006381546251547903,199.29349788528322,49.51665582543679,492.8313210795819,97734.80563530038,0.3836669303570876,0.4204371146068561,0.33102265755856647,0.6674227360829235,1.0,0.2009186472472851,0.09177091028681361
79.9150178251769,2.0,205.2658678115937,696212.5037561,0.9294173655391277,0.6485823031948006,0.7816336656957648,0.8293527180538338,0.0,0.4089728123432093,7.256863851293253,1.8259125443327247,27.913595379734165,6206.6250767262245,0.03908856993497236,0.09237133205632192,0.20482017256861457,0.019356398012493194,0.02992139049264581,0.013599305517267528,150.3535458502126,43.59355583927593,393.7385852692314,84708.3760894664,0.8621997828292908,0.5693899375467696,0.6372665013272394,0.8456442933262102,1.0,0.48622378090182766,0.03695301563986153
59.050686867392486,1.0,131.36987981058058,426305.9856227063,0.926418811667519,0.9249775323589888,0.7509440403669798,0.6308545409665003,1.0,0.8829933510744525,6.823602841418619,3.237474853292341,24.183127678080243,4217.836864723441,0.09625685761372416,0.39353735336096485,0.5958217180731646,0.05957317130645961,0.059955163026990485,0.03810357238191264,97.30474065959555,22.0363120970564,266.8887755714798,56458.30063384536,0.7673438076185625,0.7282849271532903,0.515312189163165,0.68383508996238,1.0,0.5863947429257762,0.35807343871902236
45.03258522987923,3.0,100.23434777253458,244494.6023216761,0.91902212921227,0.6712117848026034,0.7099729391597522,0.309841343608156,1.0,0.6090216691900054,7.055749708775929,3.0176803831505845,24.5023210432453,2954.4658964414043,0.03172678684764522,0.18621681533748569,0.5788750643698359,0.05648147253233039,0.06136326018442918,0.017079407422747696,82.58218094133157,43.00232015612848,226.18281723295982,33015.49749101965,0.9210530148377059,0.7362315794863141,0.9018419669501839,0.86116425101266,1.0,0.5505597696505204,0.19382840362939985
55.53254407582353,2.0,110.06094370800018,315536.9102895679,0.11287262953818022,0.19277423005092167,0.3327551186715354,0.15792651940836167,0.0,0.2576866259730548,2.9824384507284436,1.169044729742927,5.701186574555804,1034.9964648169364,0.029892349319679924,0.18870020946426502,0.5077734733254853,0.05540085385094093,0.027515139221228526,0.026555102511724975,84.92600008749514,18.943506375379155,205.44982391506446,35334.21761776173,0.14156227906152502,0.3771991908091981,0.533956751720583,0.609604636658975,0.0,0.350538515244711,0.6758814648293446
18.88391395402414,5.0,56.473953833569354,85149.78430556535,0.7405256090711823,0.24094893678518994,0.304580117415,0.15601614449057158,0.0,0.3543739051501654,4.054082179737085,2.430886387483329,9.449593163648403,1387.700014032734,0.026543600441510568,0.030010074280928167,0.38232847427212385,0.03817562042584727,0.1061336315755014,0.009507240713779008,40.80712337445168,32.28617591311845,106.37647366599539,7277.745718343818,0.33171136612071683,0.22630173797753605,0.3357729172210988,0.4620762481831032,1.0,0.23338700580601832,0.40369847913158274
22.305734698630094,0.0,59.774853283089016,117570.147340038,0.4909203729571327,0.037222319792485026,0.014494672747844162,0.03566668517753976,0.0,0.2636639706147301,5.448513207846806,2.5210774491907277,15.812090313268746,2469.1749517627536,0.07333176777189268,0.03859135538492939,0.21578083439511242,0.03712357156682364,0.1635170178607742,0.009251722082284967,43.3332256278451,10.828085426504758,113.58522374728643,12965.910285495997,0.16550335430756097,0.00023973977941821323,0.007353883489354118,0.03239961946087,0.0,0.10045051521233471,0.9113553805225623
67.63298048936517,6.0,162.97611539581948,436608.65266362415,0.8997457743122192,0.9685402365504144,0.8673953422726077,0.78922937416522,1.0,0.8495159910352299,7.639873433256894,2.465695945199493,26.353957813638058,3733.14299062098,0.037682063064556515,0.49227795424340204,0.7121169218032385,0.08263497100481836,0.16066165871488924,0.04270319219116086,99.71907811574353,29.287661313201976,275.4154944093402,39697.7209131071,0.5688522337679206,0.9168484841491316,0.76745611665197,0.8795354891935008,1.0,0.6651825201812089,0.23505659971551435
13.081359405202278,4.0,48.74359282182733,79125.91363610706,0.41391226692295796,0.2284194292681166,0.32409823831960166,0.06905562968120672,0.0,0.7280357629607084,0.5970512662122021,1.4870931517333654,2.1781663313412585,612.0850901193403,0.023175210105528424,0.07962176573402499,0.2537004509725152,0.013201357391478492,0.023843551518586036,0.022732479027850593,37.06998589687386,47.39430747427812,91.25633366028764,9718.446648961313,0.3889614731287725,0.25753225404468044,0.3320671736820135,0.3009550167890453,0.0,0.5447051868214374,0.8804457777528208
60.60439858994633,3.0,129.0533133873389,394835.17441938986,0.1736567572789201,0.5162703470255439,0.4981228904457689,0.25099905799771277,0.0,0.2731338325549571,3.24816981342219,2.805166983074326,6.9863635734264955,2469.6404507591237,0.01339593822651953,0.2391868003310236,0.5999631627598175,0.030246351542273304,0.040151277706916406,0.02828336000439528,96.3790074534236,40.04259865763718,227.42410582072299,49781.632907093284,0.32191052029885436,0.46963436332995395,0.5706138344019626,0.6546285376325891,0.0,0.29074753063416153,0.758934987666215
58.39660023289478,10.0,121.8771930049889,363149.13325074565,0.6919213770983305,0.5264804622971563,0.5003509715592027,0.263557283166565,1.0,0.6371485747195251,3.2256019411424868,4.554177839444973,8.212945249814359,1454.3058393143463,0.027111692794088208,0.26087983105724555,0.35450452410612127,0.04455969281905523,0.11139010918098305,0.029319552186518022,83.83570620385694,92.35392053575237,209.69316357710042,36682.734155712984,0.5431293606158761,0.5482210010684937,0.4913311354372277,0.5616798558599241,1.0,0.6696599548395458,0.33925743339950043
80.26473556021988,3.0,212.85513738352213,642995.5115530359,0.6678803686161615,0.7901135663312826,0.679386684308106,0.5530980601503872,1.0,0.49045295417198687,5.282189417878605,1.5599110270907806,15.658976804888763,3760.6969841565715,0.05307501120394276,0.36811439077030916,0.4297015849225671,0.05018587223150852,0.09731014600263808,0.03560470709291687,104.50121399503838,22.89465310227227,274.12598955745216,48414.23766995709,0.29044301362674346,0.5562690835794889,0.490658588242618,0.6198755842004127,0.0,0.3042947688824795,0.27955734177680786
46.399186495386026,0.0,101.42467833518248,236183.42850327052,0.7558030935497636,0.7585910421369473,0.5554603866069814,0.24779722295636805,0.0,0.6388008205623561,1.479381935183992,0.45506611668786245,4.315751870609522,699.0273424026774,0.023381253408871473,0.38234108232086284,0.7017231121636203,0.07059826277392678,0.03907569280891608,0.018817910856723845,67.529699549198,22.006611239350875,180.87637256277478,23370.534537975713,0.5952691732880039,0.8961852636427701,0.7904599865404401,0.767184019696691,1.0,0.5394706831491183,0.7715979331682649
21.6088029486958,3.0,65.04983718547014,146966.15727107678,0.9575539130452357,0.7206902182351023,0.7371273757815795,0.26670325920802446,1.0,0.9829449344561527,5.1169375374396076,4.756774471338362,14.599056109497582,1739.9703224297932,0.09989736704918596,0.43352775627525936,0.9630424845338621,0.09647232759177077,0.1998508407875979,0.03964203413479577,43.74147173020991,30.484497077725134,121.36941604620365,13371.703225347062,0.9766454629456379,0.5013140609539187,0.7474841794290309,0.5289436968703674,1.0,0.7064640156591717,0.6283891355832443
20.19276464285229,6.0,58.67777514829526,76513.89072212765,0.5452854305328368,0.5404378910092603,0.5397699450693657,0.1466611846101766,1.0,0.8718563464497606,1.1138963605940595,4.330044603410991,3.1826748411895336,283.446499271102,0.0606220719877842,0.45934646344821717,0.940371561012711,0.08031270787439082,0.18491810190326025,0.04859936649957823,36.08009368990706,33.42743256972522,86.60146756159529,4523.4339770114575,0.2681048189914303,0.5263966251637644,0.6141473305678035,0.3450418438070616,1.0,0.5542501359623172,0.5459698693262511
50.734523730704296,1.0,109.84501531157332,293412.529996678,0.9832060180941543,0.8669481053490288,0.6131707569292413,0.416664718109522,1.0,0.9477934785073024,8.464632703410114,4.360438909902099,37.49980090653114,5017.048827806869,0.09653491808574155,0.46466750345558305,0.5309850449515228,0.08651781469211889,0.1965823318591531,0.036845952989811435,73.6311663962776,17.339817227320932,200.92496259473305,31329.783982509238,0.7265565768191106,0.7689059050664935,0.48469478228877316,0.6005881523756365,1.0,0.7343888625177097,0.7693425994696104
62.573302348582985,3.0,133.27831165410004,460042.4262028295,0.43456055194999293,0.271716600422355,0.3026620870281529,0.17414303102223433,0.0,0.06573470587163893,4.230569023635797,3.024404577154404,11.326176711922853,3796.6397286274846,0.06902512659587665,0.055981207072878236,0.0960943301194741,0.01077691963715959,0.06910046741300656,0.005593071311046949,79.68569569442583,34.0312363977453,202.07128151079925,34496.56707090771,0.5232727898045465,0.3366441435485228,0.23676733616149803,0.30933905597938965,0.0,0.15030107404159024,0.714363514355539
65.29352868884844,9.0,156.50807099310663,459296.3574623348,0.35512812585622755,0.8110593891778698,0.687395290782681,0.43954689900019756,1.0,0.4125214367724969,6.659715819442812,0.7408100048565034,21.44606407148698,3890.049783440061,0.02643879396522763,0.42204600862689334,0.5394159586382831,0.045956675678172826,0.09467924118342796,0.017228907357196923,123.03237164268639,53.63444525154797,310.64573151232474,62707.22282097147,0.4355092155705321,0.9145781886056947,0.8549192846114058,0.7891224712757935,1.0,0.6771873425782684,0.13446270941430805
61.43438369319455,4.0,128.28809273276605,421398.22145960166,0.12217896178728926,0.10571124385987879,0.20168467390727732,0.17486312492415937,0.0,0.0068373869192288605,4.623286443044453,0.11339082171641346,11.64380146487284,3514.2205108719822,0.01681345846942815,0.012498868871083618,0.20869022683661742,0.016705758360178322,0.020532313661824966,0.006617230065206388,113.24625241769031,41.17690802540436,265.3082832758426,61492.68496785704,0.30625849213591994,0.2755983667176112,0.4539820140661179,0.5783834994700007,0.0,0.21238696842670454,0.2706285777694865
64.51819469627287,8.0,147.5543644120937,410070.0262726082,0.7583238837416337,0.7760714184376852,0.5426405263754144,0.3066428950931297,1.0,0.4422609694709703,7.9672251137986905,2.7024585345400296,28.4933716625631,3689.153912180245,0.05447949017907208,0.27832685798401346,0.3814395739653591,0.06362037937305798,0.0678567529630197,0.0106001181307624,120.37709967874186,44.982462875321374,304.49486002186586,52560.74988507252,0.760534003142755,0.7220638376728497,0.5590409065034336,0.6849396562389376,1.0,0.26906460843827046,0.5596384930054853
11.651539150408354,8.0,41.21396771797191,54900.929942282084,0.3407616095870489,0.13130309896296344,0.016691970309667237,0.016964158583918008,0.0,0.42598827794583083,0.6929942922147614,1.1882292558954326,2.129767160127563,642.8277151900875,0.015340900373868205,0.14965994059251114,0.21592560820286233,0.014789894387485531,0.06519684144457549,0.018455834687722758,41.133337851074295,49.38523053819752,98.76505725552776,12493.188385301277,0.3476220725163644,0.3851557829542837,0.10455235031582444,0.20600197966191747,0.0,0.4606210450310527,0.9180327350848639
60.09686523988479,8.0,123.90894660067681,424581.98091031646,0.03793988588908165,0.26463297047102435,0.5415819696367087,0.13748782688302258,0.0,0.21928865699832406,5.862137548422085,2.153557656306303,14.746763207198605,4815.541467229431,0.011572977578657495,0.1233613295287552,0.4562938389485413,0.012879072542806657,0.02322378916581977,0.017262693930677555,100.6409690659329,71.3897492266874,245.40723740696677,53424.80034768799,0.1767842589005687,0.5536963121078834,0.7378764439988619,0.36915726525839865,0.0,0.39704274768428405,0.500752320426953
8.933015855553357,0.0,41.8787675042529,18211.003902443183,0.2892355692815858,0.23875614078172464,0.07433322360522326,0.03125567959060043,1.0,0.38222125720808314,1.8499798902620923,1.71173411440166,3.4240386697435645,226.1579095155998,0.05237642506753032,0.14827340305167674,0.3641850714365099,0.029984586269033487,0.13076435379404103,0.02036735668775204,34.427595944017526,11.474191478178492,80.30130256265733,4457.372212802841,0.1513823190114041,0.15223535036910923,0.05969112740476473,0.1397613185023488,0.0,0.193587012661972,0.8430858040943389
99.79910592144138,2.0,296.46492109721277,805813.0600709179,0.9494792284810321,0.9623204653088068,0.8997335901115576,0.9710599052999794,1.0,0.6478762929530637,7.176828727861089,3.3152069907823396,31.456037537888395,5000.825335936791,0.05728883716920109,0.34447550680452155,0.4786404886364459,0.0852907999781359,0.11625385431444786,0.030628177808055775,152.4828153563644,34.14874291441611,453.2429491109789,70016.58203010117,0.8298960707730865,0.8860356539067289,0.8197359065288936,0.9349853554929145,1.0,0.5245772238162776,0.21648158895867803
55.549039084712454,7.0,121.95560827479368,417075.22698222054,0.8382259295105827,0.7465281796672227,0.8379579767529306,0.42499267828095383,0.0,0.6600034704014852,6.032995255230293,3.4150275932243326,18.971443608500206,4555.855975981462,0.029886967319414252,0.3974821953636249,0.9272141461495682,0.06907956055738508,0.03531606195263503,0.03286523440949871,87.59463568298766,79.91688896532547,240.88832534061757,51079.2725433873,0.8327161138161182,0.8638100720722028,0.9518034388709435,0.817414298403084,0.0,0.6980165562522141,0.3140846881977929
63.64909603001419,4.0,132.52376296890858,411336.1221943465,0.021464748022578917,0.1240290821015751,0.25355528803972416,0.09638146974955719,0.0,0.02600432068814129,4.6430702704555085,3.531148667343725,11.443993538314125,1962.7913186800065,0.015870695211237056,0.07412235347702348,0.28649419468981324,0.013116816326942034,0.035085894105962884,0.01223001504813464,90.54685565045887,45.410749363790885,227.15426789203104,34711.555497439054,0.1630715931108417,0.1193849755201773,0.3151474436365598,0.27676730310412434,0.0,0.1701254824885075,0.32483734364733663
15.930041410284964,8.0,56.947165986856035,84338.92635550268,0.8755910121527988,0.6825614590677669,0.48210253138731807,0.2400463230338552,1.0,0.8729991297377435,7.26207778212966,4.320201286016279,30.97759846865343,4727.979325549996,0.04899486890691332,0.28298777280854603,0.38442469064999685,0.044870271767127115,0.09775651509531079,0.023846288179265544,51.20624837890225,64.56156314809621,138.01055011187074,16161.627753537603,0.5495379880802432,0.7000469242642039,0.4700545143209279,0.43376564230334297,1.0,0.7321824889986318,0.3461173335916643
41.985583144798795,3.0,96.27733138040334,216782.2061932494,0.41355786517662385,0.7071558575813517,0.5020586268015329,0.14344731923049342,0.0,0.6135934975836067,3.082676778899623,1.2513113176052577,13.178081727166887,2372.203448015099,0.06418352336064893,0.4867837220979726,0.7600942855685319,0.05057574818435046,0.11783566306799059,0.027356145543345322,63.218273044908884,28.627407504173995,195.56921752494972,20673.304873673205,0.6309765802841697,0.9067899707817392,0.8332410989653845,0.5747831086417394,1.0,0.6806738611177016,0.7860123383640989
18.30752983929877,6.0,55.0443095766316,89457.95561133088,0.04628328946114951,0.22222948422216568,0.258599642879314,0.04384768471683566,1.0,0.5555018675943104,4.721710225680197,1.94928663897277,13.081274785893358,2373.4625914181192,0.0231884344234643,0.1592622225072135,0.6537179236347669,0.05060384075051068,0.03992758735578327,0.020670211016357666,47.91439179031613,53.95550962049777,124.2850699745116,12153.517012235116,0.21445861443828523,0.4653009763057949,0.4574855424269524,0.4828023126444462,1.0,0.4707677414020028,0.6980610490672787
71.2380831591383,8.0,167.54339177609955,495807.2039727277,0.8537618033210141,0.5920733777508083,0.6720983577183053,0.5652038578649562,0.0,0.22088833620575865,4.781950529371865,3.351902664008522,13.108166214812536,3417.563209896677,0.07239718859510844,0.15818459616080768,0.41105304786073793,0.03418713640426952,0.10819661168810864,0.008900606264782812,98.89015653356573,56.456281457256054,250.66209311196988,43832.539220824525,0.720611282374448,0.38889793406455214,0.6308856895612017,0.6646627223364305,1.0,0.22991395905442166,0.46869274961496477
33.23989808123943,7.0,77.64669999315626,178409.7823217186,0.4844779671831164,0.1971977344564334,0.4446255211269341,0.12489575793794881,0.0,0.18063660762327327,2.479939523586684,4.595148057318115,6.821600711389299,1075.8808515307383,0.08384956220236922,0.2785444923176729,0.6718958448882144,0.05155189383972112,0.03584933591457081,0.013417439055611028,38.60097882771346,50.60046290821223,102.55664069399184,7042.142750048733,0.3279712456771217,0.15704032038366872,0.32778993381666427,0.2863008446130963,0.0,0.15510132817606026,0.7400980462290264
38.676023031699145,7.0,84.91045474414437,238647.2619647486,0.07546595630867087,0.15069981907892893,0.3367073599454976,0.06279025038576126,0.0,0.4595065757562149,3.177452465772844,2.977803031154229,6.676141478177343,2139.552006839662,0.059743086564138445,0.29178358508906704,0.606147860229438,0.0185077117579492,0.07605124458013342,0.03876764609669036,60.02242142057372,63.92163355413301,149.40247971849047,24684.370819694876,0.36917969573111764,0.3368472747172051,0.31319125848594787,0.22676790038167072,1.0,0.6156016592073711,0.7988679014173613
53.261340315902615,1.0,111.50190417780135,321700.54091097525,0.599809597873902,0.4205618507782209,0.2638344410356642,0.18773206935534195,1.0,0.15836814647465575,3.600949464667714,1.6152113159316221,16.841140090037527,2435.962003298822,0.049756858145467674,0.2060991674722814,0.18346816591696002,0.022946608737780122,0.1115655824475859,0.011986653739926445,61.601413646998516,19.082053832242725,186.30227517187862,21862.81948493102,0.4442040684337979,0.5318679201518327,0.3633175707369992,0.4774629161300212,1.0,0.2656231694755061,0.511018374823963
20.052541544205088,0.0,60.56758759441838,58858.43196303641,0.8695186721886898,0.5184348265037074,0.2884957872275593,0.11978098233224231,0.0,0.7207918594813169,2.322697010401882,1.1252283952793345,8.781188275182195,946.448625445044,0.031321951651443324,0.2783500271453066,0.36528217581916145,0.05261647795161473,0.048391245500753,0.02326016125455758,30.79179849950799,13.530961442636174,91.3611793082038,2473.6391446583957,0.5157955859238205,0.47430860465643737,0.40607561598499475,0.42621301418491997,0.0,0.4082129535753063,0.914086289483643
40.14424523190017,7.0,87.62014129810395,218453.994765338,0.41349149813085784,0.45518431971781725,0.2935506966967433,0.11622428878239467,0.0,0.3537810822347242,5.053063655835755,1.7325815510837042,10.917574729566075,3244.747005166095,0.03558452395241301,0.2564226584989837,0.5451173652248487,0.05233401725208708,0.04233703258169583,0.015232190470974977,66.63834901773542,39.914765538081255,163.78081063926268,24727.39932959585,0.39140912262350414,0.3830208972480204,0.4650550332146415,0.4523099345024432,0.0,0.26156803911560955,0.807671123611786
55.93935756921621,2.0,119.09670823046272,307218.82606468484,0.8921500622035043,0.719567146764336,0.4656433534424249,0.30016400589379666,0.0,0.7796981977888795,7.34352097674608,1.9215529304170424,22.311557149991497,4154.264726431819,0.018402892579496174,0.15035886786814773,0.3463024484871845,0.02946928029726553,0.025140791650355834,0.016442970088419235,115.68204017590257,37.53545441838299,263.7459116167254,57565.10552204586,0.8727031386943833,0.7140345447447991,0.5465043730081324,0.6867590530457018,1.0,0.6602922679519113,0.33982171126966615
93.63313788204812,10.0,274.7182359761772,797458.7136106945,0.46672834638678273,0.9440812195497229,0.8855186616973831,0.7071859910829444,1.0,0.36730443596250373,7.378183459430317,3.502097442172902,32.54345424230255,5639.792718410852,0.04738683578516067,0.4887619063369767,0.8543475207962672,0.09612469262388287,0.1333326995403348,0.03815675719716184,141.28525087785872,94.10776767755661,408.84161561130435,68386.61280114087,0.5164067889903181,0.9617843430296144,0.9018553011989188,0.9579773609963147,1.0,0.6454869841827452,0.03736917054847755
61.180752299956296,10.0,135.74309383143324,390224.4871712153,0.5922031473104933,0.816834255754636,0.8291249308740752,0.6186164715956081,1.0,0.7644030148891046,6.973286561979833,3.0913492672272707,18.540785533225897,4272.712631819481,0.01614513842161874,0.3579727026041659,0.6198698064151946,0.043047783533148,0.03979893842663881,0.02746480143142369,129.11048659534853,94.14047172356204,305.3712274955323,67247.16046846035,0.7400904831215199,0.8900953773029274,0.8738632405579092,0.8585023363269406,1.0,0.9139142880809454,0.12768321591483467
26.980772736675796,9.0,72.28892222079075,142115.9687950887,0.2351584011987406,0.2872275044786808,0.4425663692616999,0.13761981610177657,1.0,0.5780131216040599,1.7785992196000122,3.5015956743810976,6.539966108858725,673.989993387012,0.03671687803819644,0.2501153274936617,0.506650273682958,0.02307202116049992,0.050917222478077985,0.015006074934052342,43.819956873501106,80.47682368919621,116.59282853761671,9199.507302584952,0.4490704546621397,0.4228675416256158,0.6455228220514625,0.3464110396789865,1.0,0.3831816649426479,0.4055077865535345
17.50838692659292,8.0,51.75156746852742,37249.97668317081,0.4184396630030502,0.1381554465903318,0.16097447973843557,0.05503026677717104,0.0,0.3919069256076427,2.270360066845929,4.620406298908432,8.060597770147359,257.1951641094597,0.04806636287354903,0.28108782627727913,0.7501275934718967,0.0808540481206007,0.08934048852449934,0.028977728059057958,23.423637963211405,42.01395039716588,63.139729817225174,1256.3637604159471,0.19727688317749079,0.08713119226782251,0.22275883662188828,0.1204440661402974,0.0,0.18665579755532744,0.7010670063007503
95.95719216358185,10.0,294.71762397574884,962396.1885622335,0.9543274575181331,0.9851313083355708,0.9738080518873715,0.9733670734244966,1.0,0.9540307630347302,9.850654085200588,2.5453913432209183,49.47648318625514,9362.51398835788,0.03528836870786882,0.44805712180798996,0.9406177945038356,0.09876800806086272,0.12552706340450667,0.04511545401847181,173.68619268329664,52.078656079022075,491.69479417709795,90776.09337263735,0.8110471385280172,0.9580411100504306,0.9902927578214933,0.996115963799472,1.0,0.9281451097807935,0.007579041225761141
66.99716513591491,8.0,157.95067509661445,568618.1687872433,0.6812682698387305,0.7714406473733861,0.6554108646806186,0.44678440135707287,0.0,0.5970311678520929,9.712771831621126,4.022199281215053,44.98071216466434,9383.281803407288,0.0887217944575555,0.44484141271468947,0.622629837980927,0.09315809176860222,0.05463163146073477,0.03955600603379309,129.15599114925195,56.752503098887544,335.94941985692736,86862.75747657551,0.7413476413635506,0.8521298775867567,0.8036212569277688,0.8533784404129086,0.0,0.783912530459239,0.3171202573317701
88.06534267280324,9.0,254.56407924493024,898804.7488307616,0.401467656575899,0.8638072399765655,0.8020396533168754,0.6838610179604844,0.0,0.33573251773465773,9.896738674470303,1.4467431296469737,48.18043553320465,9402.933590332126,0.07201448942322392,0.33114231108120545,0.3722075293196714,0.0727208696945766,0.09640299099322087,0.010934280775115802,187.29855700601345,71.48061348112137,491.6692387654343,95889.73783171171,0.46555353212809947,0.7773002325639601,0.8017583047008412,0.9162632219516043,1.0,0.40130430194202077,0.21244923895422413
68.69896080136513,10.0,161.17805767508546,528706.3329834294,0.6736994998761046,0.7072120513638933,0.5603693673320955,0.4258210988619699,1.0,0.4392796152350611,9.679815192743114,4.173114492373344,43.85767458501054,9240.039226317878,0.07583289377136422,0.30011881872991797,0.29022594397247553,0.03539787632369998,0.16140154366866638,0.01274616693612771,137.77812445488453,82.45362161677843,346.2090569985065,84726.26338653879,0.640173911337522,0.594269859218512,0.5636530267049207,0.6629918056461653,1.0,0.2958117060152691,0.12332525598015254
61.403489299331056,10.0,129.61446087067299,350032.657037136,0.6387412102644786,0.4391462449284925,0.28125827606284154,0.15492252782720523,0.0,0.11336252636062266,3.1799127591908913,2.7116376950427865,10.283309756761103,1802.6757455243112,0.049240521511275136,0.14805283433078242,0.1611698805074822,0.02091555632970755,0.03048191776645378,0.009290185840417266,110.50265300438423,99.22154074160683,261.3847647493892,49173.59969058475,0.8263365542058357,0.5781581168929764,0.558569722457544,0.5668426224440684,1.0,0.27813059406711194,0.32618080879585654
81.17536199723868,5.0,215.73456472733287,621008.291977206,0.7953544405118413,0.8601104511095076,0.9334212588034565,0.831429242533558,1.0,0.7304326418127691,8.496845762749832,3.97753431264744,38.473872542471405,6062.656611344373,0.05907937810717235,0.4109482293586668,0.9250342729239518,0.09549870646345363,0.09350289689230117,0.04672561073674308,149.6841269748015,47.16181363264079,445.61656435470536,78477.9775530546,0.7094179029051355,0.7888641812593361,0.895490748240944,0.8989570448355377,1.0,0.7602251550070467,0.32132012977147306
38.15201042797036,0.0,79.7566308657587,144142.3342818001,0.21329194558433795,0.15962920522000273,0.196456876859729,0.04132729798635512,0.0,0.43617096781791703,0.2328825694371961,1.956337884649766,1.2533631020621803,130.4829846612812,0.028821065024474433,0.13525034576291506,0.688115743374602,0.03688811897158709,0.02060062546689414,0.02192455349786423,51.73015064529431,22.404559128637807,131.34553281439014,10691.493306416398,0.3776902804353111,0.4357052211381496,0.5006168082089482,0.46593757473287534,0.0,0.5731297875926301,0.8803169496261056
13.803401106381408,6.0,53.51577270528744,100573.95482757725,0.5472107705644397,0.5957966201158817,0.4160421853528572,0.07570661839116727,0.0,0.9679507820428837,1.7389804148910604,4.3166053455563915,6.462593943762516,1209.2173395369134,0.041355042687255525,0.40401827588346795,0.8402611619692344,0.057348107785932544,0.046813711451095155,0.0472559595840062,39.68147459962744,53.189353345418446,109.03675947673963,15233.64262895344,0.33311979283253484,0.555075660544499,0.4376913519037709,0.3466166594050083,0.0,0.8273449145636167,0.9735283451264871
68.27383437392051,7.0,158.33057832033762,491782.5119157013,0.3794530320685517,0.5167712846485727,0.5157885262586852,0.31412097209418255,1.0,0.24920742677534322,5.235990348563251,3.7808639606027334,15.102452132251198,4436.966645018205,0.014400584548367899,0.2562234468787081,0.3447112382972588,0.04183149181699861,0.10395526545517748,0.025447686151539126,90.17361787497931,48.821823468340824,232.10373626630775,41019.21318347604,0.2330707908144001,0.5629930154258708,0.46260249401854714,0.5393179769579157,1.0,0.28305969251892643,0.5425578388616253
38.49850299536824,6.0,85.93450231807222,198525.59853139997,0.8110028040121529,0.34884421379856545,0.14760487812499007,0.16258436316288086,1.0,0.37061835765705864,6.1638050565331906,2.1819626481462464,21.551225609327027,2894.2100186868047,0.0628673904735309,0.16634616107106237,0.14157823331268626,0.043795569610800764,0.14646065106811654,0.010908652296010143,50.03591876384701,25.557938503042557,131.64071669927517,11724.638822342147,0.4009848889993666,0.19611286795938937,0.037277970361038026,0.28229727113774516,0.0,0.18600743255396576,0.8219021220184917
21.443231268358907,5.0,65.04173454060208,77343.31941879212,0.8910885069199989,0.7428371295745053,0.6144311346407704,0.29239529505549916,1.0,0.871422750670346,4.588007029517308,4.474094041202821,13.029782150866119,1757.4189727662856,0.08903578078433591,0.43623583534017935,0.8130472174271999,0.07199236275502514,0.15127095421337056,0.03546981110175568,37.82996582720889,36.3076915064037,105.20517946170213,6444.459816925848,0.45260421259360417,0.505270218830699,0.560164234175017,0.4113406848831027,0.0,0.5155578001653686,0.5375118489643996
83.55967594753758,9.0,228.82462486930348,708193.6731384618,0.9249580738771346,0.9097240509090396,0.8300723041334225,0.7005012629485569,1.0,0.8266556897926594,9.127173325948814,2.4032753616356275,39.28337632000744,8241.971672210153,0.03431537491111813,0.3191143781880419,0.3815044757856444,0.05034388458516164,0.049186779122588814,0.03428745401109337,153.23479731800958,82.08764935450402,380.12041114977836,78995.03679990095,0.8076998885451148,0.8859506880273679,0.8398562556240241,0.8283324244127279,1.0,0.9057081026427859,0.2110694505009082
44.14596935117508,9.0,100.31517428148015,214847.4581954697,0.5308887069583794,0.8636103780823587,0.861990178559709,0.2957139963361187,1.0,0.9484531120353067,5.590068435375006,2.5859177467890784,20.36623887476706,2566.4510198332932,0.04376837670191752,0.4957591498368119,0.9888425524021129,0.07923918912065218,0.10000541418213109,0.049426641272303756,76.57223192612338,64.16243499674366,213.22107725892533,28407.243533126308,0.645369807443847,0.9817961081237356,0.9733542994331644,0.756840805589362,1.0,0.9728950212534668,0.1717568769937568
61.29127621015676,6.0,136.2174724581882,444312.60262665,0.2413435818690255,0.6039069206596376,0.5444701259991026,0.3558801237082282,0.0,0.45228034700276426,7.084805573781163,1.459172561648555,24.703790005588434,4182.832610599883,0.056602620972462575,0.2548070033260864,0.3604510363554521,0.04573218291310109,0.03377236751785732,0.015838631915665854,115.1737064741533,46.4068215200997,302.3640349824608,64607.25381560802,0.3341533792772305,0.47136548512061266,0.5473753614101241,0.7138913999595027,0.0,0.31506789489826875,0.22001645542094905
76.59017319405633,10.0,195.51157037608667,548411.9002241902,0.6861594061968461,0.9482882156021336,0.938406491101121,0.7491086377347482,1.0,0.9173653372322785,6.296860852959433,3.856026200483738,17.34210334217431,3640.8357063383396,0.03933299580181874,0.494907100509106,0.9053899847329224,0.06441108078562624,0.060907853149070164,0.04785999303670996,112.68001289691406,74.65094848335718,293.13035652027486,54237.03391167113,0.517420748158676,0.9350684523498922,0.9395479528152844,0.8738757296894029,1.0,0.9431197441817789,0.16699086568469346
48.352242775982894,3.0,108.35505949352901,254915.70687881278,0.48597115476424013,0.7904656947320661,0.6667495598203799,0.34553257945595844,0.0,0.7073899402217867,7.159436075544143,3.352145118794203,33.568147946678735,3091.2456476514994,0.086259111949387,0.4704293399520668,0.7932075680423055,0.08545596187619629,0.19515708410767071,0.034188692552431565,76.65476766934329,29.25459584458159,218.12648897077565,28865.931899927775,0.4363028474617925,0.8507683853173418,0.8338749824875753,0.7131297935903482,1.0,0.7343244141559696,0.46367106161197646
38.48917387173127,9.0,88.38800351052359,198780.43010764907,0.5887347334741292,0.5788764430546411,0.6898722108040112,0.19638080790010745,0.0,0.6358605025542171,4.3602126374208625,4.361353431433591,16.049420823299865,2926.2038647782797,0.08645656378891972,0.43039076892578854,0.9563712087158054,0.060978442906118015,0.16487689560831897,0.029623005785020688,44.87355296103225,49.896779521201104,136.42109620179596,11731.268667462307,0.4331604779991403,0.6693169121458663,0.786997556495142,0.5094225656955458,1.0,0.41010217605323634,0.4872529353640662
23.658008547992164,3.0,66.36325969042888,94267.07891110836,0.6675700555023739,0.5979351605031418,0.38386670131425715,0.13524713496337018,0.0,0.7634555024929708,2.800137008473575,0.6803081744961761,9.748792573225236,1336.4049387701536,0.021886942346400134,0.1897395409826893,0.36657767901637855,0.021234864204816094,0.06260486671646939,0.016346347454135348,50.34155525470574,36.80717885965766,137.41213304557917,10288.01966408295,0.5026711015833487,0.658143355999169,0.552900088247487,0.49751053585869837,1.0,0.5300629657136345,0.4385594866943071
37.005397230654104,4.0,87.7023286521958,161920.08814542388,0.6758117169261348,0.7472032077022892,0.3998534835091268,0.24839993879705205,1.0,0.7792335331841991,6.031910000371937,3.6030378890699,25.51997740066058,3248.9635423968116,0.07768641239874668,0.31627389990205335,0.31759206439812876,0.04947946866270811,0.061567025147788036,0.018147394228876713,66.63959760902675,33.02092858598461,192.44359255854172,23816.83661083102,0.5963606370993938,0.5892429072056722,0.2918258606714206,0.43261937253995286,1.0,0.5083032948560762,0.5606101859071287
41.01391977025363,8.0,86.98706079168733,201477.88660447675,0.3708438568121222,0.1895821372542886,0.07229916253748625,0.0726917035335808,0.0,0.3777170211072485,5.875538070083213,4.323990150190822,14.862810094742203,2306.7392752533005,0.044958833653078026,0.1936333802704674,0.37299542048568557,0.02870672446833964,0.04025843685892745,0.03191700109651856,72.65464787257876,84.90605167806923,169.69471088908963,25447.916456082225,0.5424314990234825,0.3036402607129366,0.1310083204634525,0.2906925419530639,0.0,0.4030876708978271,0.7095137993606944
1.5030896134096352,2.0,34.87877539313638,13222.45970852439,0.906487957224464,0.6795625757649819,0.3035136241979124,0.1297428804599926,1.0,0.8813631106866429,1.1255619849769598,2.7823137727313636,4.9013051507674765,553.693813970759,0.025646453264543356,0.3137775522890827,0.2319277506004817,0.03985529638520996,0.15878940761707555,0.012281378637778069,21.846855965278234,29.958982380463315,57.78795492430242,1013.3678324200459,0.5141552048840533,0.6268371150742221,0.24577320318892254,0.33648108743788196,1.0,0.5674230411193515,0.8355994283565995
40.21160034082771,4.0,85.86443666390812,226493.08189724048,0.1481455909643321,0.05821552282925457,0.06140066455169152,0.03976846437860766,0.0,0.29057399541581175,3.865801517113154,1.3272398206157343,13.12860324445263,2254.03965804055,0.03403503533812513,0.10999174656251776,0.2121576954832542,0.017160308094723825,0.03502423468766193,0.021754271921142133,55.71221961001981,28.802548294534404,142.52721129292144,15665.414819720154,0.26237940681005445,0.09188911259823557,0.07314320907735922,0.10774687560196655,0.0,0.2713834581185358,0.62113854164312
50.823446656913184,5.0,109.60417523318826,268210.1607536589,0.9282470816559654,0.7478015954467913,0.64136555866676,0.5234824920941722,1.0,0.667069174796168,7.636200960059305,4.586606413298966,25.376223443497224,4719.309479963455,0.07076675025886271,0.24014393897736735,0.22957771836072782,0.03502295373412354,0.0665560287244358,0.021272517284622587,70.33579717610905,39.72455027892771,194.4093546612169,22921.38250481831,0.7367616650488178,0.5985938290456763,0.36359776144633094,0.6122733491876208,0.0,0.557108195599294,0.6220496813288561
46.41539800146517,9.0,99.91270666879434,234483.92523463225,0.05160754072092483,0.45415842621046154,0.3191732466603253,0.13929595611841417,0.0,0.5201300368839129,0.7912743363741415,3.7047492759710967,4.319110566939019,348.9273409771426,0.05193084325212855,0.3351573429760384,0.5890752708698298,0.050334304156047664,0.046476456339418215,0.036779597440000124,55.305695064241675,81.06848518968155,166.17086949448196,13414.633721751725,0.17647007476838433,0.7010019666624914,0.4263989885874747,0.37329612824213443,0.0,0.6613199649802513,0.5204259771044212
60.30582941527122,9.0,130.10217582788619,435427.50247340265,0.5491670091175069,0.62666591790147,0.7575020925917416,0.39464330571355655,1.0,0.7058101369245715,8.1938618938081,3.4827114508323813,37.017675912442634,5470.3183815697585,0.0910997940428345,0.38205376555304593,0.9238816037112649,0.07248107297029997,0.12076585183025207,0.03441166594032015,86.37809196491109,65.3819100417527,224.22525878808145,41196.028484943745,0.5002661336727852,0.5527346011925212,0.7352170314783322,0.6294043428997356,1.0,0.6050293060273889,0.47391571131330984
47.30797141920452,0.0,95.96222397696555,220374.02118768092,0.014384092892731626,0.14306514750009242,0.02679340005931302,0.054046465270576896,0.0,0.04862943457049379,0.8698439228457442,1.5666603444731222,2.0149160548647855,363.9870252899899,0.03347579576501977,0.2426331903913157,0.1736292722598915,0.040773923808239486,0.08173602207310103,0.011720239536072633,61.570945393850664,12.65654475590112,148.55190881665266,20784.97562217216,0.1125976526974424,0.12691904171596485,0.027908719031633722,0.175777406929854,0.0,0.11697063030200014,0.8659987244838989
63.40756719578551,5.0,146.17546309790868,386483.2252549067,0.5538997418273551,0.6337363622419365,0.4726605364046562,0.36218982595273397,1.0,0.28538057146262186,2.6661211453829576,3.6703859903751574,10.258068622249125,1384.2800867137405,0.012384394118337815,0.19024699725535996,0.25476156124944965,0.03033410742148195,0.12966394983665488,0.010969689844280428,82.17853336142471,37.760945164423944,218.26902330418193,31591.889261571625,0.27221501837534,0.630894719987773,0.5288814900366442,0.6599715293255066,1.0,0.40201478256999373,0.7534478442119595
40.45315013420217,6.0,89.99554209933679,205787.2838550831,0.1094327927972028,0.18328293949425495,0.07607783575458643,0.04673284103499829,0.0,0.09815752810909822,2.594153236814391,0.7708576862273961,9.601462027470431,2126.103330219438,0.010738767915552864,0.020206071313379786,0.11267525629814612,0.012623778744837204,0.020475546620555996,0.007211344034935068,71.24628322282452,46.86370714722409,188.97228409055023,28918.818612980394,0.20078299926331855,0.1434899110924417,0.14042441573035402,0.21444127413755215,0.0,0.1630938713901807,0.660878735714819
54.92230370596572,7.0,112.08426542243087,388431.81559962715,0.3805251980550667,0.35212075736304915,0.3774309962076986,0.25741674338242165,0.0,0.4658837900609338,5.539366800455028,1.8283754163948434,13.395673090895473,3177.067950841479,0.016316610559037492,0.04334775698570534,0.1858922919187383,0.013582409330510591,0.0313151333238252,0.007528481470364538,91.25978175541523,75.32626012131638,221.3876113029383,47571.372497750854,0.43022232671103094,0.31365567340489453,0.23457278561040618,0.5182870836815675,0.0,0.23604444832970056,0.6288865782510932
1.0027515722638256,8.0,35.15412906119151,50317.93648730878,0.8785820872634411,0.6445498907425985,0.6342781041461927,0.2524734009438136,1.0,0.9822257624790592,2.8724974490539634,4.5749225211954885,7.686422658676312,1538.7934508404642,0.0799160931624745,0.33611715748747356,0.7573478826111919,0.05472412355286724,0.1615755867567965,0.04190100571019924,22.26593664711924,55.968689742507024,61.81355563618888,2604.476545763562,0.5104569488885865,0.40164813838005065,0.43455485688970996,0.3689996712243234,0.0,0.6351679908347093,0.5828087211413029
78.17091398529497,10.0,206.89540584717395,615974.4277395412,0.6607336048114726,0.8187178902211694,0.8437290985668258,0.6730544030290772,1.0,0.5142626508223894,5.323675736836895,1.4408328935372792,18.508838657300025,4229.74589560283,0.052535355651992584,0.3579098893279848,0.5277679571430537,0.06383968639277766,0.03636528143220144,0.020148021172939196,136.29708244945277,90.55081497904884,362.72920890254005,74097.39919068094,0.7786459871276764,0.9498878161510336,0.9059878884670249,0.9576233044722066,1.0,0.908586909130302,0.12185073107926969
1.5252154117277144,4.0,31.472074634642993,10323.399779126326,0.285009693251707,0.09662252933690885,0.039444812032565224,0.027666218329753536,0.0,0.5500761071196129,0.010656886788822817,2.3921356246998844,1.0684248650099994,101.97744594266808,0.014658039954674969,0.06813508226715437,0.14261828546640276,0.013489735568302137,0.022935349366694134,0.009989090980235708,31.706881145809007,65.2065798198471,67.68658900419167,2951.593510121849,0.5738757678604642,0.3883664404455222,0.3193788937511871,0.3849116789121543,1.0,0.49743688368451877,0.5380243960164798
15.072699941080089,7.0,48.27165165383389,61193.85344714227,0.3224601454352233,0.2017211168799225,0.19609705401088703,0.08855845450089932,0.0,0.4758834937391454,0.3756703377023305,3.0554612686928246,1.342106449434533,170.96182373796367,0.02489608325327703,0.16037365729508268,0.2925044102553441,0.01739529199462193,0.05738599804343618,0.02005613851392156,30.21224337535102,51.04580912370148,78.89865381946943,2288.268246111964,0.4224637070633028,0.35900679609146063,0.4057260292290164,0.33884715989319525,1.0,0.3413488880245184,0.585024912311263
69.86798519300761,2.0,159.86822080150512,588261.1132895016,0.23178145827935076,0.41375439895421723,0.6052732929216215,0.31533856691594264,1.0,0.09876362584804677,6.480957046386708,3.3597131764705725,25.056824014211575,4271.630445477679,0.07842597538222679,0.2554313025782521,0.5489487617218227,0.03420679182481458,0.16088801567301048,0.009556686533460952,100.49962548489945,23.365979370311088,258.0604457975175,52846.66811101216,0.2405017976112089,0.3170056652566684,0.3866395967851307,0.5221014775384218,1.0,0.1437752384459979,0.5636313593232709
79.50706365902803,10.0,207.1776282243017,697987.2028389454,0.7723424229039828,0.8932694055884789,0.9790951230866531,0.9072220507779383,1.0,0.8794222017397402,6.99372525730273,3.659882235739237,25.367888584797292,5855.602005927831,0.08982801626218033,0.3865214160214049,0.979037065969143,0.08034460962448797,0.08553846988062498,0.03099945417684971,133.042642670838,90.02315104711036,375.01564070270587,82682.17759623015,0.768233374351289,0.8470186563343812,0.9883805200334745,0.9613049862063823,1.0,0.7603751700865959,0.29027042170230277
39.59807213938565,0.0,91.37481401082734,202350.67197587303,0.870257988621202,0.6316421644647474,0.5549140059972155,0.19994879616902192,0.0,0.7279075973002759,5.052291780356495,2.213453474791779,16.151045423683428,2273.416334327888,0.04215158520917459,0.3772473362356346,0.8613801398831186,0.07631116959482263,0.0961990475181526,0.04254508967199309,53.01909331575251,11.165255427589106,151.28186695251023,14399.443018439079,0.2985188935700169,0.5959610300461128,0.6560419771277165,0.4702869964205445,0.0,0.5227577624980744,0.8343882953211149
63.77085095681817,9.0,136.2612273821719,406689.0793908498,0.5460010085203659,0.4229307754215142,0.4437645464970638,0.26324523978111586,1.0,0.18847748074458293,3.4358894646416642,1.4554022926868742,10.682929961985026,2117.349236689377,0.012592683575013539,0.031012606157351824,0.22606191477162835,0.017304090886058682,0.06744565347941044,0.005192536126600659,88.2894630097004,67.97188221277868,230.7983516147496,35154.083632878726,0.3603806151612418,0.5802925009269918,0.697399434556383,0.6310054790727103,1.0,0.28960067348908336,0.5054939326997797
86.05984513526623,9.0,246.15293688082102,636235.7383473723,0.9547038416161081,0.990252539680752,0.9986477564304821,0.9797987036152258,1.0,0.7122701234039801,7.300792541028047,1.019856666380686,27.723016355314527,5342.441687726099,0.036214552696375246,0.36294223194432873,0.8956913422255977,0.09545470676695848,0.13587454757449619,0.015447189538993886,181.72721452959016,68.94777370857918,493.04972213878466,91253.79452738664,0.9584681060046432,0.985132167463308,0.9963583314884416,0.9973725964028132,1.0,0.7367925194337213,0.15967582945356606
20.04837245331205,7.0,55.53566482510299,63368.45333310277,0.646629961436354,0.24650560718209358,0.024344067599742503,0.05420471156920026,0.0,0.27959074886604524,3.5788045264654094,1.4560360717324297,6.618382481803389,1577.7674543938283,0.014527541014546296,0.095662907577891,0.06491468748411544,0.019185518021550062,0.02767452221635385,0.007212010205251313,53.30923347575052,56.29700510580409,138.39044643669814,15576.071983327924,0.4834589153164839,0.5658636837005768,0.19555968158577858,0.44813728196974273,0.0,0.42263305841328086,0.5666253413210011
60.782111084948994,6.0,143.76821052561556,386528.90311916516,0.8595975392274048,0.8719538195797913,0.7449760937540202,0.4227130851071919,1.0,0.904491898133298,8.719205569583895,2.885007978796723,44.62110934048471,6745.933489243742,0.01658481984726676,0.45998073678923296,0.6754321045976013,0.0804238809604989,0.06823478132351035,0.04085139935972027,89.06586447579991,47.71045774037042,251.93866811951978,38544.50285515815,0.5477149785969476,0.837692051364858,0.7720592036512977,0.7773324205444418,0.0,0.702236569751619,0.36769357874428754
69.0695349387451,3.0,156.40847030991097,583389.4864588188,0.12077066995576635,0.1832530186555229,0.3481026274945544,0.21712581063492908,0.0,0.11075542424946955,8.165841587644852,2.2614654410664614,37.54742142439072,8413.375618654822,0.03444116874572662,0.2556929291410934,0.44082197510902593,0.05614459293716003,0.05520090638356541,0.02055725454640967,91.17292397295869,23.59258131187822,236.7247241629443,49631.60558981905,0.10681623187505206,0.13383202330618438,0.07943855721428672,0.3476785609287493,0.0,0.12925573360774417,0.7046604105210754
26.845432144189402,5.0,67.10557418560333,128301.67794830537,0.5092371895401658,0.17039945583179655,0.2784799748882604,0.07887394664099899,1.0,0.5955381260117698,0.523565192949337,2.6191009465126904,2.0290880823127817,220.64280964230403,0.014810863172736406,0.07554782504003926,0.31868656701595455,0.011231134446529645,0.07199629660669493,0.008886664411325388,41.188379772251224,41.08727138676796,107.62613741044775,8568.971791991587,0.2657810654456291,0.27082193612108596,0.4314257131678356,0.185091682519476,1.0,0.3844493009166616,0.8578763905427929
45.5144728107259,6.0,101.74363758454963,281386.60144371155,0.27776788764526383,0.7077115726992762,0.5991848512884389,0.2620201204642055,1.0,0.6596063668657449,8.636318472369599,2.579229033245145,35.44877594212705,6426.628029450189,0.03523036284232485,0.4549858436776064,0.7173870827499558,0.07417165877510651,0.08939980413298196,0.03881043688560877,67.26658464117843,39.09992103524849,186.65163319388012,25305.71902488232,0.3016324196754882,0.8334781616024456,0.5980389395691683,0.6100188291674118,1.0,0.7753171021969769,0.2780584935170998
23.360823642088867,3.0,60.8629216579568,134087.7638675052,0.2550826474224239,0.08616792688074937,0.05764121110988901,0.0626060706764778,0.0,0.39328350446215427,2.3560667593739986,0.3963523532175013,7.567614736701236,1174.8710778970901,0.04368605618208334,0.03040593094322311,0.0725580333995835,0.022309604520436375,0.029415488088493074,0.01130564380544562,48.10436848794357,20.414844277418045,117.41381661634273,12700.615044302129,0.46544262439447953,0.2844366077636398,0.15753781863337385,0.34904061153598753,0.0,0.41710454881046694,0.8733105174206353
18.60716535955344,3.0,49.554086416835425,64203.56886372659,0.2959490289626524,0.048882545842785285,0.013454041871086786,0.004659281991250482,0.0,0.34255709942231877,0.24146579814392322,0.6739701678070584,1.25428157316054,220.29515126915481,0.035808089583571776,0.01117415383752024,0.11168970963121139,0.010070221088937792,0.06130314998200198,0.008976274098465575,32.93933267692824,20.091585388577894,64.55608183581072,4094.319285750274,0.22108465400677718,0.004592524701592493,0.020056168597248014,0.005299077461084323,0.0,0.1423971591795249,0.9604565058246837
5.910248106941751,2.0,39.22743883499033,15353.605656848644,0.5319975947621756,0.6404957118948046,0.23271814851038988,0.039594019979878485,1.0,0.7993442357277235,0.1545992229653148,3.3381900699461715,1.5577065593723074,196.5880081079056,0.0347450724237344,0.3611864108529203,0.3230399287267651,0.022110187538476087,0.18266632246625902,0.02510061062687679,29.016362287686434,40.086396188357,87.70751840734145,2566.2319105352426,0.5895353870667822,0.902788206573398,0.6073396192951495,0.38941361021036125,1.0,0.9065883394830622,0.6784815347977308
61.66861445365563,5.0,143.5583148045968,380602.75625040615,0.5679869804235235,0.7640627653746555,0.5507827891958186,0.41274438777098665,0.0,0.7284711193237969,2.013977674541716,0.4544457010506351,7.985571129154582,834.2242051608478,0.023468681361632358,0.3646618597939691,0.27223646727724815,0.023618910725438726,0.10536602775267825,0.020832717619644548,81.91216917936013,31.98017806446884,219.67819068915972,28221.138191817296,0.4315532061242027,0.8770562190188148,0.6923681527742594,0.7734615345551198,1.0,0.7495892470626655,0.557896440508044
6.493975274455984,2.0,37.34372759400204,58423.5097080318,0.6712382572613916,0.5150921204142154,0.15020965942082495,0.054921155843653105,0.0,0.8372976011574209,2.6028106387371364,3.2653612551378357,6.809532362598355,1444.2455575551114,0.09596114216055965,0.3558252518847225,0.5125774722044512,0.052234712557192045,0.06134145627066392,0.03165252770116316,23.087847589370583,17.933445286897932,57.58600451390648,3245.736297861137,0.37397404568884574,0.34547049078501124,0.06631628262043426,0.2036033622370414,0.0,0.3319735584355273,0.9915266147293402
85.85976728826192,2.0,214.01870075072816,651908.0544168073,0.05387296410533432,0.3860240707402596,0.5573590148743366,0.34892054371876796,0.0,0.1017155184435648,7.24630065368604,0.9249511034063265,24.01006193988207,3949.340477923457,0.033067894101611164,0.21076903463101881,0.716991781813432,0.05993129595999598,0.07396539399492255,0.011560986510727154,118.81023108480301,13.479389575443262,267.02526164694854,48464.04841743613,0.10438447041393582,0.2610968489934068,0.412785312919022,0.43178433445613806,0.0,0.14593056965881315,0.6611927090084402
86.27782888319071,10.0,240.80174903957425,889887.8802204918,0.6627414548676811,0.9246245502429034,0.9454520015520946,0.8458002262986942,1.0,0.7672032950412889,9.64075265406866,4.332903115676782,41.53001081535175,9315.602605187483,0.0837972300452491,0.4644131688020162,0.7953862609209916,0.08574236464973456,0.14323974664936084,0.03238657672705817,132.27495900739828,78.16050416136994,324.61132610973715,77647.35115959696,0.6162175552647502,0.8765166965464093,0.8482336287561141,0.8714228603859246,1.0,0.6311200367797688,0.04294045299004856
97.6109914989733,10.0,271.02943709267436,944091.3908579836,0.40574590293553325,0.5716760248857551,0.5109867272522475,0.34265182780778436,0.0,0.045876905754096864,8.060205595222552,4.345896077442686,25.677685426105093,6082.385766827595,0.04048357118592162,0.25413337851711243,0.38523083475051645,0.03588744220187801,0.025045718319171458,0.008020099928579584,192.55610821391866,95.63754312281662,489.0711232519023,96677.10765013493,0.33717991250986684,0.7059625420202638,0.5721533662625355,0.7280113971293973,0.0,0.17757202809741787,0.19688705024174674
44.93079013422351,0.0,95.01515784222897,261110.97292754933,0.05217827850682255,0.1253344446695519,0.05438872098922598,0.09059570687057099,0.0,0.2623699940802906,4.989892593473152,2.4227337658505284,16.517889382326132,1960.931066104802,0.06765904248014414,0.15668911062920263,0.15303058978872602,0.03376666551398156,0.11905130119726337,0.013824714114667996,68.31269940030484,14.898108795365582,172.79885316821967,25714.964796221997,0.12188534734219132,0.11205160710696588,0.06455723892060339,0.28647918527673155,0.0,0.18822103128514825,0.684683967131456
29.91977937354627,7.0,77.32833485149727,199839.542047702,0.22898865578007244,0.4970015766891124,0.5497452289648261,0.1831370686282673,1.0,0.8694501169450968,5.593746829585676,3.0981920204220237,12.475745841104724,3393.8954906267645,0.09187704062280357,0.3787877995086039,0.8165355765723354,0.07273102627748827,0.11380853658032497,0.047708064892064986,54.22865257245176,41.71005335174827,141.14317292587629,22841.882780093012,0.39172606710621455,0.5778360048856637,0.6556640117297811,0.5138563330381787,1.0,0.7506419963815467,0.8163821571506584
56.611726941869044,9.0,116.89894531890553,420962.9879827362,0.5090521719022224,0.2206511656738482,0.362823978226736,0.17116410242134664,0.0,0.11379318303617031,8.8580241665438,2.8895381412131735,36.36214902677769,8613.07793882924,0.026532594387880016,0.12468872541511847,0.4143202370434989,0.0189517330548643,0.03427065193612075,0.010625664754473711,93.511520971576,65.43902124874909,220.76140495803946,57833.34092019008,0.26479895051885205,0.09980424873937965,0.2807032885477505,0.227088396637823,0.0,0.1600132302073665,0.4778775795209837
90.22165244216808,7.0,245.29991733206958,969863.0131285244,0.2747257963197927,0.5714786941250217,0.8574841949298896,0.5518573453139193,0.0,0.26247432854264374,9.959436763975386,1.4985404237038606,49.55687500123706,9923.602422820446,0.0669114091158479,0.2934202984719595,0.8076543309259768,0.06044616390943632,0.03339891413330796,0.023220172189644964,163.84721865418064,32.1440759677916,456.23964812303626,90743.96065203004,0.3655828213616345,0.5012605898911419,0.726444673528404,0.6970955149662065,0.0,0.25168162405751704,0.35300843103001306
94.95248323110381,9.0,284.9464414516999,987500.7155513363,0.9254251513114422,0.8707566212242428,0.9311153344193983,0.8407637222193246,1.0,0.49473752224901846,8.838409197223708,4.564604462830145,39.94232275319473,7510.193325385115,0.035915637975153944,0.3896485233686551,0.6232339323169811,0.037058363354860464,0.09611919642944261,0.02555981059043424,193.58329395632194,95.65170731442653,495.1679103108084,97404.15457931529,0.9734825481146249,0.9171389826001448,0.9356926556074693,0.9240418836987301,1.0,0.556960203462868,0.10154713570644502
48.01361208891283,5.0,106.41276662452132,304620.8484296278,0.29535978113387307,0.44788309009706273,0.6882118742070793,0.17694833735265558,0.0,0.6775620970318788,4.541793011177171,4.210775560616165,13.559524164007188,3816.0641769131616,0.08718325997685358,0.3669083403225236,0.8751794405594518,0.03196442826653358,0.11317376249720143,0.04297736326856781,55.415246353388476,41.00052447854304,155.17702383594897,18686.01607576779,0.4126048329461387,0.575491210456383,0.7231962521877151,0.3382150721390855,0.0,0.6209738184454808,0.7378957168870276
82.20411461842517,10.0,195.27315885597602,571266.8936812796,0.3920569814581736,0.35637846312416127,0.27796642520243464,0.23594175312455767,0.0,0.0420012805074399,7.359394441530326,4.072233964953727,32.37802230653366,4732.168506528823,0.014682404294669785,0.09953937365757265,0.10021564050449883,0.026385618291815186,0.04104026358256125,0.005663941162328524,124.10975737460936,87.92211697732212,297.3912269409739,52310.77598038272,0.23600150339195386,0.36882835139443154,0.1635182774212281,0.45179464643163,0.0,0.15144550992614286,0.5486024840063943
52.59254740081829,8.0,113.93503130209845,292933.758371359,0.5763145281425722,0.8534085300280436,0.8485404224480064,0.5649912835733587,1.0,0.8855641896805793,3.519349889213136,1.859704179331206,11.708085007886456,1372.2193751049638,0.047390743078506964,0.46645574233756404,0.7678532792556867,0.08850500934053292,0.06716437953229423,0.038384358688912955,73.25360337254031,38.97155689793423,195.7295797524358,24507.72667350122,0.425979321222044,0.9144608740547937,0.9164474869231582,0.8886649786721013,0.0,0.880273352769833,0.2748878505260671
41.8997454633378,5.0,90.83257375730561,182535.9373000808,0.5646744614720555,0.37000698938488463,0.18927206803296823,0.16783776685416615,1.0,0.38256925074778003,3.8323549451884444,3.2689106381327235,12.607201244656684,1230.232999506945,0.01790591248663921,0.08706082297271583,0.1558882048080692,0.040037149015054146,0.04532992147002064,0.009326394546918786,57.99783148330518,39.76207403576257,153.72201303285382,12938.980073499086,0.3155065119576613,0.3629426950904642,0.23667596863196183,0.47868800004407686,1.0,0.3505833857653106,0.7273804015807467
81.4906021455797,5.0,195.6705371274737,659804.6318773114,0.8228298771010742,0.38759956984624216,0.5039018610640471,0.48130927856338385,1.0,0.23200276384182467,9.02537790724503,3.068651625065182,34.95053719070359,7119.3000250751265,0.01940054120240279,0.011466922263209639,0.11859911492209863,0.019190434789919105,0.12947645124007648,0.0060874834578166495,144.3063716761975,49.518934607570216,343.97963277116037,78025.72287955739,0.5335007387269213,0.23239073988717718,0.41526795035291086,0.668783662917203,1.0,0.2009645476364917,0.39670944015107945
20.71853269000954,6.0,60.45980623186919,84749.73964149291,0.4246422581725616,0.43221353923845895,0.2953748459768428,0.06638684292349019,0.0,0.5506375508495079,0.29082608450863123,0.20027373034680274,1.8163280262411643,287.5924519589076,0.05316702150169185,0.26370910846537515,0.6037285826850007,0.043726971385965686,0.05427435148371144,0.023248218103448508,43.58379879158447,34.44698049351238,116.01192569616822,11736.728428398901,0.40870485413760765,0.41879540167623847,0.4568906384865172,0.300642101600176,1.0,0.5221859053004771,0.7825133401696522
71.56469349987418,10.0,167.52046427770847,567127.7016064622,0.26885253327692726,0.5482772120359286,0.5588172756137095,0.3496507252214332,1.0,0.34426795951126166,4.434495099099156,3.4185436479415765,15.342156574634892,2229.44845476309,0.02188675498923598,0.25906468572807484,0.4519373837418414,0.05700495390093752,0.03283758428197202,0.018197123319302705,123.10775617056233,97.98657683441938,303.63875785760257,63538.429230780144,0.3054648612717914,0.7911002837296022,0.6722231220443365,0.8529208403541828,1.0,0.5044490716796061,0.1694701108120638
57.584578656731914,2.0,113.41433594751385,361506.88243994216,0.4034941820785032,0.10667515698473862,0.3373389847934519,0.12325306146290092,0.0,0.11491071830444832,7.028178884008202,3.991107320570584,16.252125788340233,5635.462787592282,0.04963006182746942,0.0749019634150268,0.4954579726012665,0.019612913020657718,0.09282030242384053,0.011974986222809106,69.87157985857067,28.336028123419734,171.9918226260532,26336.09387146272,0.18090185375600493,0.10086748137981272,0.177327422797812,0.11427635248306461,0.0,0.15849556708203605,0.6610774557110866
50.96808953035975,2.0,107.1243643256028,333402.7780548519,0.15190387273242606,0.15321197044186452,0.2899842695670525,0.09015409034082206,0.0,0.3047465319782058,6.387546827865753,0.6345223900720725,17.037506273074488,5498.44085764495,0.05251444407542642,0.24279953020523337,0.5848442826353942,0.031095573958235992,0.025341442729437988,0.028227132029558056,61.74629340601726,13.949189846602675,157.73157615788728,29892.69249390067,0.10783738367871223,0.05016063239552976,0.12281572981764383,0.11055745331044264,0.0,0.1572598383075677,0.8254964953272221
68.12772103827949,10.0,150.50504608979983,468692.672389728,0.5269748818237813,0.16747515379599753,0.3523989709924367,0.25132471866341916,0.0,0.02022855695523801,6.014564014006425,4.574417444071701,20.509303652357936,4749.773005233888,0.03134646830801628,0.04092395251329914,0.2315094396696214,0.03072877633730065,0.03155274553216837,0.005769868374811511,94.69361188322466,95.40414655572113,244.57675980940064,45493.57127238168,0.32951180157467436,0.13010372782082003,0.2665543158821885,0.4186109291415826,0.0,0.12367443874465685,0.5808454811537618
95.67891751576389,5.0,273.2841982815481,822899.5951367072,0.8501503266373223,0.8984938569653254,0.9573689447367875,0.8761210306090721,1.0,0.3502716799444187,7.657661302680232,2.2248523502847246,23.57776235497944,5572.309423200739,0.0174760973486364,0.38755174150857374,0.9316720360717825,0.09147588715042602,0.10836123035711173,0.03224236007799695,176.2528093082653,31.70725922166147,447.25356708745534,85373.34330071161,0.3541685561477321,0.8475592228787625,0.9442358664913935,0.9742826670889522,1.0,0.5608632470573953,0.028623835856917634
63.969005188133934,9.0,136.15617122933068,454148.91300874046,0.03608582142523048,0.1410165024964356,0.38249227086851995,0.10600784484884064,0.0,0.0724921538312841,3.0444477570392783,2.214513923827797,12.731063140431235,2847.870536402089,0.01980254276142445,0.10762428884946737,0.3779875459512197,0.020540947373026912,0.06882871157718265,0.007555477097991309,79.89042071584367,44.88383223695907,203.1948321059763,33140.12385166262,0.15253005797332414,0.19828407022760597,0.4409264173764435,0.25865349246799857,0.0,0.2190547630403181,0.5807124023346502
53.12931016366952,10.0,118.43217774204179,330348.8291381802,0.9754683008482669,0.9539292404996594,0.8740063571322534,0.5058993126198675,1.0,0.9981277027244156,5.786111283958074,4.887118829715915,20.44221771630195,2806.593904515536,0.08009092229361395,0.4894785938079611,0.9694921434109858,0.08446220638475203,0.19019694022456496,0.04964623254945977,80.08600609538583,74.37742738544891,211.06967296446393,37167.513259385196,0.8448762515718808,0.9661457094251539,0.9639222408774961,0.8514109175226691,1.0,0.980589317004756,0.25301136116375933
44.84402442916046,3.0,92.64675996105568,230908.26865676336,0.23187825496825426,0.0542371985665418,0.020444913717644286,0.05258473853188619,0.0,0.0425296232628527,2.2408716130371973,0.2944198414976542,3.2704953173754454,1534.4262941920053,0.010219228853072202,0.00019554752387182517,0.008421290821472527,0.010192945348799816,0.033417469039576125,0.005181186274745126,60.10202813403539,21.481534352938358,145.54473255564534,20874.383243353728,0.13877562563669785,0.05319775745127736,0.03761447317253186,0.16706894043386927,0.0,0.1446827702455594,0.6077165354453079
43.76398281513001,1.0,96.34068903124383,240343.3762687018,0.8705990994386519,0.4328921755393242,0.425534774164997,0.20192229219270003,0.0,0.3560932322533501,4.199371547205628,3.437846639979006,15.407281041974205,1755.8780405051948,0.07871639266515204,0.2544280877134019,0.39045366615657795,0.05673587313364363,0.07030815266896263,0.02308382794167995,48.60471126837387,17.8543989506248,137.48440049090948,11220.25462159447,0.3842396327476247,0.3087675146854388,0.33115622336459605,0.3797337939665031,0.0,0.22312256261238717,0.8963656501091191
71.88320205148065,4.0,162.10791544242267,449397.67936975474,0.7459787251874714,0.424644486116091,0.5129340695175315,0.4658761379061614,1.0,0.08907021878430993,7.853485416408384,3.6693696266902016,19.08889972044438,3023.973380958237,0.031011005343259096,0.19726313151285027,0.3838054937894823,0.043349779615194706,0.05439531594389791,0.024918527491319127,126.84119930842154,32.792225251249185,275.5593925486671,50358.72417441861,0.3935819231782904,0.4399509971590539,0.4500462601379195,0.5977217645892924,1.0,0.30666229875071005,0.26409218714583416
36.68154098505716,0.0,85.21374344859841,142751.59993563144,0.31381328280233695,0.3885431965700509,0.1424047564915359,0.04620269593955754,1.0,0.23938229911675668,1.1705821994289929,1.865717867585086,7.333438234994754,832.5391517738408,0.045747437709015834,0.14710994668956032,0.24693760941367798,0.02477641658267899,0.08297234119338458,0.0064361739821759325,38.944523086801865,15.096794914606301,122.15894576257637,4010.853836870791,0.1833774954288168,0.2381946377210653,0.19987084875256655,0.2320158961243991,0.0,0.12440174028959418,0.7318189085450851
11.073731200892404,8.0,47.35967684825424,19314.10801969574,0.8607743717183008,0.6296616156340096,0.30180874122945994,0.1469386188941384,1.0,0.8807092062789037,3.7558675574599416,3.0747551765536127,8.293286330072194,1085.893169955606,0.08421315217046482,0.38792996895502285,0.43709374014279634,0.07103764310710682,0.15223429809060363,0.042916653468083626,33.975275649545864,54.192416771924776,80.48010164595169,2624.5210992265906,0.6923335896698632,0.6582285870662044,0.2817546536418634,0.42077888781196426,1.0,0.6990029532162637,0.452974846295858
92.3368596153268,6.0,238.3398925130312,984475.0802879323,0.7345347044545707,0.33528024276718665,0.6420409042089268,0.6319584617322959,0.0,0.2280835767910827,7.7033495398855,2.781014250043574,20.58980277962649,5472.766640929329,0.01901685751138703,0.1332030412786424,0.5673061388094212,0.06925661638521967,0.07704227917507002,0.013213218832823068,163.7668135369083,34.4374786833957,363.0555849062553,88653.8507953937,0.3967145829645913,0.11599881859963368,0.3061159786167881,0.6943718474242988,0.0,0.15447932139796614,0.5432333140699315
4.296935440911625,6.0,32.32279911385209,23907.13296057421,0.28378522942383944,0.04711525109418113,0.015097802489192014,0.007584743209634242,0.0,0.28055571752347797,2.3738550770936206,1.3977219962901342,6.745688692200824,1497.9878074280455,0.02239723522161518,0.019050474655056104,0.18634039233241234,0.020748299623662172,0.05387468179812832,0.00901533092921086,22.896950076913566,33.6570685381883,57.94489504097009,2463.5481099999033,0.20708248742715102,0.0105391177983023,0.04980169869301959,0.05329668237605134,0.0,0.1787199842300977,0.9489282971354023
96.19770236468054,2.0,254.97318655547832,791434.7875067753,0.548168101997506,0.2554903606438994,0.4410861821334959,0.29215674115868745,0.0,0.018025360915569666,3.608722779756028,1.5525170182426096,12.19438329740577,2578.9163502169417,0.011526470851018128,0.08254105041886173,0.31222647833380446,0.02345056246594439,0.025015878921871668,0.007782889781633752,142.6231682577936,30.823326811146078,365.61908424826004,65427.62922964764,0.27565116821011626,0.5137138139100954,0.7030575139375326,0.7406827866631462,0.0,0.17001283683420726,0.26225870607690277
96.86034534074318,8.0,287.8890432321306,992145.6903123993,0.9117808617074076,0.8640977591562085,0.9931026941912102,0.8636977988777959,1.0,0.4798222771356756,9.993152325989783,4.948572513710138,49.857577164655986,9786.129049422785,0.09816145629832447,0.38148983246063856,0.9111265571529678,0.06758940111331045,0.11297342706409348,0.033276782466358665,177.30804198086398,70.14694818649885,485.19749847898265,91786.69953997612,0.6639620199558521,0.7694302574369356,0.884128117743071,0.8142639743327449,1.0,0.5572235117659889,0.05209834456190754
68.362886682062,2.0,156.88889170867105,580582.8892990169,0.45452958134579463,0.5260153546745067,0.7836527316131162,0.5023344441239178,0.0,0.40776827984521563,9.28928803859532,4.4837526880831176,42.92095751667013,8561.105791010796,0.07173993352835446,0.3599605399328521,0.8947078017979597,0.06542545016389748,0.14777127911314575,0.028413987556332038,99.94346147023653,20.581176804823315,263.1094571731253,60608.96284064231,0.27184222073894115,0.39165347434471864,0.6294358076272317,0.6394888751400302,0.0,0.2371405010479079,0.7809104157198261
6.947094334735731,4.0,43.16656204566237,29219.254346810176,0.8277325724992652,0.5121285526061471,0.4149903554521186,0.07736571308895084,1.0,0.8086244641910147,0.29830669045966296,3.703032131915559,1.6138555519763398,129.1322936101242,0.09606339744859974,0.33322251647241974,0.8319351786741425,0.06897293425392338,0.13162239694170585,0.024748468259625976,20.353486475689056,22.249930606019813,53.20072880325366,1496.8116113018389,0.4195057230447721,0.13763742764892628,0.34997781426588637,0.17546011479429185,0.0,0.2647258521447474,0.8181797353216121
51.55709768512793,5.0,108.00222982425218,286246.35521394346,0.3139893754416738,0.39853272788050925,0.49837111735219186,0.22513289796886457,1.0,0.4888237199162988,1.9709238269436007,0.5620426961838558,3.5473689258178487,870.9341095978392,0.04206557450232402,0.2097868615991917,0.6609003519608023,0.029585085168368594,0.11624464779975217,0.0224363901499657,63.006068623041784,22.590010545161373,160.21290741410303,18917.76212158928,0.1808198318951251,0.3893194559919932,0.5055284769517587,0.369167024900113,1.0,0.33846419960193713,0.7205451525139189
74.19561755787427,8.0,182.8608577954838,489565.4763998702,0.513472049293693,0.5307634408630568,0.654014596480446,0.436557411591468,0.0,0.2711834677561978,5.908055688573511,4.488673988199151,13.10832396178514,3551.7006783806964,0.01691549181613048,0.27824306479707783,0.5597096293262217,0.06041733384416096,0.10024124846297701,0.022339743878363943,116.41007270575756,82.80339793289879,258.1794030438108,48680.694239519726,0.2856292014420176,0.5073522459653542,0.6593889176059561,0.7646258711418805,1.0,0.4328620877496933,0.3929026914333456
26.696412443192905,7.0,70.53583495720214,119873.76060176436,0.279554501817872,0.10755927979945157,0.14253263906766622,0.02118263468691621,0.0,0.09728922612075108,0.8888013345813786,1.2538303496174876,2.4592887510319468,927.7244311759653,0.05550067431046629,0.19778741191118135,0.5483691523712867,0.015570514947858065,0.09041747519494614,0.01417354944638577,36.13440679634612,35.891669563229364,80.3317428939164,4934.160936904172,0.24027871479418314,0.2363718900196607,0.30134618385881506,0.08414269818805015,0.0,0.161477782128651,0.9685504035150202
49.24082403990015,7.0,102.10882077884729,229950.57521404355,0.6196226720288988,0.3922971570664088,0.49902540938375795,0.24969044289050868,0.0,0.1797165425119736,1.2341846345208092,0.6481806599512088,3.261964836290606,510.2403012863506,0.05280263078278471,0.058266239369519884,0.5510351516574212,0.02691867329746396,0.03366799492762573,0.009771054717939888,72.265364754501,53.0858518240496,188.121358459551,20050.15857029739,0.6536657786445634,0.4234559861916816,0.6555423315787204,0.6858492584242089,0.0,0.3434046413350363,0.6387492360539139
18.676722881164675,0.0,57.443701430846616,109613.9478243294,0.6895571262450308,0.28170311678990545,0.20691893958326374,0.12290312930880147,1.0,0.609288421341362,1.4142028075565714,2.5366502243112437,5.881801176891844,1359.9858275397357,0.08007846666739177,0.14417703559854048,0.13586092763418628,0.01766460895569991,0.09592066985730335,0.009457918360330761,36.26638476824469,15.288785350469023,102.24490385388818,9297.7883047867,0.5936192756823107,0.17286738597101725,0.09287357061417689,0.30024234380295983,1.0,0.18942204185624195,0.9251658598249226
33.32020557965935,3.0,73.24891138559323,197052.11485644954,0.45298590253049453,0.1170800962498596,0.15381548404369988,0.03922348517422733,1.0,0.39971435114959836,6.656890612608914,0.8107865319072833,14.487982021513568,3758.08534700529,0.06828501920016779,0.1742604700950578,0.42805118117584623,0.02522267656911961,0.08416729212389175,0.012256616068185363,52.15331577450206,18.810529189831154,124.72080184362629,17606.93908822941,0.44455300121797625,0.20348806481296333,0.2635919345787806,0.18073191041805736,0.0,0.22209051319090015,0.5344615472815606
8.73110118513791,1.0,36.45666310607092,55633.150342526365,0.6332435244416854,0.15572915948441396,0.023618115716673937,0.02001688455650469,1.0,0.7886830360700519,3.1007239255926065,2.4305559878156804,9.211630584307482,976.2109558592803,0.06270383503388052,0.2481099887863011,0.3258242542477491,0.021241050904663755,0.13777788878410138,0.035361727143894135,34.716427231473006,15.585871726259741,84.41345508241058,6296.290727040221,0.3517861611635014,0.22078556159819684,0.04148120178171966,0.036307867988836284,1.0,0.45511629120171043,0.7771010166524533
65.23081852441705,9.0,149.16683301408682,504477.0917105626,0.1537880983428651,0.5307815265679868,0.4683441141872178,0.19361705000106075,1.0,0.29797118983785564,6.24304228135912,3.135352022339972,18.37823792068981,5476.958894168486,0.03831104462160805,0.26131357305731473,0.5296506723039424,0.034851409105084406,0.032218150102358074,0.011936735451451583,107.16162058077401,88.07058143061433,257.6025176340182,57701.058805721485,0.2759369340102077,0.48472526710568886,0.4852568570772194,0.5343241930676376,0.0,0.22911867310494316,0.4744225860834258
14.810651908220741,7.0,55.35248373373678,103365.8983652502,0.30810372456659996,0.4444828908365508,0.42858548554504544,0.13160060731578616,1.0,0.7267563499289155,5.224697409524587,4.9681668110374275,22.15287496510432,3175.704624640272,0.0826075426071696,0.4086406995574866,0.8126954207878274,0.055291316022772125,0.1913590880017363,0.04327840398435349,26.719255157238216,44.316614964667316,87.70634989288354,6731.8661644020585,0.14093610555332034,0.3661254091902615,0.19854003532566022,0.15348325231048632,0.0,0.29424609248180267,0.8953009508035144
61.36303763415279,9.0,135.56456879937977,357567.58492202766,0.14729522968070213,0.5268928740122962,0.632578216827546,0.20020475987193978,0.0,0.18566233534915869,6.5748811302575945,1.389024184980531,29.33741505208558,5001.889551809252,0.026427944010134093,0.30081888283343966,0.7474520550568475,0.048006637522314204,0.06320987650469846,0.012645509831083767,87.04038815690649,59.56042079532268,248.23855059518073,32056.040570248868,0.3578890017762907,0.8191933377455163,0.8348807044427726,0.6260401008037147,1.0,0.48516239757162766,0.1847281821661928
26.092240665892792,7.0,71.3288027749916,111064.40029102842,0.872300204844574,0.4703382338180306,0.16910714724089093,0.08022620244596158,1.0,0.7699702539057247,6.1065492078090635,3.9758935593815776,19.407593963665065,2647.4127281166725,0.09297731063426184,0.1606125927194743,0.1992960185680303,0.031903954268542534,0.15463768114862228,0.02910928848903719,37.470522194555635,37.849883086403985,102.75648346712867,4490.429148676242,0.5084487190447775,0.3416341150668051,0.1622023120856289,0.17518955442477524,1.0,0.41900341144456715,0.5402847127136786
24.29309700685167,2.0,66.40412257550669,129188.83399889554,0.9053319634351695,0.6021663928449079,0.44932508568767815,0.15420745582484854,0.0,0.9145746643431747,5.769586126590386,4.366094719619197,14.859273051975784,2608.309302725104,0.04046676920764339,0.2831404751481819,0.6927321514422594,0.04238348813072195,0.16491017681872636,0.03786461650514313,46.861876761446624,33.30671421627091,124.62457836398775,11471.983993469019,0.7225358034763366,0.44243999552039776,0.4277502748844756,0.4052706366509783,1.0,0.67244141626867,0.48964321012915335
24.622399487867103,1.0,67.94958451060059,121497.55664672324,0.30650492206875957,0.23734867092618941,0.27410109408674493,0.05251288417968256,1.0,0.5797511723628922,3.269384085970334,2.739681025384202,10.568901333327213,1369.55279341052,0.07075957939119375,0.2953070801424395,0.487484554987741,0.020655728400811157,0.1929265261075197,0.020843662229587435,42.57821873136117,23.51083567503867,121.35316783238211,9285.543470720319,0.28363846381997443,0.31962283959962046,0.43654536407361955,0.2475375051037102,1.0,0.35236021471047246,0.683595481001055
36.2286379306757,6.0,83.59806472210303,230489.22110959268,0.34651667827408117,0.3206719814318031,0.19674154434704524,0.12766197143308852,0.0,0.5888998850143584,7.78543352124636,4.987939165692316,30.861985356996268,4040.6013828039713,0.05514604931341593,0.1285344714934884,0.22208156479484492,0.048635921029234905,0.07556156627464185,0.015572960534547308,64.27639718119478,63.44307252879821,179.89686242246435,31956.66525553109,0.306901308109441,0.11459229379143804,0.11073293175858478,0.3170592972866242,0.0,0.2788284041325431,0.8019715475930171
90.27729032272538,5.0,236.78776615896265,855411.8221539343,0.8090513028292542,0.6057916329742525,0.6264019124094242,0.6444231511695336,1.0,0.2825199558603648,9.942164729965697,3.5380358406472245,44.87417789056219,9275.07828727672,0.0686315789445224,0.12706126849166055,0.2705084688860088,0.03552911761676337,0.17779769676742513,0.013968615492472393,174.58598199989171,32.21849180816809,423.2754993010455,89317.05330650449,0.4095057486453662,0.2817452234737148,0.2487580888083913,0.6029457436046556,1.0,0.1720614269673057,0.16385169872330285
33.83406924176086,2.0,77.2909892480189,207355.2864893074,0.1839568827539143,0.07591950511323764,0.14393648119922137,0.03553836813576033,0.0,0.15767191399417357,2.974361155855378,3.9387958883321668,10.412956800817454,3016.3112732097507,0.06361437809749518,0.07966343720736588,0.25887480702801224,0.01585341555696768,0.14070352284287604,0.00869178333212762,36.008637522662625,23.411884106781883,90.47076774548202,7192.027425615403,0.2271461153365869,0.057150011218954244,0.1276621704640456,0.07214379630888385,0.0,0.16988417833826736,0.913844545466696
58.729449356548116,7.0,118.81004486533341,309048.77313987777,0.04714589746877723,0.08669284293107016,0.1898338441937032,0.06381654018791924,0.0,0.04905145958949486,4.746073383661089,4.0594294479479895,10.862490468276256,3064.236407174175,0.01561031669418026,0.2270790296095658,0.5343380615361087,0.04614312783954227,0.10630198772999871,0.01335257152032838,73.01029112420852,59.77097455032008,181.18146562914043,24891.283720453877,0.11324764387257318,0.11337438827426838,0.114100717631407,0.1945809436862148,0.0,0.1125935647625297,0.581973012606279
51.25363020648349,6.0,112.42542221383269,331856.6658111601,0.39722431077336184,0.7867735302728633,0.6257353703275501,0.19683362265403367,1.0,0.8202387816026545,5.864468823350407,2.423186888393161,19.361699397191273,3871.3787665430373,0.06764405294437195,0.4792941804229522,0.918238425364637,0.054283184053787605,0.1950775423886443,0.04671651790700292,56.877016765351954,25.4200700785182,157.56575461667265,21367.342163906796,0.13450031692263806,0.5745367039549591,0.34860506235556576,0.2470541386876961,1.0,0.43778446487787037,0.6302846297606013
10.459766319228422,6.0,44.92873267912751,42306.16419587134,0.7289022595799126,0.45464464085634515,0.1695496208731471,0.11795776692408584,1.0,0.8115376093857276,3.417171190963786,2.255605516170423,7.593145727588049,862.3011561724514,0.06206505656877048,0.16959482487151686,0.3429242390137074,0.044082802368338746,0.05166470781322835,0.03168042537485161,48.16994668835457,51.40983252930204,126.13625457834326,10860.857300960597,0.9280541864102212,0.6612454229567312,0.3312550860215625,0.5213179794278332,1.0,0.8018525060042977,0.44155187371523824
75.47188393773283,9.0,194.68616499114964,586864.3060406824,0.7042220430390372,0.9736836313340685,0.8675497390341939,0.6585764835610491,1.0,0.8073843792446728,5.893720223904443,0.893572045853037,20.349227637737993,5562.508812966033,0.016885178192291326,0.4539556348462484,0.7144279468224728,0.05894102817784287,0.058198233515389185,0.02322528890637885,131.43105374443783,86.71308803659053,345.2239788633784,66387.74005481967,0.7246999053287281,0.9986728875339164,0.9724029666572669,0.9438671937760543,1.0,0.9647598524482625,0.027165705740115897
54.46934638016828,6.0,112.4680656722203,375710.3448648992,0.34750916551456146,0.5974568234463007,0.6008165651206322,0.23447418379218152,0.0,0.5476406235162248,6.520210669231574,2.333323862290826,25.413691949959986,3835.9432934920023,0.06003389682141945,0.333789927081891,0.5693235901103534,0.05189608256299129,0.08791194040003159,0.023289375875088482,72.98527585084808,39.191970708786855,197.01336873205062,32188.11874448277,0.39756459828245505,0.5831940389666816,0.47519028799553026,0.4941354701740465,0.0,0.31966169110480186,0.5998192435637343
21.33040707617404,8.0,57.68774804673188,92246.32398337264,0.5628570282942686,0.09261879162434034,0.21224093838619523,0.09463862027063746,0.0,0.21456985398236106,4.770525539482721,3.5331761533630637,12.880449284897228,1685.5362089605876,0.03617961218467465,0.07539910513567888,0.2594215602997283,0.04213344461907613,0.04250014384824316,0.006903263578835819,45.73077780929763,47.17259567614922,115.37917664867696,9848.662314515366,0.3665231571456177,0.2574739287285781,0.3485742832008001,0.3812654638976275,0.0,0.2053958400162741,0.7039468010409999
49.159741529675806,2.0,108.73729471229079,289840.0611086641,0.7738741465652299,0.891903973078403,0.9271030089329084,0.5960032988581497,1.0,0.9315866806365978,8.150013159362235,1.5474318351537746,35.00011706799099,5337.4161128768565,0.039498090453590914,0.4433549455432259,0.9453979435698927,0.06485603229972785,0.1078398596067049,0.042006448905777406,93.0458547839242,30.538386982619013,256.1283081181144,43560.66130255473,0.920507115240055,0.9839776790820641,0.9956569094463332,0.8994742403535241,1.0,0.9842090239522305,0.3950210694056635
47.81640610503228,8.0,99.0114214850018,285838.94983592787,0.13483432804747825,0.10864649704684443,0.3537404461331779,0.17008416103944088,0.0,0.2483681324325889,3.3608578663546966,1.9053362303893762,5.586784189200151,2226.0906629644046,0.011758971604619426,0.021841959794414695,0.42013428019977334,0.02552997463405659,0.02239602062838004,0.009031358195697824,73.89872247325225,67.92116603767089,188.43579851520593,30944.703491129305,0.33864355568497356,0.16098055423887048,0.5174161977799294,0.5739571001707274,0.0,0.3201614400352061,0.6441878600980421
24.008735347263617,0.0,62.615517524555734,86885.1992428385,0.13818768658775865,0.30036075085885916,0.07902937740349936,0.019782512259404486,1.0,0.3517853282608714,2.14957189942734,1.0010038453870385,8.872280956154679,669.2624958926142,0.014019963223323521,0.32241453714928436,0.6148152064971825,0.0316713219451634,0.11844989139845723,0.02700643578249378,37.90351495577656,15.45021924389531,106.68153706772225,3942.5717564771535,0.10626871403591504,0.3951567340381912,0.26524525436622126,0.15555288480212298,1.0,0.3180889871595046,0.9283321134917706
38.71808134824748,2.0,87.57074631218715,255501.15405592666,0.4656007464240743,0.3611723666059667,0.40634171228964083,0.11516233530040211,0.0,0.43971058069852914,2.829990209031971,2.2453875004203248,9.242634465821729,1698.634461675658,0.07177779978643505,0.24853091389424256,0.6659964575813127,0.04951711509019573,0.03343967555108866,0.01877922302076595,54.543408497096515,30.716417059800904,152.5493268289206,21504.371256321512,0.40711686888444204,0.47919427826927763,0.4287366165039997,0.3640605626275521,0.0,0.40342221698944153,0.6458393405347737
83.63725981731639,3.0,211.48831598748427,611302.1972704637,0.8411578437267726,0.5616446976307121,0.6285293442956223,0.48085414755712164,1.0,0.08764708060885162,5.874174161212001,0.5456118499825044,16.657372584242108,3262.9597670543635,0.03762985615462629,0.13381490652119382,0.5084361048759392,0.052124005566254177,0.05691651554867104,0.007035918955678355,136.0206622636267,25.428030259558806,332.8796895949611,63729.43044671606,0.5353036753833722,0.37471529737570625,0.5078921439947494,0.7754405646127527,1.0,0.14101365743743102,0.3823262321341134
19.286761865641388,3.0,57.36616833517148,91215.59735620889,0.7080404085871317,0.41455255078739167,0.14640690582011817,0.0789179505426198,0.0,0.7723689393546458,4.180467486295754,1.7097142728543993,8.525240930919098,1249.8928294502055,0.08361671143161524,0.28908927238114357,0.5360051169948769,0.06143184247930544,0.06015452213918465,0.04184400318580364,49.01024832368913,28.051005363092898,118.70217860676416,15588.892331542718,0.649094214813241,0.416310648602276,0.21948470034330708,0.3403519487300188,0.0,0.5075020781412565,0.8744842431793506
92.19253952311152,2.0,260.5021226625127,941488.0303852314,0.3653495819587529,0.7715675671508334,0.8040389393541973,0.7424591808900461,0.0,0.37956801591564315,9.845380725105407,1.4916708838256783,47.682117420642115,8739.176738085456,0.07135703964266499,0.47420439559095207,0.7019745739404883,0.06957905264429964,0.05490434592355384,0.04707077112491285,142.27245517232063,12.177576605129206,376.12787593889493,80712.05072323335,0.14813164244253635,0.4073261411456888,0.4761104830760904,0.5733937165289951,0.0,0.22975820191893198,0.2651268596518955
85.1611254305164,3.0,236.01149799204197,683510.3215104573,0.8054460578600056,0.779824476689937,0.689876257315821,0.582965748054167,0.0,0.5613760536605485,8.334771175738583,0.308770824968398,33.892139599656076,6581.148876353732,0.042904088470719616,0.3445057967807219,0.6648186484491092,0.09205913148981573,0.025304624691751095,0.026517448422502605,152.3218887125721,19.343539669947482,399.8545414428696,77080.39045733988,0.5816799855898542,0.5788290693907221,0.5182519866584212,0.8751806005449507,0.0,0.4527646260413367,0.20172815103283154
87.63553194270678,7.0,223.34096381040163,845524.4011579019,0.21045071551249145,0.47946041325489747,0.718767344618824,0.47895031340915084,0.0,0.07632838055292734,8.244836048492775,0.4548665197289168,23.709150854025864,7985.285282028183,0.011546430111524703,0.16779549699917634,0.44234713780172147,0.014085996791034535,0.023926093568877035,0.017165573166930414,191.9481377630154,58.40011853830239,457.15209018128616,96714.23107169416,0.4064357546371433,0.7687401187648926,0.8698607773677882,0.8355846929721045,0.0,0.40533083807783815,0.3396788893466632
56.89950092507531,4.0,114.12138971594324,372015.61194545595,0.24835901913040737,0.20737384460457245,0.40028180841123184,0.12134710137368661,0.0,0.2949843439245677,7.99660621674942,3.5665288656552874,32.2466394855281,5136.639106158433,0.025478945210863198,0.22212577765746117,0.8288068613939943,0.05888576117825322,0.07130827502045542,0.035348323492700444,80.00529398160062,38.571445705242276,201.709114215071,34247.72009483511,0.1617589759662084,0.15539980354751376,0.47021618001199106,0.31344554430762817,0.0,0.23750202706764542,0.39797697736644855
22.965348844606893,3.0,61.2337214948244,130049.53836607118,0.15227802457553075,0.1476397017111319,0.11803079515850096,0.06123509972109197,0.0,0.4049089997505664,6.227280506817341,2.105709219977946,14.142200791171375,2728.187604278826,0.04618435991550332,0.2164411863009297,0.4355074529753732,0.05673127512916565,0.10064869247169275,0.031835743165256614,39.85701191638224,16.488530011065397,91.02561616631719,9787.464485137876,0.11514136955845722,0.09957687262846793,0.11020899807517731,0.23548202761596249,0.0,0.22206869452819072,0.7898539829855664
25.246114444367738,1.0,69.40469089465702,178269.29194108892,0.15999385726336612,0.2774603170807062,0.4116555502242012,0.1318428641256814,1.0,0.6675116121745006,2.326012116960694,2.620604441559497,6.572198750969341,1935.9184413171986,0.0712249024068184,0.3737717738720261,0.8600684581688502,0.05847085575030232,0.18574496216895142,0.04568427286599033,27.719322322655565,12.470619605663396,75.45454527640446,6626.335461873324,0.15094435912142723,0.07725924245731741,0.08649250842714007,0.18302749124434803,0.0,0.23168661005264213,0.990122317377377
59.33574592842533,9.0,130.17314755323034,339642.27942323225,0.3499493261817872,0.8392541980964069,0.7642945325709787,0.44943149011265565,1.0,0.798453351244811,6.4384669096885245,2.93650558782095,17.01707490037721,3706.119780592689,0.060395405640959264,0.36681191280545866,0.46024968247641335,0.05278379415761576,0.14160782622941623,0.03067291373366373,94.67894718107195,86.23644351015328,249.59075681926413,38549.35904512743,0.493089615164138,0.8972628547947015,0.7944998603952254,0.7473696658108286,1.0,0.8391467975807433,0.13684557237388884
19.34000596308469,1.0,58.09239321010062,79801.46784016663,0.5330561106010053,0.4017942539208107,0.3923735778377651,0.11312031345849945,1.0,0.7908749331615007,2.635952438866454,3.3160074127677257,6.049525830584559,1376.6794699504003,0.08660881210317987,0.18982704155638327,0.42090859436575356,0.027914417975060023,0.18188672614922588,0.019626258500871976,29.38207537397314,24.080166932009146,72.34227889179171,3763.5728631067323,0.41302395000765824,0.2538919306256644,0.25649104177045523,0.2648685340145065,1.0,0.27854174041030294,0.9573823632770011
66.43891873738289,4.0,158.75301441591284,526694.8032831982,0.9160968612477478,0.795199069752826,0.8287590848241551,0.5295676221631099,1.0,0.5945313148260796,7.788084552142755,3.591849401144514,31.65314898322269,5907.243607369254,0.06556581036947613,0.41828758689510503,0.7788784368242128,0.06307480474177893,0.05759355426699098,0.025339514309929305,111.62426876004831,38.542822194973894,291.68294598950325,59398.86726800325,0.7433483219922377,0.8393887592177098,0.7787970986496591,0.794568729206955,0.0,0.6278828663976067,0.303600164042344
82.2127361111625,4.0,197.2034173021976,734963.2425069261,0.5868620979626687,0.2819311061664288,0.42686677345683155,0.27338203274415307,1.0,0.030064655469639046,8.805196005951348,1.9961313089008672,30.466728452552548,7509.317969111287,0.038116469226262516,0.09412065349709611,0.22228415150602282,0.026150662090098864,0.1294625534396598,0.00905558639933724,157.5014088161546,38.741662720930165,353.7234812554589,89791.82753465834,0.40790618962775255,0.12024017619889915,0.16939500178208294,0.404365340905653,1.0,0.11966036770134768,0.36555933396923057
66.49168110386665,7.0,148.88541652583956,437434.82217270863,0.26906704168317197,0.5318343748149279,0.3575019769134264,0.16723514771746698,1.0,0.242660517060325,7.196597162222768,1.3841818531510492,27.75658434099328,5025.528778187516,0.010572547154896264,0.13458212785352283,0.41885342782906176,0.0281096542918993,0.056307308211192966,0.01045193227951523,118.93117216880002,58.17401334521374,288.7721431461263,57415.97429957592,0.3006764533251136,0.6487772546269344,0.48732453527183284,0.6166554418460567,1.0,0.3305695946676711,0.5387242332698955
13.161789327600928,1.0,50.62588120132457,42246.823901642994,0.8044491350883134,0.6040671464532784,0.4214241317777433,0.11514743755435872,1.0,0.8982557565446287,1.2978268937000719,1.071745555109291,3.0793836460486617,436.68049200176074,0.06801762450379836,0.212314204095151,0.7142998808395975,0.05143815161027341,0.13210157028026623,0.028524023061675032,40.02571907681029,20.71150444296783,107.72457476237538,8607.555212339375,0.7064049938965591,0.3706963367637152,0.3815447395085544,0.4259958285031747,1.0,0.39688251704675526,0.6742207732965946
60.04633024286081,4.0,125.2784968768267,445935.2399865223,0.1622565482428514,0.3915011509461136,0.6189283267165381,0.2803153004684719,1.0,0.21067511596058713,8.366968861714627,4.254360561106402,34.00323748563126,5709.790899081335,0.06687425810518755,0.2837341877509909,0.8240192760073883,0.08681782489477355,0.1759550144607988,0.025985610465061013,82.49040734658278,29.62173484788379,208.25602857211842,41413.21242376349,0.14238146974755075,0.11259710525232636,0.29528735326752964,0.4639762737213177,0.0,0.15046319325554644,0.5297214917491351
