average_flight_cost,average_hotel_rating,average_trip_duration_days,average_daily_expense,tourist_satisfaction_level,average_transport_rating,average_safety_rating,average_cultural_attraction_rating,proportion_of_return_visitors,local_population_friendliness,number_of_flights_per_day,number_of_hotels,number_of_tourist_attractions,local_population_size_thousands,weather_variability,transport_variability,safety_variability,cultural_attraction_variability,seasonal_visitor_variation,economic_stability,peak_season_flight_cost,peak_season_hotel_rating,peak_season_trip_duration_days,peak_season_daily_expense,peak_season_satisfaction_level,off_season_flight_cost,off_season_hotel_rating,off_season_trip_duration_days,off_season_daily_expense,off_season_satisfaction_level,travel_insurance_purchased
909.4584567693298,20.59722344271093,111.69224657329282,245.7921451425963,0.5880565525015622,2.414878982129333,1.6785013620426685,1.6096750293620394,0.29101793457259545,0.604733635108009,18.387619172262802,50.418919683489364,11.058049625320821,103.88062242467099,0.9613488522264129,1.9713051241154043,3.494378748034193,4.428827550927761,0.5961941087841557,0.2622392579306374,1755.1056400554528,33.8728694469111,137.63941822932657,324.9608717378924,0.734244501512084,4.415415819571547,17.425498464530218,140.70430029963947,421.57922895087177,0.4450457086778111,Yes
9613.00822463863,12.049129544547474,495.5294692624577,973.3448857956893,0.8297180074873383,8.668090390974474,8.373105577673293,9.034060782226396,0.7842143438304278,0.6061074408444325,73.6394015589124,7.944900514123246,38.69146171934503,443.3732660969421,0.029094024929325057,3.159279894524143,2.4334486130349955,2.471276062105306,0.3328832728354159,0.34119533702083615,14663.598717984198,28.4779075386577,596.3467707398285,1462.9475372832444,0.7629294885899675,14.038577575297744,38.89060676540752,374.6461389377139,775.9849105068652,0.8774066979718547,No
679.9413568295408,7.586242180314707,105.58435161873487,166.76959707295245,0.7993609534871255,5.252875362666363,3.955431034155408,3.3766362823657925,0.5420137480255673,0.9548350596953532,15.264569663354234,49.93381062136973,9.237875589233738,54.93349044309071,0.6356495791924219,7.90950205360831,9.778077276163117,9.926043746665677,0.6902332889018368,0.8710959777159887,1282.410469110116,10.817438034572241,130.260156516783,226.77201019511497,0.5384275099998562,7.2830539919175035,24.8985203605839,179.4625330251641,266.7315697687807,0.865322293017623,Yes
456.9989067937885,17.132815781187485,95.79596507735788,169.64363926702833,0.7522452268043454,3.9641373923485217,2.6855171142857492,1.515943124659363,0.65900993780072,0.9465248756821547,40.21426871090517,33.506831731224295,20.32913175808303,184.76851100802782,0.8720826427888331,6.956984466059294,4.323426867215487,4.535186179871365,0.6075374381767926,0.8694253562864858,928.9396934046891,14.834486875181907,120.40450806635243,228.46025028085174,0.6449815892786501,5.938888688336797,14.135283130426291,96.45156366045438,183.44206187535164,0.6911261254760803,Yes
7750.104666879199,15.413579989855242,408.66090952227785,910.3346122644286,0.8395185727939726,7.8633716917744625,8.044822290742133,9.498866895562662,0.7388689546696412,0.41666785402887296,63.50342431073587,17.36770631361601,31.173527616783126,426.74781021627285,0.23527119648240719,3.7719699516910494,1.8182992545208339,1.792423986296922,0.7173928739639015,0.1882000741499062,13500.49343742986,31.69538219663121,551.191056220367,1363.7225796465225,0.8047537254949317,13.500826125804199,34.753188431639785,385.40526095015554,840.5475794225642,0.7958457032058275,No
6597.725239874052,11.150318937092342,337.11432973676665,743.4058519000312,0.3938697901322007,3.843785349819785,3.260117375442223,5.444509873901813,0.14310449505602169,0.45190660926463605,44.2836804100917,18.82851788358844,24.48316744091536,228.56533289335724,0.7039814333081955,3.4147411972114243,2.5510658687295,7.553534390391281,0.09368001918015267,0.7144242610273589,10703.243967365326,14.550721147035121,443.67464675673654,1154.9043944698738,0.4757523117313024,5.728132634695359,16.909279455387512,235.87122562938578,151.7418683717793,0.568230172060657,No
4403.862190900509,21.152286941340236,253.60798039370485,468.9558304304774,0.7355483929664284,7.1009010559135755,7.557937957544415,5.784311828744608,0.4323376266141733,0.8507622494377138,30.522197057837914,54.5031237330341,13.94948048311324,138.47367929921427,0.34182695412778386,5.372043402496645,9.445017524502733,5.177398442221956,0.5931924954500771,0.7159158153621075,9200.992265781575,45.53494169545645,379.4657918466102,919.0193003949885,0.7957971203239598,10.713956895400427,36.69192735317878,287.6469043727836,565.9577930214688,0.7640417801243833,No
1009.7416537344842,24.35943925656544,124.95698663667268,245.3879404118334,0.31198984566989213,4.988641008186641,3.487622457581754,2.0338368958485287,0.6495608024709246,0.9379880044382024,56.45374097944702,94.66125696179873,25.465873885154043,181.26174883533702,0.7842967093041835,8.562687146859206,7.580090494929309,4.583881432243951,0.710709187062198,0.9691608282725807,4413.754471574431,39.96014034658372,229.61031814455134,629.7700565657634,0.25190610935763336,6.3373558035376165,14.968748956496594,87.15676770766748,394.3762237381651,0.6574076287470206,Yes
2497.935105992717,14.402460459549534,187.3949761697925,363.1583089088405,0.4541863858078735,3.7731029795230002,2.6812436282221475,1.999707505604292,0.609869539708553,0.6108783676125498,79.64507225273735,33.5453894519405,43.87702568490309,394.0709516333368,0.5345988039653282,4.922323355755129,4.723201792511964,3.696836051165688,0.9030064392554047,0.8035885885805251,4396.9277588948535,14.74517677175526,243.47002340184454,600.3472326921552,0.28225159577566805,4.042313406257697,8.069200368077926,78.84967178743541,255.66350327079357,0.3032868372782972,Yes
2359.854114512722,15.275099476723229,183.85870519674947,288.7307619040626,0.9221660157392406,7.689547923812221,6.812072471791657,4.614343906297535,0.9489237605806051,0.8394887159280713,17.28166388597945,48.81888505782653,9.779098691451484,81.9830512921683,0.23618356414017783,3.736954895514531,8.136796556821624,4.316866523305374,0.4285736041908739,0.6258264759762668,5107.774666490107,29.725976041295116,253.20925447478743,535.7298866807744,0.7303475911877333,11.89945214923671,34.50583725736483,232.64686723455574,771.7783821032797,0.9360908171797939,No
5672.171867005692,8.655926711223861,309.10967968057486,618.1927294916337,0.7735606389185534,5.744308105917037,3.511166829267396,5.125189657264234,0.4469772966504879,0.44192245976330546,32.122081997404536,13.871382256481501,13.505207333079648,195.93064310098922,0.11490654840959202,3.7125315165821107,3.030185942949581,3.6259246027764274,0.4165059981347778,0.4123219280202208,8974.286144147976,19.429501595292017,348.177016836703,896.9815055041793,0.5553397464579237,8.734532158740016,19.721246976996067,298.71639097532835,364.457647095471,0.46861941232679194,No
4452.224150361746,14.993706001372692,263.2520043671864,555.3609901308304,0.6862223727294989,6.193288438282431,5.480739953524484,6.786385372840464,0.407738458007023,0.8332121659181908,45.471100763459674,42.82970314182646,27.769095145625272,288.4654362143797,0.9239309144113521,6.7039152781843105,2.260039326990159,5.727699522766985,0.311777566380045,0.8324805142891627,6615.987713643174,21.401090421494878,301.9483745528033,812.5842532985315,0.644946219286871,9.263229030143604,16.096781837384672,219.78812354194173,176.66923074640022,0.7290981548813281,No
2322.3366650235444,39.387056634296364,175.97761619406884,286.35975033706865,0.4847866025703229,3.186013863513687,1.5454611518278671,1.6931372427337599,0.5812641451636623,0.46419049878744517,31.216562065611114,17.617086318487175,15.9764382677496,113.91733742272226,0.07257135337519166,2.883689214425432,4.5890404014386466,5.13512798606783,0.7215900404398913,0.6465883275699686,6199.794314468785,48.800492777698345,272.4439901492551,600.8800096927005,0.5580338419928385,8.098579133288103,21.965814012212224,207.877526267136,855.4347461427213,0.7762413016182372,No
2051.3832179390774,8.21067644017542,176.9326930680216,310.32800670908364,0.39548902455795765,5.7882156109713705,2.9087855281353474,2.3300063829989726,0.5622794989827512,0.850958085175225,28.327112292039057,7.272629295975819,14.23905909238517,152.74110087844738,0.5007672442184828,7.782351281064239,3.1534165696525154,2.6898926956049016,0.26738857972076513,0.9148142784045412,4030.3205816711925,13.492587696432642,227.399732188616,467.73654105285823,0.6670343189276502,10.7543723082161,22.381927704725044,183.56394088504334,397.00220332937437,0.9455667948108739,No
1255.1884942381198,15.821039903737272,117.90215614892733,206.73142600903975,0.5213001472179272,1.5354427721206707,0.26630234513900575,1.0790430662427566,0.3617980552581814,0.4119978130670203,20.055538580897352,53.593265138826986,8.698978033315425,72.0469772965455,0.6145743875472661,1.60443166186216,0.21480976145568245,0.4963342774321683,0.2937061053754977,0.3481160514051095,3621.108595935223,37.80477802943229,186.63188259098112,408.80701955417635,0.7391176148672542,2.780560803708272,5.961691607878272,106.41747321120609,297.5010130307158,0.4089227182081804,Yes
1941.8981932997863,11.934200758056559,163.09769125296498,292.91053385830645,0.4525778959523421,2.6292969308223704,2.166728307871642,1.3571205473927201,0.03676957992048285,0.3529339582041488,43.36744172008509,62.908937691486436,23.02747919003608,183.7139665429678,0.391937045424864,3.526385681480875,4.648576931199988,3.6672127218705595,0.22423393854216128,0.43061035410545745,3702.0914590775374,16.748520633126777,197.61452113077155,476.7627115677657,0.10672865696752959,4.838415220729673,18.5033566742357,88.794653308226,123.98974389725481,0.21501971869254177,Yes
1179.749112664279,32.270617455711864,135.52646353625843,200.77235570207316,0.49370797939165983,3.7208802991151533,2.4416801815479405,1.7558968305147566,0.656781189374567,0.4924753042970731,12.804692072657593,27.542384170623396,6.541236194040718,59.22030905100348,0.43772193467132914,4.020565925510193,1.965367528102298,0.9852464842430141,0.259360436706092,0.6315457013802767,3026.1433643817036,45.596226623590745,196.99681594366788,362.63598312006224,0.5763313507047212,11.368208896719947,28.983897048709043,155.70771494127308,564.7683906513189,0.9302651763108297,No
4922.671887439321,36.730742940219216,286.78657930063775,601.4782514833742,0.9765181928139597,8.258129545838152,7.626762463028087,6.55067242619708,0.9859869319599315,0.8881605106242936,94.34330607453713,64.93019944213398,44.197938687118786,457.49348395318316,0.8849904594399844,8.013312170817603,6.707174420280514,6.86659992412484,0.9140086003267407,0.797599031062538,10283.375608485836,37.20751638670566,434.4494977233542,1194.5451542891424,0.9270354719111205,9.854196910379146,27.591105183879957,234.36582100193237,688.3798732328636,0.7236121809343911,No
657.2441312111331,7.090560748076356,91.81050098663484,216.0406426749008,0.4003015106536773,1.5511436970625299,0.8408115879609223,0.5677478148900853,0.2336880964081074,0.6324957764723014,21.38792816168581,54.283125717251714,8.997840792974412,116.36581134667715,0.7315488514142918,1.6637451095459372,1.8358661106108933,1.3297555511606751,0.5132104510320495,0.474006116293505,1955.1486035483438,20.81435047999633,123.49771761056537,367.2133547756404,0.5634205629686045,2.5372405353176455,6.8401951182196,77.5053769272068,300.6143392762157,0.3859995524788356,Yes
2049.135133092616,24.47513681980469,169.80523346582197,307.32413785976814,0.34431997300880657,2.5895037740547227,1.441446849986918,1.3081045403335478,0.6558242884699685,0.3717727426032466,27.561884128884895,74.07071926618309,12.377848623829108,139.30702308298405,0.8998369446073983,3.017459370424544,3.284705721993303,3.590365329721396,0.6779334103800274,0.7064656615755069,4615.160018244852,35.1137896599031,223.70274197747253,595.3742292931906,0.562348624497437,4.680004049524787,11.58163982128238,121.66552224058813,406.29993650822416,0.49430283073839754,Yes
1635.2720042845062,11.983848371641063,153.62546602276325,304.1409774547858,0.16521651997356018,2.7760463444496466,3.3612790799216268,1.7774757442703004,0.2826591018592819,0.45099234533053884,39.74239168797785,21.36645874268371,16.520129681039144,166.89370696551896,0.3265885656854385,2.829913884897257,6.554513289024533,1.75544380322555,0.15420447719287778,0.5302886050040484,5489.145505281701,28.191007938653538,255.90646296572626,693.5885731850881,0.31658898564570315,6.117572603009452,26.320384249147118,141.06647818704374,429.75610823813673,0.6396466462145964,No
7286.753685536177,39.92090273937805,358.132147130687,747.886302613952,0.3099955807268216,2.8599238382543595,1.9350502013451312,4.392971645175988,0.0824195792448868,0.12462167533364998,31.858879492420023,67.66168860680388,16.31881057678291,177.82620171203007,0.40902722389490226,1.2957980959139783,0.1820097591332187,0.44182725770798364,0.07651233216011677,0.04825080204131654,11900.271085344006,57.875183348186944,454.06156083224005,1168.7099861370511,0.5235288502485013,4.958915724278099,8.275955042734063,212.27164635717995,188.95925744352132,0.3855766605779824,No
2666.97823982106,15.614482076607768,199.2162156159769,375.80493225389165,0.9404187506657604,5.097950700385935,7.213892570856802,4.403610282749794,0.9416150922258322,0.69794954357918,51.04169764127236,18.010790331047353,27.183328264202736,306.254679594491,0.362573996993672,3.9285725954903765,5.806374633986084,3.7584447241232923,0.81177529855647,0.6606003753095059,4967.369352104558,27.843825522676493,238.99390029267232,585.7886864114166,0.9696375187664554,11.188878489387195,37.379366183910314,245.8905157217085,750.9053092088233,0.9808094198661326,No
4567.698382868206,17.173585093850832,264.44235132738197,494.286228693146,0.49028700774713024,7.961459116945702,6.120437342736385,5.499610550952575,0.9603055673003703,0.6804638768941331,46.8852290488024,46.33271257278184,23.67537133574567,216.6989784730271,0.7012046357264503,7.566422582401741,7.320985831397065,5.638490846806487,0.9342758471990725,0.8253011827981052,7268.399916042433,22.266943380880726,329.96448919263787,795.0680542572132,0.25695160972957853,9.886253172872992,23.406595764081832,200.05438528271054,538.6958865827894,0.7055007739476079,Yes
8645.53312574899,38.471883402402085,459.74889873578854,872.0235029151341,0.36406279082523124,8.22632408173345,8.704694314772278,7.71961952519635,0.9076510230221193,0.5482111726558844,89.0425009132582,93.83659029268387,46.56232372091429,383.90263860219284,0.7579944106921435,9.235055033736796,7.7951051429189775,8.673310023579576,0.6758918077984573,0.8146971235190907,13627.558645739482,46.235540609907574,550.0944396524353,1348.3320090940379,0.4687932687627831,9.927720518895667,31.137445853576494,260.7715720292159,426.3469150244726,0.4513845739743882,No
7678.451292121693,34.520333739744444,385.3892699936702,785.064081708664,0.38959862914600024,6.984351430335029,5.729315419382101,7.259795237755647,0.5339678575579716,0.6480062426550051,82.06378403084811,21.467082042187855,43.96586734353331,434.88905218500554,0.5746730149621606,4.015993054063967,3.7503983688884572,5.157396696125177,0.333102347430845,0.5811654832533159,13398.816118976925,38.636987055146314,539.035202488256,1340.815969979139,0.7051959059302325,9.758298924236334,20.806522744459066,309.73469706308583,341.86363108510983,0.6189963357543166,No
1118.379506062559,8.940622100940654,118.86720322666382,196.02659427946892,0.36693048944312656,2.1772252400709404,0.3907136634329136,0.34304188849334166,0.03486630826902909,0.34527005430562857,10.952078334198513,32.679705534108734,6.675615274361219,56.56691136709635,0.5874572564170167,2.969414003225824,1.6420975057894116,1.132698831230938,0.14442117716190234,0.5177369795325218,748.4349238083785,10.776080775290449,107.51326746945718,208.68322807465105,0.12050972547713151,3.2633239445265185,5.924138027528186,58.60411577585515,107.16066206757898,0.10006638215596414,Yes
6558.683120068114,43.65965617047946,347.1626553693639,641.8598197765101,0.7407940056148782,8.126878757264283,6.682112196524421,8.21043632919382,0.4118089735811301,0.4679711814847515,87.920617392399,91.45235589054377,47.11445357347749,376.52089484951955,0.381505478207888,6.727567010327187,5.075890013215972,9.694513931891489,0.3017103543824914,0.5481610385800338,12656.570079684381,51.05202408907161,523.3520636516927,1176.5377991881942,0.7471579629670403,10.523598249227794,23.877281088186276,371.8018967285038,279.7749883347905,0.5049008405800491,No
5341.198286028386,31.74111512143863,306.6748939381272,538.3202858754753,0.9749063257000065,9.506521271744266,9.935005968954597,8.29088205463343,0.7232837165399517,0.8452482072526735,39.64584263750816,49.60865620895596,21.097128861778003,172.961392768238,0.5059785275798744,9.69008407986677,9.949250497301026,8.657188991722439,0.8330597930309462,0.9706926874709079,8047.842019283012,43.654657969475444,362.92498977774227,755.7281911208219,0.8880948020792838,13.98792086948671,39.291188415827676,370.20675033577845,730.8991796035899,0.9375966720501279,No
4052.1354083926676,24.825416232689154,245.12004142844717,452.2253945723456,0.475353721830987,3.648658977177867,5.61351860270492,4.128135192143775,0.8374314177295874,0.48054846914929616,73.42004896473708,96.95143003100074,41.67104177902787,248.2494331586971,0.7985711853809385,4.191942791803697,7.425771749166976,9.0252674318943,0.9964626050490031,0.4957606292049465,6454.381958529854,39.18687061665554,283.1593227053907,633.8235648077193,0.4645142230511385,3.762609573025936,18.75859590827862,184.36689231326264,706.9573823763358,0.31255847358039124,No
1521.9369963162892,28.8738008532635,141.18924061964526,223.68000804637455,0.6457606898419385,2.4279032843245645,0.9788595776490742,1.034121899051513,0.7647066725835178,0.44479296419944125,12.393512497771162,22.580393843262364,6.128721343764177,59.567858588626464,0.23143730694877135,1.7666936450070214,2.022576099996934,2.5059269549609016,0.7180249273769143,0.4433402878447269,2352.0186384967888,32.537719740327894,156.7815978560846,289.2563576434962,0.32586204747064346,4.495313535681459,8.245350266720736,92.27546587046055,669.5645682815848,0.4619931420866075,Yes
736.5709658510928,24.42954230188801,100.19320189913454,203.66492075859878,0.35786175251034763,1.6174291235633744,0.3204853211544708,0.4152985966967928,0.4205737600447578,0.19142763256191037,40.02345730222503,28.68178285735068,19.666326498850033,154.1091377772847,0.8112882055381492,2.035581132613921,1.0927523525114091,1.2804854880747762,0.8220353052917393,0.06287891101962839,1611.1765784996883,28.817360578222797,124.78387988317667,252.02647018742834,0.5257884196658746,3.9635371277461187,6.41440256463946,64.68545531168118,322.70908658691286,0.15827820411461196,Yes
1589.2823200992902,15.534159884594235,147.71881228762874,282.6423331664591,0.14883875537670388,1.8220057640971832,1.1922570010880242,0.8131001593226813,0.43176897792471536,0.21468470733378608,35.98752678298073,77.16597985389531,17.78847074793567,157.9742745436197,0.4927637227436688,3.243946198841605,5.407446363738767,3.3401039872885976,0.8379277694577181,0.638410456839718,3581.1599858685668,31.101235966944916,192.47404451993148,457.0615301267503,0.15448026968394113,3.052456926606867,8.201599118808138,70.35905221786106,312.69367545767847,0.13643217774218752,Yes
8568.962889471395,28.37296992970271,438.4106959416064,717.212003236792,0.6772513269145022,5.240683375274614,4.392305877189368,6.032611192015977,0.16177889479124608,0.40985418588781797,25.998567154243418,16.002831929277132,12.92812834262645,133.60633525716383,0.332705097408673,1.8102263187003271,2.184148646772748,3.1038034433633555,0.00416427016533083,0.31205009012087215,11824.018878703762,34.1475005789635,473.5957028125257,1030.3375175694505,0.7728590269172662,8.771503609101154,27.897850589544706,338.11605233300975,239.381061357213,0.529112307817511,No
6290.147963230168,31.93794303308303,330.0532485238246,703.7423700214385,0.5134267264825607,3.9118596988376177,4.364791300367191,6.503509064298876,0.1822127388454115,0.2800575076621463,59.90932774972386,54.176424766813554,30.81258822164065,366.430708141049,0.43482255881038856,1.8904183214691699,1.4186472470180311,1.2840414647408969,0.020552109501307925,0.20810142139664028,13007.102859367478,56.89491217291236,515.0398790147241,1355.877340079745,0.9560653135689003,6.675436014765248,24.191481733931717,333.4192883569815,282.3465318800686,0.618271660330473,No
379.086228017833,28.29096036807889,82.97769603610774,164.60630963382354,0.5056151062215147,3.3290320025206577,1.9778431472425833,1.4439419212908744,0.6193382964453716,0.7807475893754023,25.575954773416033,29.629274690489154,10.578116806186133,119.49721244942096,0.7185043817630861,3.761143325963248,2.150798478040445,0.5725011858761095,0.19166478870272452,0.51887492427933,1843.526528963917,35.52013357138584,131.312859787769,310.92621536816864,0.8440029719471553,8.573792927456587,16.091083970125784,118.33886543934904,466.3469151767728,0.8771894263404671,Yes
514.2611932591702,10.723944373185534,85.17061894919972,134.5217808147243,0.7088809666693228,3.115783992191083,1.4965557559911278,1.8241850196933806,0.2540767616729642,0.6209570310676886,25.433433890051568,75.80198491650934,10.650818297123283,100.10223828343305,0.9825417640201074,7.261292824564877,5.383653796365626,8.015872013016368,0.5366103085224657,0.9615975050882287,770.1918500356288,19.910125534352094,100.85728449891651,214.30870833123737,0.48001377106459014,4.28694567684988,10.211632123806293,110.57824294577779,173.32826797817947,0.5473593415272829,Yes
5471.053159104134,21.627483645920744,303.1387507234927,551.6466640978108,0.5210625872199434,5.7534549847932785,4.149917610712628,5.3230999509676815,0.6900892192318034,0.46049061122781193,82.35571141243997,56.200173385666446,41.68825716107722,343.67566569027883,0.7926067019337133,7.8717480318983615,2.6552954318344786,5.023621053518673,0.9236901081219867,0.7409377887162335,10019.324288572629,27.824779878199397,424.6977087999344,932.023874141449,0.3603466510823625,9.436822525584112,18.99288648378567,184.10157263574237,537.5268351229854,0.6387486201027769,No
3322.9835146479445,21.286833810815654,214.20139763800324,445.7628257660912,0.1945576858388357,2.5693826362866505,1.6868863049138616,1.8644482042386767,0.15848357731587487,0.20430137758020966,77.66032909067906,37.25306114079044,39.41485985955154,347.1271746495763,0.4820319588852192,3.0304310883191934,1.5613424739002786,0.8565833477019226,0.3773803277779083,0.3994622982517988,8924.35285047879,41.97719857971526,367.70749762728366,969.3460947668792,0.587101761833575,6.3693284098304,12.505082675385864,149.83140861729078,364.5525438245043,0.46000057064407956,Yes
3838.3323964428073,7.263955293293193,229.77668149326752,451.79861925294466,0.5943951715718421,3.9993278045719878,3.1587609946456214,3.7889521208709525,0.33112055068656165,0.4967032696646717,67.2508077112113,17.426713522419316,31.158255644316387,357.5326052274272,0.6684200923896001,7.166527105583351,7.755890407444345,8.167379108545042,0.7319874361774262,0.8427303140596738,6858.035536222133,10.197281046642349,302.1140400822878,794.5757328668991,0.5089402018970356,6.595039642754462,18.245903846706184,194.60842883468834,248.34046320355966,0.4161394461766277,Yes
5634.238406550031,23.828801185702076,302.6633927582654,549.6542020025605,0.45096323581717107,3.217180276191129,2.009208453857135,2.5420333098260284,0.06377826935853326,0.07364153561353443,51.51992968687311,10.560681415242152,26.949724134777714,284.6553013412348,0.09695125663336251,1.836767040696533,0.596569705112613,2.275980394947206,0.1000443438031674,0.08507066164123461,9453.804260667523,28.357922232251962,385.9452692126642,870.50580763867,0.43563424131472944,4.845095531727794,15.53823398192271,155.51089952353962,204.58631817274215,0.2505727825578219,No
5366.090744405959,36.13077427895077,280.80744879859895,592.5765273416367,0.16574702072907077,2.5214467302161343,2.110660348675979,2.078131540093194,0.08440064248614337,0.18906835107233,48.33204357192736,45.198842803667546,24.608967157727346,234.6297165933921,0.1406116835696079,3.1440184356282628,4.603455164597571,4.145161887878062,0.6552343691467506,0.49455949641923774,7491.730888076606,36.01526979776343,318.1281535812379,810.0243342554162,0.07086428075522105,4.110832395292203,13.334563158092632,140.91943231948304,191.77273676374423,0.2885537282958722,Yes
9059.997720955664,10.543710891243187,435.6083872536164,897.6151298970561,0.7351222707265515,4.313966666607216,3.7475166192939136,7.326150998452444,0.7681005088608737,0.41486626197990084,55.10223977086833,6.672766840562574,23.305169861237513,341.7641925131771,0.5749609173883112,3.004120646329134,0.5825905093535891,2.3329781777295713,0.15741396226175752,0.5934355820737218,13732.703427978498,17.115539461531075,524.7254741529188,1382.587370012243,0.7113885789457106,5.952668444627291,13.912935135038161,289.3508961112861,389.3156639989107,0.6066659992358787,No
698.0088676128449,7.149255886650362,93.74895926172779,224.53264826047288,0.5890915519336057,1.1680121704771222,0.19876439728830822,0.2543583552664128,0.10838595792106237,0.5549350209968363,16.660297162633363,15.006486498338917,7.872468162986737,113.84278893667235,0.818253813247356,1.5566647483792346,1.0598209989011493,1.090938417758332,0.2451574575706062,0.3671507491479615,992.0987827261878,10.242293313675217,106.97550032543177,270.196352751591,0.40204764348794375,2.0204622278132924,5.455022526023666,59.738371821533654,109.3396515928775,0.11624840885194804,Yes
1836.6287511917649,24.30778094494892,164.74276972749675,257.26628970638603,0.6822843347004031,5.888620989979418,5.288145332978067,2.57545534253766,0.5331452168669445,0.9390786711687704,27.585535120055,26.939582052862846,13.989647828949163,145.30607228986815,0.7563980821946745,9.149086341566223,9.377577834462366,3.8488340072292573,0.659974532201562,0.9804266423221895,3897.976076216323,34.06066534374412,209.0375255930317,433.39462831944684,0.6823896613365303,11.870826025267755,31.20652194635098,167.2138601123495,434.59288628038576,0.9825396704869813,Yes
6888.851863194396,27.405250091006483,364.1093222227668,691.7245863425162,0.8857211295582321,7.72157839131196,7.840671628532791,9.25707526023136,0.6660079370183523,0.6835059183685046,40.592887385853295,66.93118342545239,16.78844614719536,219.12463349961692,0.664565216822019,7.349406631078449,3.491196212385348,4.12013683747185,0.214036600014543,0.7545153108648976,11145.201048913465,48.927432233033315,436.8698301760744,1093.9304062253536,0.7925516095846585,12.663153736483675,29.94026224545539,347.929366548732,423.92198139432577,0.9240508797869951,No
5959.137015336633,10.743015277067977,324.07716464619114,619.2084667791203,0.5128173592269133,5.516968312405087,4.654613808464225,4.727819793196174,0.2083504563514358,0.23167176067539352,39.968329307152544,5.943348973847292,17.773117642449105,225.71465751416397,0.4281630341399264,5.797014759418378,2.20956300247168,2.3907759808355427,0.45776325851536986,0.40727198884233545,8928.695466569725,13.203037560783388,359.43893015569745,848.7762774105436,0.6594806708184935,11.71992155805942,26.058713676729727,244.44188669652257,444.1752741814223,0.6274554715379654,No
2281.069978560866,19.612262054512822,175.03701790576753,296.3266285704734,0.10271230691746824,1.880687134342031,1.0223776521574812,0.9853307665615758,0.04267429594114702,0.09727367231104966,20.09965597247762,22.25802736393635,9.720628123929432,92.33734741760826,0.03374928850486458,1.4716675668120214,0.7123799403806488,0.1394176789380676,0.30463086599176037,0.1394841936929836,4032.1077607083807,26.51131009876829,201.52328054041635,437.68027339377267,0.038908849543972335,3.5014488020962733,8.491996826016402,63.10114570184822,233.58364653654337,0.08086224650893575,Yes
1917.0403057625651,22.18667588449788,168.38282691658662,323.84437079309834,0.3393440462916564,3.0324230969863892,2.6115796486645007,2.4396852168480647,0.17154273726287278,0.6254663239154412,23.027340450254624,51.06036773581918,10.6288749727355,123.67910222980571,0.8657603795740332,4.400614864143719,2.8049168636461808,0.9103551624099597,0.18301331541791288,0.8457206911504136,4565.19554442009,43.029642928845355,217.54350355193168,597.8677163594995,0.5759422019888626,5.884808450825429,18.44298181299137,153.05376744957516,305.352580565783,0.7024980388446149,Yes
1744.3683728936032,13.482369026872442,165.56032243171023,278.45768662042417,0.9310961028500552,5.153124457827756,2.7120041504047063,2.7867904370922507,0.3437472359859012,0.7929475827149133,55.153931559284835,69.28886078952286,33.666817811804556,217.50858116141296,0.988587339814162,5.656426423049169,4.1190003423277535,5.221948225831419,0.6462593028006286,0.6448959481100036,2730.325806375192,15.396995261977862,191.12586034236557,349.8726222220874,0.8020174804285308,5.940185591647282,10.362017084917241,107.29685137182018,130.83716077679088,0.4140249901225776,Yes
1569.7620505838192,15.74155087982601,153.70236634675337,276.23093426155526,0.4336843967526109,6.471112793909965,3.037626508905887,2.212193562338846,0.80023361130967,0.9826169468048183,24.990427458925897,70.68201032251562,13.665629816022026,104.7621503934184,0.965247781708098,8.754411748929694,4.9337122716231026,5.58303407267143,0.8287586071290587,0.9730329480096147,3659.7507718570905,21.992468386349362,212.4456310506925,527.4316256534677,0.4006096968943442,9.638456729054363,18.398218056306952,143.12836060824665,325.1062009843195,0.8592623841919365,Yes
4658.683195183908,30.79356278252313,252.26655691179033,433.3525407348093,0.14634660217576828,2.0066432548995623,1.0105642958866912,1.8315067625421113,0.5329764003555746,0.025910974303303524,20.640666316493174,24.662365085786107,11.052364713984522,115.18774773034242,0.001381676221324013,1.230553952455891,0.3946080297434096,0.47339173165808196,0.20077858548264554,0.009249267433340536,6449.217361543338,46.688565588835175,274.2144515673554,592.2518266618267,0.10371780032431915,4.828650288677475,8.67575841704973,153.06036566553178,414.6327140313757,0.12913790151422905,Yes
5062.518587139479,30.271049969092108,286.1133871990528,535.7891859863871,0.2580163994906669,4.6384892966088485,4.174954809458039,5.223577115661792,0.20206285446154354,0.2556954787170054,38.14259606750033,46.05544186786968,24.903858866031516,184.8313499719621,0.484964830220555,7.227798872334332,4.90926918578834,6.2444118125925545,0.23748886517631135,0.654871537262543,8974.837835661887,44.33128613975485,410.00040623341005,862.4520462258051,0.39944274740456304,9.20093222707464,22.380016857895292,262.067224094073,177.92595204451362,0.36606775001190767,No
4678.672450134718,22.798224303851352,271.15388066499105,508.43874448576537,0.9148759281150597,7.086629872259285,7.641567838839635,7.168700069366162,0.7008240951261332,0.8132486161367087,66.66288966888297,35.677699156588346,34.39317104905058,265.10821476325674,0.7751555039813857,5.496277467647674,4.587168532053966,6.746467474076013,0.5916928615205816,0.6316943280614025,8014.657703668423,29.149902167920096,358.328099515051,833.5820737171284,0.9230855992024168,8.631818222409542,31.750990239581288,332.2395388774275,294.3872739771134,0.7016848824649935,No
2641.931108089028,6.486977583710834,184.0976445453313,317.18291343954206,0.7076016931481695,3.0599462906259376,1.8451100065438484,2.1537468754589657,0.2727473179774915,0.2345995544531883,13.072595781963962,5.017508765090817,6.452192044725051,70.46782112983686,0.5012820891856707,1.8245988523515015,2.355109853780115,1.5727694638232328,0.00617086759463259,0.2444196906299897,4852.067417679844,11.425005690814292,237.1548539648824,537.6994336304374,0.8326143831960443,6.14234781824783,17.066229510867842,152.74166674176104,193.2915742473343,0.3200291045749266,Yes
1494.1100207680445,7.080626734362782,136.94792570070223,252.608476098421,0.05208080741468751,1.2930530056814638,0.6274143230827014,0.8768552199486072,0.015757065755609867,0.09557098208189219,14.248387804766278,23.511137099355622,8.795785156679273,94.1515027199389,0.43218625636783536,2.613344968736705,1.0407845978158934,0.6819265937507544,0.5996327757232885,0.356957252935606,2248.9067438453803,13.067737912055446,148.94088575749223,301.52667980714125,0.15994713519389775,3.3890822409152737,10.398080474254805,88.12845494591856,247.85495485497773,0.1493657711901321,Yes
8099.517484558859,10.109214478424345,394.8937129165402,767.2281572753488,0.38733170514999843,3.745963649700276,3.512311576873101,6.628340038957379,0.2618030050883966,0.1203066435060623,32.572985307458026,13.127942793790137,15.59924845705851,221.93264943663155,0.3733649326052374,1.756446797391931,0.43510503409192214,1.1349164058196775,0.5356680214504234,0.11675083721702878,10164.58004770014,14.256122880701028,413.94375348502024,1011.2302344476515,0.2838130991060679,3.6806911758901606,9.310556593001726,215.46313009256076,250.36110196531993,0.01672893610484172,Yes
9605.38832153266,37.3503608159726,493.25923895677187,930.7609458437419,0.46997132815935105,8.844006228616154,7.92065475416958,7.249239241518908,0.5048879946824115,0.7634770353710638,48.68172403536046,28.31212807388293,29.965653469921353,347.3187837969733,0.28797642781972754,6.073196208329478,6.761628348603687,5.996849869714691,0.355059022183512,0.5149847871821817,12942.911644498314,43.54146533650205,545.8155286507958,1244.896238777969,0.4373238614190869,11.803295533838947,30.677086994140556,344.75597064263155,425.4598318817691,0.6877746798018748,No
3468.5318956868377,9.435527244285536,216.44707519996265,416.5645896825636,0.4806019192536479,2.833881100447668,3.047440713695405,2.284428843215853,0.6969718861706059,0.1687429615574309,30.348491832117574,6.366902391865722,13.744919724185811,193.01146423505972,0.28467552414117353,3.4305329072880015,4.515524067106564,1.5569905784338383,0.3654701375056957,0.4276213135773259,7164.524784855198,20.729509478226873,297.4702841226291,772.4301598802555,0.6534379065378649,10.500434822806625,28.081562468698497,218.3634747823847,972.9206334967231,0.6151202060607085,No
315.0674244657371,5.136780178397442,78.86245461368566,168.7838433781396,0.21835236042328138,1.8939263070256795,1.0909619801386612,0.5260914589405639,0.44868578338538423,0.41339327065212694,33.312758311764625,50.820575292109545,22.04053705742734,141.30904972674958,0.44494759868306727,2.283745504051706,1.7773959069721617,2.022978807446133,0.7861175270052022,0.3337075746257278,1078.6681494488203,10.774910249141566,123.22745337163585,249.43075144422934,0.2519014070203315,3.168755717643985,8.365361160951291,66.23238765786687,227.13185107908166,0.30173305076388734,Yes
5643.004149025536,17.936437795531766,300.3265335156557,586.4288059324911,0.6643243826941978,4.416240226627026,3.620551525580185,5.810826863699377,0.2520700872500954,0.26035532284331153,42.70915745145436,33.481238415635936,17.309193388293206,219.79960571721824,0.21162051853065966,2.3033044757904264,2.311245515451043,3.962340107595522,0.0477180514309154,0.17222439363279402,10601.546096737457,36.370895697824984,426.5125596134537,1039.9062901919926,0.6840115294168403,7.248539179832407,23.702499854637423,361.7332708629487,284.3172371555281,0.4925052418729402,No
2795.6507992379493,6.67725273640095,187.30671393085376,378.05566971355586,0.15371859725644998,1.3985960044152146,0.43006550351551215,1.3599158877818398,0.5137673882954228,0.08458140625939775,28.03176308653991,7.829728003196876,14.83000358507085,155.2083548837509,0.35199696560321236,1.0747138546907622,0.2525364899839832,0.375902277507182,0.16022775131184325,0.03774231742901074,4568.37001393045,10.234186826049715,220.93180440068082,616.4665758504098,0.10242956253407293,2.000672834909559,5.208124364213245,61.961293457234405,159.15958205335616,0.000652761086599396,Yes
1142.861738848478,8.21670349275056,117.65342916389758,250.7519043701618,0.07846549941882364,1.8387399664909263,0.5568401397058454,0.4968428518783291,0.31649996859502966,0.4946888806933932,15.09258781856834,34.976524168757884,9.078433599269227,81.7576072297234,0.31951033683157515,1.9681824459991368,0.653038309313647,0.34952391614210165,0.15791489933139619,0.46896394414332504,2490.855307352855,16.08515497949476,163.88382591431804,417.24919507493297,0.2900474758629078,3.625335740496519,7.8488871411570456,71.88661896205998,176.52019719569404,0.5318038804905165,Yes
3213.542205527332,18.571909111972417,220.5246077884815,401.9019263539202,0.24523163339929227,4.98291612883232,3.829865354144415,2.380664472960452,0.7795773031863376,0.5443534373991487,53.11804809898651,17.59236010193685,32.454025084203,283.3212109775052,0.2855126936620473,6.087670003576065,8.27035672452959,7.066168660136506,0.6583585839925523,0.7890607723780407,7709.556924694257,21.346906967057233,339.0396101095237,837.0726392771282,0.30925428164953606,7.045646115766778,27.52279519504043,205.789944681275,460.30585351334145,0.7049569022699153,Yes
8514.878322709752,39.37989248099944,395.56600932275893,973.6698167595754,0.3364508085201696,1.9934884180506234,4.4142745959914365,5.354554967488494,0.21762457719497053,0.0826698947270626,51.0520546928161,73.34170641767146,28.243435587356796,260.0449013745759,0.757255961383738,1.5194912698842193,1.7663042344402924,1.1804699526674334,0.2763412382360766,0.3065469796308644,13386.556435124501,50.991874510901475,519.9959071141392,1379.0258175673482,0.6701778436118953,4.161751460782884,19.772524042303523,196.69500352011775,286.72217593738395,0.3228263172114998,No
8352.487506848996,44.384237719593486,437.7697634930717,883.331107571081,0.34502901448138545,4.547283117910744,7.81930236335485,8.084343899094963,0.3605988443237861,0.1273287071297206,53.63984575308988,14.245611743549542,24.305241950976402,311.0305318294311,0.06077891781930872,2.335116604949969,1.8330892463200832,2.1750171649981205,0.12300864532172373,0.21742232093185926,14794.70623374574,54.16007483532899,591.7398037687396,1493.05395456509,0.620690053158347,12.310724890333908,37.23971161281073,377.339596832514,651.7273501040647,0.7608283292688391,No
827.5417827569717,30.10494239501224,115.17596757204126,182.99602707807574,0.8962414392242382,5.275734131841079,1.6930552391175289,2.248641281423244,0.78399689079595,0.8590281997221483,25.732420053103617,37.23968385567294,13.275334986503578,99.73158454771563,0.8645519086789527,5.72330522765768,3.0247595530779696,6.713194940412046,0.9791260954643091,0.7209974055263236,2593.307018492368,28.2176958749595,180.51371430278294,375.08766856072424,0.7735172600616393,7.316858387244456,11.806281210916572,159.7607288959892,743.8956460010013,0.6585507519180994,Yes
298.7181810167007,7.837237546827742,65.02064045925191,153.06398238316908,0.1094822381531056,1.4594491161690029,0.15091095135453272,0.13612217555129524,0.010309085414293706,0.2415995435894639,29.10549421856241,8.875151263594182,15.401821573137061,126.51118604130968,0.3863069518704233,1.406797060190821,0.20294345053567014,0.19004364986915298,0.3037614405664504,0.21436237271760894,1127.8454362706805,12.647860438341755,123.9210050810482,250.72031686581434,0.08677179644252803,3.0284094879543857,5.473386870706847,50.15064660354355,194.44752719661693,0.20180005261872352,Yes
2531.285736328588,11.798481221440253,195.51657246825593,379.527156338874,0.5402493804460804,6.222527810036921,5.463862448740392,4.7805154322944166,0.9032564081329837,0.8085374737683773,64.54774889315605,14.252670320593126,31.60616831149331,268.19691407576397,0.6415160092210294,7.449380269428681,7.869157579031003,7.485319340123807,0.8118451713834203,0.9083281712118363,6031.475592274949,13.777817336330699,281.133300188075,726.3242278682792,0.44273243412158975,9.788276398822727,23.843886902978348,218.78805542564675,595.6213513024464,0.735174885934912,Yes
1315.3094026077076,20.733483465997445,137.82881075217767,224.14117165879142,0.29087461040566354,2.9527666772512955,1.6366563803722673,0.9822369556189084,0.09802666016010075,0.6479873399116505,15.789375582659089,12.225334448260528,9.620268527828442,101.7905160699393,0.11908679157236302,3.003871936149578,3.610706658995552,0.5070528430073514,0.08869518547406535,0.573454258462522,3904.4889700917106,32.046620868855506,210.43860761623995,475.8621952647669,0.49700738359966595,9.684895881858353,26.851286459734208,139.51549498001492,441.61722727570265,0.8511117539959512,Yes
7125.04201075076,15.632675751044511,364.5356319278576,659.8771316042202,0.5759627361319251,7.449814550382713,6.521883728630805,7.2521168602682105,0.5003705512843537,0.45678442382360457,28.788546982617067,14.292384933679505,13.237315252416048,154.3206007876978,0.07073038060207659,3.1678886714885457,2.4193764599860814,3.6318209432625284,0.3291852407772774,0.3923209512911844,12756.8924279489,28.77461344888362,512.4549982534805,1178.3320254047483,0.7730239362954421,13.970596373510448,36.05274959601845,367.070276455486,801.381750292655,0.8104183783390833,No
2107.6431267939397,8.313065105670335,168.67053950284964,265.77980831013787,0.2720896464726344,2.418827433662255,1.2309069978404104,1.321705489000222,0.1931220765634829,0.17497386755927063,15.521222247742935,22.994852234271207,8.171095018644406,78.93145976728032,0.4434713760390585,5.0495549831851685,4.860755661569156,4.734480040833723,0.30791054104922577,0.5297554493024611,3676.5125931306416,18.300664658798446,198.07942287142876,420.0723325411248,0.47996100707444667,6.898541187402345,18.97690259599747,161.02393153377278,361.8811935844017,0.43019344436375734,Yes
1640.734789504227,6.398886994514407,155.88213984030864,268.9682853854932,0.9635795518626131,7.379370088470977,5.831430615912454,5.301940404025734,0.7591815512756204,0.9253970808576149,44.928228283973525,15.845633705320962,23.942583659425782,179.31104183224713,0.6918216230272315,8.959222046144646,7.46682920428539,8.636591586358863,0.48091765164201344,0.9386079348639476,3530.8137153885395,10.887491266401398,195.19891274736503,427.08332964518553,0.9011896429365805,10.782927528194671,29.834496432459265,279.55856960854464,308.7716467966146,0.9683127307645789,No
7491.615328556372,11.331661613732344,358.74743128525415,859.9836321268441,0.7013845932048133,3.473267938517257,2.0436997368759005,3.7201775113723756,0.30934181785407966,0.2471042189707368,43.736590204923374,33.65579793520018,24.220229565752277,228.0863380972923,0.6523005988589399,3.8330788389187687,1.698644688676313,2.391204111051647,0.5291577333636337,0.46034736982381297,11537.290559443069,16.526318804924664,458.00071200439635,1170.1842065277565,0.5563733952455324,4.491369042382327,8.567815371686589,151.80185930219906,284.0755713721774,0.20236250970562292,Yes
6285.6301015577965,19.441999082097762,330.4330738771771,679.5775152568546,0.6361452871184957,4.0450413863021035,5.21876498289698,5.497612435786669,0.706471405223614,0.3736820722322832,88.7059095650686,90.5278513413055,47.290329218927525,438.7056775876154,0.3596523276873429,2.7364875226406546,3.8223863541264937,6.803035893671081,0.8707923101983731,0.5996746163145255,9733.290488163673,33.24292538002301,427.1526506933733,965.7106106790061,0.3258485018013647,3.7395247856894924,12.951607331927326,218.30022703051606,546.3396515292735,0.2701753469039409,No
160.09959877960762,12.785849890616765,56.39713331974013,100.40957628320452,0.2720319492336079,1.6047213171507608,0.19895560872718152,0.17718664957988178,0.016647561220088092,0.4990130927691033,10.0996581611575,25.472695182770547,5.068025851657811,50.608353460172246,0.4689533615413328,1.3959244506067412,0.4125178369908851,0.1398669453883154,0.00489245458845039,0.5282960662818684,732.8604581588872,25.630655193314734,102.3110463210406,217.65456673128028,0.39887438158249583,2.985474243773716,5.953100162610211,59.50326166036854,137.06511284355636,0.4577307781023496,Yes
5627.63899633043,33.60935781147586,307.6115340081363,593.8155439831152,0.7972563530664634,6.05994984713477,3.4228519802706936,4.1587723963686285,0.8128121607168044,0.5995831859718309,71.58778228939023,77.08303532835964,37.58187795354429,393.3197025105429,0.30714337786478185,4.537853893144802,1.8527192357911977,1.4055777026362426,0.9030754046713997,0.4379230560982641,11893.997198645371,50.36975497579298,453.98306077828,1175.2014792208652,0.6897071387135703,9.564463809803689,16.285072673870033,183.41473764609938,912.7043629500532,0.6850944882607021,No
2867.725997809064,12.899455320203023,194.86917650841258,362.3476919552597,0.18929762247113363,2.0299659557226604,0.9058806297572877,1.6834401944224298,0.29232607132664923,0.386900399632213,32.05196426875568,14.907902290387568,17.632662543386854,189.11144404269135,0.14366025114179504,1.6633706137162065,0.2573851084401873,0.2760349874555347,0.28337655005212414,0.12597625612793817,6171.453129549678,20.644369541427658,254.10422211400024,718.219823753798,0.14159892075710706,3.7483427375109306,6.554698809229509,101.5311745349919,242.1447507762679,0.31225482766526336,Yes
2019.500950970508,7.829435732972888,169.16416361562457,265.896295693316,0.41454093417864757,3.0156039667772188,0.6366129826655522,1.169970640319901,0.4795554336204798,0.5086884499344797,13.9111480953018,6.589750743350365,8.266724033428014,79.05433117332238,0.06513387014263033,1.9515517203944261,0.7863292581989645,1.1114218479948748,0.18245392857780846,0.34722785137522494,4701.388047261506,13.021855201178331,240.1389697792677,556.8601970498132,0.5952032704376018,6.7260833287611135,14.0990288885733,173.99858833223882,402.2501019507573,0.6142803565020161,Yes
696.3969035657253,5.720750346167735,101.83572716830668,206.37636285537948,0.6361668014233093,2.0162932583576394,0.6617721799143375,0.9720434659484485,0.5845040905812027,0.42726836965733994,36.514856618554155,20.440200992038076,19.80909119438963,175.03716682745045,0.8062729756696758,2.7226763534690486,1.0418024711593934,1.5877718501828477,0.5431718271341203,0.34959460824661714,1182.1856521701422,10.136010753857372,127.89915994095733,270.79940847396205,0.4841659008623515,3.843191962423196,7.696246339329541,69.88323772514944,289.29291316199595,0.3464149497414176,Yes
1459.8258349572393,12.918925362236816,139.55072849287632,225.0357576740291,0.39005258444900365,2.6459671104971156,0.7193849480947672,1.5916674021001693,0.5548588136422964,0.38125140249424044,13.822831094692107,54.71034993624643,7.584023733211707,70.07975346785484,0.6893810655498344,2.623917425896552,0.9975083073051157,3.182133228803892,0.44826525209803497,0.4000390405720332,2148.349349656374,17.513563271066737,155.15222550226085,324.61846525454024,0.35878968054816907,3.1621575055409443,5.873546918776819,110.46520485323644,187.82392116273425,0.06828899866873084,Yes
4902.223902739224,29.697067396940867,264.4739362328659,536.6305541437763,0.5024630398859034,3.6768652844384637,2.4420028945629744,4.1218634098294356,0.42919083543123987,0.517956643807507,50.17402153680357,80.52921508431234,27.586133349181665,226.24478568708997,0.8594442881539046,4.372323253300414,2.709023737286644,5.408914932622018,0.9646880165127092,0.8091169383958245,6741.370746925453,30.591391617424655,283.52288374130967,719.6363597835342,0.1598201699248893,4.556806089515765,7.785993450959364,120.99168413780247,235.98303812818662,0.4380200675592723,No
1222.8255348727218,36.4713916645114,123.39873781687078,216.7839350995851,0.5018473507321504,1.6645410317082754,0.2129866893521863,1.0029542715560078,0.20631309142030652,0.19108878255064554,13.397707819182857,52.61690321915945,8.16159901299415,60.94855904948612,0.5555333687624291,1.0520632939338936,0.12426701010820206,0.5209502950907454,0.33304599075097374,0.03472628984167647,3144.009774797742,54.010552319709745,173.92339950326536,353.09857567983454,0.8954349102515192,2.5743395908665043,5.717550648129861,95.23084914824317,274.7407801690738,0.07089102608926284,Yes
5822.671908703756,8.661035481634793,298.3276026429705,590.0997151486665,0.022995987386865813,1.6862059889788683,2.2000393266276084,2.7842677497266406,0.013247602925597457,0.10587165003271348,40.74365495967036,8.2316544440588,16.26085779092956,202.21424763046215,0.12359118270667219,1.9849502549541764,4.243783268677483,2.8069950054645103,0.017438762072131353,0.46929923932183215,9771.174851648162,10.763165316669552,366.86866265822584,1028.997646756192,0.03177029851534241,2.620095304193296,8.012559653164942,140.75401979772454,102.75427946341499,0.04123041605564254,Yes
8504.327978675923,22.307674179429377,397.7982319598651,970.0781930662579,0.6813996967975678,3.4885897315583505,6.404805441030964,7.750864602006921,0.6565253285637768,0.11284646406065679,90.69721981606911,24.73762833459697,39.18164262973915,428.93977371543474,0.7254865975276956,2.4833286538462804,5.623479953895898,4.975509473773948,0.6499950224786186,0.3942817044443428,12839.343518361244,28.335504778019008,462.68927447315315,1268.2882263150327,0.8149336060728285,5.803055511090137,21.31165529727038,245.16288053944194,577.5638512377575,0.148302172894216,No
3031.4679099217465,11.599956588851983,205.17230388434936,367.620206063206,0.18268092668090374,2.8201398939604116,1.9082928821347818,1.9081428682987056,0.09733804807735258,0.14382610650663946,16.535226955692224,16.638985518658956,9.385400056348884,125.38665670508503,0.29153928370880755,2.274868589836928,0.7170593803417753,0.5182127372395747,0.058704767663109225,0.024740051205630886,6246.465575122464,22.72677252255631,256.7231071899265,721.7816459862288,0.3118143529126177,6.781430915228976,16.689320136241633,131.3914463920811,200.98552817904712,0.22635336596900868,Yes
2347.8453881159203,14.459245299698164,181.62054665399137,312.2864657425869,0.6029940790308707,5.726383737449402,4.336445026299843,4.104832082293375,0.5083341214085304,0.8904270878218954,22.137667809830994,28.023642820922657,10.301245418801876,97.29572239495496,0.4595248723875556,6.65124458679404,4.947462506047465,6.445681671604724,0.3263024202544175,0.8012790997031403,4984.045876349919,29.056521567003994,236.02321091843174,537.3875439206489,0.8182573930036449,12.848121038913627,34.088951261501414,329.0428451604234,514.799865306218,0.9846051914101391,No
3341.4780658821796,7.515612942011816,214.23541661351658,385.0035136833918,0.1509494705174534,2.121836232979398,0.9945655887785827,1.1080834115353524,0.04477844771142936,0.1467352955591369,29.944936653535393,32.135293811626475,16.398987236355254,155.63109234444292,0.5060318855361745,3.7940024045523044,2.20492730891098,4.685962449093807,0.15569474938426026,0.4805295026386754,5166.136631385452,10.507827003042273,249.01720984593862,606.754128333732,0.020810761929285326,4.049763998945702,9.426631496806714,104.15608975567723,113.2016741666043,0.1419689421556642,Yes
1126.136392297918,11.17426936205807,136.3327045585016,264.20834376595485,0.8256776594494831,6.38964036049029,2.7128398425518028,2.732623230187401,0.8929258228529466,0.9831895294309698,32.86399244927195,20.777475745512557,19.851555334445507,177.9995788593971,0.5409009388006654,5.888953084083501,3.249040159593623,2.1091216429971413,0.7954638835243674,0.8225749364070545,2389.09607413642,18.436411896357075,179.14073190651456,419.36815630829534,0.7727114396326198,8.85968679899034,18.67345739253364,156.17861130924743,554.6583970123971,0.8258106666271492,Yes
3750.109704624437,39.24013391547169,236.98998815620715,483.3260523528606,0.656399819578076,6.244790137641449,5.497929284143343,5.110087883757526,0.8773055670300933,0.582586192772821,43.276899129022546,91.06428442136107,25.634484227522293,219.0795379022791,0.9600968216602462,8.219784766164441,5.310392570962737,4.673260561004729,0.5038359609189277,0.646312983856607,8549.478047491228,54.43429872029955,389.3020736902353,1000.4667946688304,0.9375128873671178,10.369308232994308,22.981341855387075,219.54693128913658,567.0811532269638,0.7254007389136379,No
8257.441349512905,49.92474032898144,385.07880376823397,694.2011718259114,0.5162414888211383,3.205069975355656,2.511272757597782,4.761715150856163,0.11391300149762784,0.007403894463140215,60.953640443086236,60.12110932954685,28.017367942911537,279.0425076524757,0.11271698114556827,2.5608247721115465,1.6587001010602922,5.41355569511345,0.04752082845731437,0.232452721127205,12557.944057364726,57.50824222862429,485.18710325633197,1111.7749948844157,0.27885278105167266,5.626385595577185,15.167171870948119,236.4751489792898,130.51333948774194,0.06953543854559635,No
8336.236866284553,12.72206903413443,457.8979917234721,834.678747387149,0.9589490997808142,9.920187993078374,9.986927171663483,9.976800985621166,0.8646117988636143,0.9327013993426636,95.56048051170121,13.515274696178231,44.834045040360905,455.4842017058998,0.5228417585161332,9.151636296082268,9.747904761987852,9.64100636813259,0.7923176543866369,0.9161946141738896,14120.483686528398,17.510382108179062,559.8419952772432,1406.0233988753034,0.8735500815136086,13.54216581720589,38.803006015901275,394.7525285604168,783.4634665648136,0.9374179429037174,No
6542.30344823355,20.768947992655157,348.16435999056847,628.2415957722235,0.7590037046078257,9.201776065690822,8.309646708601319,7.282325281768601,0.847485389771487,0.5989660634729711,32.08065122088195,38.566264543166994,15.925569042045488,192.30655153331153,0.05303282823584221,5.0152544642703845,3.2409420933602577,1.5855765657739982,0.10713361916074415,0.37668075765811815,11154.611296770207,45.95064519677988,468.7620883758601,1037.7049401775341,0.6463581680123814,14.911611055225094,38.59396402768259,347.0695118021975,655.8235979902967,0.8877275337260288,No
3605.86742403551,15.550486640185222,225.88015695407435,463.7972375230228,0.36779374704910806,2.6561429023717262,1.4964112201724526,2.0836239567813997,0.6682592397007325,0.11599658176410382,70.80974487571586,60.91352225243875,33.42133675667028,352.86137444515396,0.2516347596278343,2.5058294459498383,0.9577484808577472,2.1383276824318402,0.8529782820154405,0.06834093244490924,5802.183672707528,22.183517992113643,273.7541459321496,736.4474746557959,0.04691659638188256,3.0850673486399893,6.698382452139532,76.3269779984376,350.20874232187856,0.006424022896418913,Yes
3304.59369591077,16.789363893466586,212.88939301846287,439.70709412984127,0.5315563660764182,1.6046642810016327,2.1461094272969485,3.2395090899414356,0.02196564156771169,0.09358912923235091,47.504879118718925,53.98108093727689,16.538343540945554,261.539685595105,0.5370164446042296,1.843128001946584,3.4009231784077696,2.433527229702658,0.26492230314412524,0.3000353393200763,7377.017746900169,36.001691594813096,285.6514846413259,912.6013049507553,0.4273120283782518,2.6564035949580154,12.516378938159013,166.58410452350586,254.0270277471993,0.047805236550525765,No
9836.816878084535,48.92457665243151,482.24105935462916,874.881769318379,0.6532110492170299,5.538894123381276,8.029610005319581,9.411343237246523,0.7605816861830814,0.3490769113904749,51.91448256534551,51.29141663385532,24.80252776004184,237.07406891925638,0.3562842730854605,3.0746914435652473,2.409241340111177,4.178842348563553,0.09463809286007085,0.4690934287457391,14925.0123826913,59.99715129973588,599.2819477873265,1491.7835933991894,0.84184422957709,11.851714420960217,36.69502944274745,373.21824241080844,680.9464952696418,0.7349702874223938,No
1028.3141591989654,32.07295971665651,113.86414877816199,237.7015450085609,0.13342347959068962,1.6960986109780287,0.6394290276844654,0.9417460108273662,0.6147063628027798,0.4347769004507665,24.764313470004787,91.33685860842093,11.918915400596012,99.0831520199359,0.6704615479151259,2.7397640720138257,2.089282173468842,1.8870111049203144,0.9809087058425936,0.4906304694514852,2042.589979349242,46.032710259370134,144.24741128455832,328.5800139761248,0.23760914980516223,3.019566822462241,6.211342009905111,76.32272693086354,609.4712547188465,0.12844388882221708,Yes
5088.683317905887,42.54676840125779,300.14249774759804,631.9755001413884,0.7712353406722599,9.402132071528296,9.939508927285669,8.762047935989553,0.9901155233926969,0.9284398603846933,83.72297024904233,41.661792916258754,41.87053155623465,401.9071478096357,0.8248353797884729,9.925502539614873,9.972643051380343,9.444309375038843,0.9900568208048446,0.9114381528749955,9268.487918356614,47.71395398313822,410.0467764576254,1048.3343045079482,0.9061912315671534,14.802357839931757,39.803584403466864,386.66184879075314,974.3345288561377,0.9363497480592429,No
6478.228875867037,46.86331090150175,343.188784120098,695.9557995793567,0.4157633459653663,4.704343511270047,4.977124600089177,4.645299957913395,0.39228741305945203,0.2475890641608528,79.13959531255063,47.464701204077286,37.83488762137326,440.19584528722186,0.6170166285981338,6.515325495978649,6.710412951109426,6.748740230643321,0.20469877185191526,0.5626484097473397,12774.442671672597,51.64194330321908,518.4606954470319,1387.5792940543035,0.4933775869469979,7.353483945362827,26.042176043399383,227.6534120957531,167.27874374641655,0.4258298656874411,No
380.89342582637374,9.805561795730561,76.25925091799826,130.5012987126181,0.07096314388361374,1.1473083422765298,0.4874552935528528,0.2140282723713182,0.39312338948808073,0.3521024936038253,10.972057313925296,28.386762409541838,5.373169590577833,54.10683766384606,0.21629174501770826,2.2942568169279323,3.9581604487259074,2.0393650226820643,0.8000142596027702,0.4257631004577848,586.6532341634261,10.862451754432623,100.79907476893634,214.3873659039818,0.03848828748207306,2.1753716299951997,7.23394581801891,53.30860814942116,218.78048521508524,0.11125123540316756,Yes
2659.9652156775705,17.203060758594823,185.96765449209897,317.7234724637961,0.5348419673653644,2.807434505374737,1.3882177192816196,1.8582847952430186,0.14074116844897816,0.2552297916116539,22.069261881579276,19.20790191280757,12.016750725859907,140.55993948829226,0.5344860633309324,2.1777434728848135,0.8819866102062591,0.6419037524479837,0.37567425817888733,0.36895617913227735,3674.3123577271313,22.52679130556021,203.83556048596452,375.5314874375399,0.43660086511311397,3.3155231188990935,7.484076031478663,90.46141820403147,144.54671846563159,0.11339078171982764,Yes
3688.4560097886956,13.908179989874093,226.37547802552803,437.76083008534437,0.5071747595109729,2.7629975382501906,2.8263720263643175,3.694210428633079,0.2232156148850517,0.18745937176739724,43.845038194591616,42.434506740545906,23.7638514640515,221.5042114088794,0.31917522005055377,1.9275740486199753,0.7683729315133913,0.9981987897083237,0.5500349615310342,0.080882208349287,6457.998519646783,30.84204468967638,297.73510129298546,698.1966391569579,0.6663842881618895,6.241356783450031,16.255094249590858,177.0855508440875,441.55546724349875,0.21714295964296187,No
639.8246040036628,15.05165841008525,89.54611175180413,170.1140410013226,0.41437507717100075,1.0705378846328215,0.27204846990730963,0.2358452781467555,0.417063465983379,0.2030373666295226,17.79371596148227,47.69239751233055,8.63916266355368,81.45302784452625,0.3388517767631716,1.0875800978039938,0.43981449758533697,0.29844388899056257,0.3429106010515561,0.02327095299433568,1705.7023453787829,24.526900616073146,122.85626005737727,264.25448207557093,0.4370198218368633,2.157230155879575,5.814173324633145,53.324663402482116,299.0365168793224,0.04631552748194512,Yes
6769.511343469447,19.13119832049512,371.9059462399872,665.2733168389335,0.9685827976604766,9.561138202670111,8.151933619929444,8.196747904643424,0.7684289390689141,0.8881142755744484,85.9838994964115,20.736178276075194,39.576921802973466,328.6274364964452,0.8339767544050691,6.53433750104416,6.524498391937386,9.75303875126415,0.7307021316683959,0.8541877040891026,13741.598344334612,20.416304344635655,534.6116414731754,1339.0901826467066,0.9594942070685988,10.217285069818436,27.51322398048011,355.7637144236943,584.0622475396432,0.8703240573073024,No
749.0296545718084,18.429978689214792,102.54984182497216,207.61948554145906,0.23560879492951253,1.912974368754737,1.3216381716917167,1.313405905387013,0.045399180027781205,0.4756675695687596,21.65208031759569,53.82148265332554,11.826769165784853,124.80838311691642,0.8807540480180963,4.777331873824998,3.582558408120001,3.477114628444779,0.22162597223290426,0.7977783211787153,1142.2836096133808,30.484773293421938,123.56152706494211,253.08389588566843,0.39588649079192095,5.835092118855677,12.592107619332596,125.99823313796075,215.9114557478373,0.6768090070105309,Yes
2143.69877351784,8.610480534349852,166.96346636936266,275.1151182546355,0.38822956961831184,1.3046641829533272,0.2111525106719161,0.5117499580803236,0.5385225502266954,0.23167215315048317,11.39277213227521,8.024964614132102,5.973257366399998,70.80864511059569,0.4687609232916744,1.3584880638862888,0.6581602958760228,2.0898362651031213,0.2923413490808681,0.08955011462350965,2926.754737232965,11.035656902018411,165.649016799123,328.46090624336233,0.5106270280877585,2.2162748459113217,6.282892661602006,81.81001562522816,323.21444794135635,0.07113677341550878,Yes
3050.447414433043,11.993659121224733,214.86432759173059,350.0242468856401,0.9177287958918248,4.785629317566929,2.442069407786017,3.227730321541365,0.8934326180456935,0.6684424025114224,36.47377877234925,38.29088499951099,15.355858166733338,145.6880759988886,0.281118790758476,2.122574473204779,0.7266882615926976,2.2887416875811875,0.2543319746988725,0.2549704307486026,6489.444808373821,23.811651994679835,288.65826906849315,657.4446266372867,0.8593967396479671,7.5826313692120495,18.58360804968258,211.51223987284294,663.0230714834245,0.7403350723618753,No
5849.131492869421,9.160129743337665,327.209302242931,589.9338859258575,0.7303174720567883,5.663937328164023,7.0053487682018885,7.939543757317019,0.47826678298599246,0.5380918027032329,41.48618968338706,20.18841551019366,21.384797094991463,205.27540203407227,0.19438834907808256,4.811461141814702,3.611143535323463,5.771915676769579,0.20575133899363723,0.8227351156931346,9263.990897815995,18.52978434402844,399.7275805088556,914.3818740024407,0.6614912866692638,7.80434305201854,28.252771658402423,311.59358882151264,225.28760195450093,0.7889793790116062,No
8848.955614467368,31.25840092097589,433.54058302076874,980.7666102274318,0.49883630324786676,4.280270128215822,4.952874030648081,5.103192140458242,0.08409658424381683,0.41404735593242364,81.22586753497163,26.94637055181139,33.33876075186875,466.9203851561925,0.13255319926879633,4.023374024258739,4.849522816479521,3.6909027974914723,0.09311929484098735,0.8270711786024734,14729.95877847594,50.34562227323321,581.0624313619221,1495.3275797526005,0.5476398291233364,9.732759046378874,29.63119735433048,336.91930327095787,403.80148611826615,0.7433173265535734,No
3170.3379899507686,17.15362332647124,213.96668785672733,443.19546468478615,0.3005854910000817,3.1635119115746377,2.7701871721139124,2.550649044332709,0.6603617156773411,0.3343955077946181,62.31278748022918,41.64694608867753,24.168020636591113,346.2460869298964,0.37658351220764824,4.988837612599266,5.384101517005408,2.513204593000166,0.472607121442344,0.7788964669565295,6465.54571339684,23.69221911288456,257.76827274714304,764.9336244707488,0.13178629686605925,4.0248844273119255,9.947006501040965,120.84677443401755,332.46472961908285,0.20458967203900436,Yes
5887.466547822163,11.749075560106236,335.9953231363314,590.452548582126,0.6378055321425679,8.226414677414056,6.421007233510128,7.593984707931489,0.8060535316402292,0.4911178691349098,89.03190848064594,11.968993497074816,47.53639398685989,452.40470288391367,0.6578781380665202,5.343896746472885,2.4261064298028883,5.3248005181634355,0.9045619156276996,0.4697066910820366,10871.183145328117,18.437177584228444,458.7675734765883,984.535937967893,0.5628149152499237,8.923130706170666,23.36573488935982,350.4208498441104,663.5807666024269,0.5386249708497767,No
899.1452772123623,5.222896333195351,104.06027444560428,174.51422863614314,0.5800754713225658,1.505631879882647,0.10894783975076842,0.4612862311669773,0.02769610948105289,0.4448404570583626,13.091719380182179,5.067350138420838,6.442260933910479,68.56328805343988,0.35191092023745524,1.5480114835215657,0.20961534349020305,0.9352488899087208,0.399625882204532,0.23322684767227458,2758.649377906638,10.13132053686634,146.3949887075204,339.5048814613009,0.7141489821347511,4.6417763774991245,6.583050792115262,121.44725581552589,310.3202587938025,0.6140899182404594,Yes
6386.124918806665,37.204106645010896,318.3792830010244,668.0688213565845,0.3637047735912732,2.776947939274576,3.953819217902801,3.4794521164424532,0.2525591177097391,0.08081613716481845,45.9282218447612,42.17637904183321,22.45425164626429,322.3626742824053,0.044093271690207936,1.8355060194678454,3.3998377426375646,2.0330674874424615,0.20583255572719117,0.29019196122700625,11965.091699199133,50.81366428389638,452.16902426462633,1284.140551302346,0.5354523650311513,7.214582061444184,31.72168167168195,258.44869325858156,277.52227006293845,0.3939007725265242,No
4024.2913949968324,19.964452932523738,236.3141891659401,432.131200363972,0.23443622465645664,2.428695387677425,1.9271883583187406,2.9650395778947884,0.3850420455976603,0.27118835958300347,22.635641260152518,32.054571630673976,10.67651078326502,107.5020702118139,0.07554953182252894,1.2869309438169654,0.3522181015657584,0.5441435133900131,0.4491391372877517,0.16878763733719693,6449.706137122809,35.01891359477469,280.39921004050143,670.1537465446099,0.1817841812101369,4.106906003241478,14.141269178144118,166.4977361982021,470.0890944307409,0.31610444922307024,No
930.7173201411417,8.129156259750259,106.89637873142509,225.76464526690287,0.011687890316435079,1.1994416663725682,0.1589107226255265,0.1327302995550142,0.16294186962051793,0.40340446864105345,15.31737745684795,16.54240337740986,6.645236477802363,94.94598373421655,0.18564579247063662,2.7688131394629014,1.0714604892197532,0.29310770369690664,0.40056589350379823,0.5485620082573303,1207.6169730412844,11.269030752444072,113.36227497989422,254.76944478056114,0.03173793300349809,3.03189489436551,5.509711380359822,57.77168674873881,307.65492044362406,0.4530115714061275,Yes
2392.8036177042277,15.211486783554303,178.9287995577644,299.28161412945303,0.6038779643481333,2.704010577969089,2.7349215197629513,2.4239557668387244,0.5664043781216245,0.2878548764237978,33.38091819573524,44.030832195982256,15.423658737935414,146.96453737474465,0.2951545474185556,1.5887396521496815,3.113413123246674,1.7027258552391866,0.7908843244908587,0.07635459012862017,5864.757348024723,30.44563313278852,264.290032870218,622.9227759073754,0.5690812842130264,4.670600094924813,18.921258061651574,161.7822694957511,750.4950481400795,0.2503214791080952,No
1684.3626976799123,11.802737816584326,155.84720980771334,303.49801814468526,0.7045140714097831,3.5374288318476723,4.288359924511125,2.3700924447552416,0.5766115161221971,0.6157039947808032,66.10025733325182,92.93904423630133,33.94069141728814,295.82244577143774,0.7655705905845809,7.3083163213108175,8.863245663251474,8.142597121129697,0.5195362820199518,0.8907920931419642,3649.703238545983,15.438204907821596,199.42320023867634,528.3989283570834,0.507057136875013,4.680311052711077,15.541571454898108,110.88290285713096,138.00552841739798,0.32296936041256935,Yes
735.7411224535501,8.277571521025122,103.20666234719825,197.15169740087725,0.538692570229965,2.1322520663135105,1.841594597112102,0.9625474164634426,0.678387622848051,0.6194750515926224,14.306111655816618,61.69404269460934,8.940133918588792,79.65574393406459,0.6487705546418647,2.2896574520988215,4.479422930606446,0.636462859561051,0.5845323181372716,0.5725942467077041,1720.0716446091196,26.105616456327088,143.37234934416563,270.56004423403886,0.7890825400801464,5.044845831687156,15.820499425635516,90.91989271360357,721.3756228855875,0.5338731182682718,Yes
836.5552123479221,13.385918760990515,107.40215119669568,208.7089591790401,0.4915095610633322,4.087593895818111,1.6942429265681835,1.3244576124762848,0.4221828064207454,0.7823597832659023,27.22820175886308,28.055746370631084,12.737309321165576,122.1779711129966,0.7135978191138951,4.755427072350026,2.8675763503795886,1.0793558021322258,0.1882542085752854,0.7429404408839052,2704.553761551471,24.619609748820128,165.38714214093477,367.17808277651716,0.7042278599781705,10.150662671677873,21.113660818068798,106.39105766266579,271.28964682561485,0.9405875352965319,Yes
7168.7782373240625,12.626954649993001,344.0802009452267,705.9126844740415,0.09317202092496296,3.1845736463870953,3.18342577277355,3.9614424638374466,0.12990895764776866,0.20590038279847434,52.16560792662778,10.125817036421946,21.701211202502094,251.61076448502126,0.5596885759948115,3.7389114696881744,3.010864452440069,3.7601570883630244,0.29720928410341596,0.5348493264490557,12799.326669409187,12.87456659272656,489.14559518075805,1298.0962189906797,0.11996349730719336,5.5933750100008774,15.112736888299889,197.78949981512494,302.5639649106287,0.3489974163865872,No
4343.291544628234,24.164080304400503,245.57872048365462,448.04395204392284,0.6569809186276173,4.384320953688581,3.424121893859988,4.460479623777116,0.759253825623093,0.5343773466135424,74.91125438579482,43.41041140143191,30.08737605574423,226.53463240061228,0.64138034030647,5.98895030454714,6.286486942716434,7.052906300503612,0.33908742391706403,0.7347989729915693,8817.702979230624,36.37884488786796,325.84427461772344,830.0776267793975,0.7185119406307131,6.332709278198882,18.644283913672705,218.70806524305317,493.27923132679507,0.561661546261562,No
2662.209185539047,23.40756629360425,182.4154343727118,350.7574239742229,0.018117472374570787,1.6170598387156152,0.5279822062862914,1.2134649860850002,0.09083950140601671,0.15014667878937443,36.849475602303784,30.123636580419195,20.106560706037754,164.7190155658551,0.04471324738848986,1.620568589275209,0.7706384564443645,0.7310693996718206,0.6585705086658947,0.28968067577684814,5783.397605111477,35.252919587209625,261.5133125053182,666.0104557486402,0.04477052871088011,3.686137377182276,6.414047572956629,91.84169424154175,344.90306742163574,0.3382123851206449,Yes
7667.1211892461615,47.080220759729215,422.63740792912773,873.7916556693118,0.8224894556064852,9.710184019519112,9.681589685059127,9.97617889973054,0.9869498940991386,0.9090287869640004,80.88260272001237,56.895612221961144,45.79506726708219,410.27326903393384,0.5742726306196773,7.335140508953498,7.98494070202083,9.286486007076535,0.5033802333698207,0.8917207359232558,14472.96895262934,58.75628525765912,592.5423261205086,1485.1128818526342,0.9801491143717866,13.898383176407448,38.80502658927218,396.5857294684679,944.3509447702049,0.9973081694069633,No
7894.797017023347,13.09303463428584,368.95908552095847,805.8333576152087,0.5931503654354298,3.0615219445740567,4.2663121298581785,4.270397259432117,0.10053139577834269,0.16757753420220112,73.65879173284027,8.418884255303352,34.65223467661937,376.35746930170944,0.6496369656093599,1.9753236301624202,5.106049645644103,2.7225056371317824,0.08499787038270201,0.4710648255895944,12628.761047879963,14.308379555390298,498.87516309173674,1181.7236193595859,0.8128899440777422,5.656801734439002,27.639650275642662,226.65100700430094,213.2543185527567,0.5028744192346736,No
9979.509264800485,19.186610577961876,487.8619772437654,939.9004370594599,0.4659159903903567,4.785062432205024,6.719660911642958,7.770568509762827,0.2908763126519393,0.18927333251745848,51.98913321563358,33.0834850335731,27.438575833502785,271.49375632746813,0.68290016935901,3.3345101526316614,2.1919640240222193,2.4647772120888582,0.3753613126966642,0.1555112328177216,12518.858966853342,27.59204950703482,491.3354001558629,1147.4250410456618,0.6063749391224115,6.833456965464488,26.017090266663384,252.08276312862571,341.3570699723273,0.32225774455764855,No
3138.8386728312385,14.911675215493672,225.17375239792244,352.3236462572264,0.9952077988268645,9.1119351601123,4.853909985120718,6.637072114851864,0.9977795650374821,0.8669972407354507,72.84324885084209,45.64070065426425,40.39410264921165,310.051672960908,0.6043731274439211,4.0626593479940025,1.3472125009855511,4.0930303398945505,0.5109360089910769,0.4053571270633482,6986.835992513965,23.26667605635441,333.46240146901545,680.6342843985881,0.9708378099503752,12.961340006011344,22.290425319570975,341.9484537309416,671.9765792476222,0.8820044046974784,No
1542.269713952407,12.947876484518376,141.2512301499575,286.9797727679385,0.1638692803365009,1.626742794488106,0.32464871304718784,0.7744889063003404,0.009176107464684335,0.3146962066869151,15.749655548571434,27.558399225636563,9.058937633759792,97.37854227340469,0.5444966669772523,1.2991294659930712,0.15900679021800862,0.1159452074676805,0.6151080211390889,0.17216991696601092,2705.3671581859803,23.952449077559315,161.36242041673003,426.1927537883274,0.34500796192051963,2.637608294884698,5.540376893696874,60.14828608587809,151.4659845733138,0.17493914958769452,Yes
4662.959672310104,13.722838017483506,267.97588861615844,488.4460776063654,0.8640500132181786,6.472889543456137,7.949476654319754,6.286198042719869,0.8266416467948383,0.49723575865332975,86.12825081095946,69.66578394327098,43.07183509668242,383.63903856646596,0.8524497843562442,5.336394850772695,6.397626527220456,8.01142981065868,0.5696402372925496,0.5618701675038683,9379.425604992679,34.15467795850319,414.60409886145885,923.7761409853352,0.9835729794560419,9.655858853400966,33.71203200045367,353.8780684457294,668.7645402193295,0.6808164636781987,No
1683.2626156183574,18.954616263083174,159.31334736594587,248.02133666572905,0.9336886338696144,5.441153793879406,1.9948410673349273,2.0484233419472258,0.5305146845528416,0.7831616853245833,14.442681794591023,48.586645624795274,8.615631722593749,65.45259344920763,0.7346810735228927,4.43919335066748,3.6126219378677997,2.620720870675212,0.1983716365204588,0.7195916166485704,2110.944239988898,26.208537097661523,166.80624949214214,265.06977527252076,0.8881654691266764,8.472374759875523,18.412224010210746,149.1946808603233,237.10304375634976,0.8088808384491804,Yes
4583.269185692449,13.207256374512959,271.5082227486106,521.9001131369212,0.642813216616553,8.323834214726238,7.86274591489586,7.646978484608973,0.8029632502891615,0.7779577606454824,72.66651094113853,22.74651031366677,35.333234129299896,297.5743380342719,0.6974926585500181,9.145260237024289,7.872602633923043,6.835491977884392,0.7005736638615483,0.9430484707193552,7866.08288069921,14.60235664048165,352.30305075758014,781.1072987071371,0.603668421439705,10.41983029930744,24.036684174641575,293.5586215632188,395.4317896744876,0.7459376586505291,Yes
4936.54286205944,25.64298148358634,283.2743984472461,514.6207255826522,0.3326930761939457,6.817804843049941,5.680945482086883,3.9022679199544315,0.7895773137207809,0.7069386938491462,49.58551095533848,77.66738798404624,29.398143938448644,187.3606988233201,0.645383799141629,9.682594871501708,7.267141668402833,4.902707808581999,0.9133833020722819,0.9650357808116791,8749.716677099655,41.503314025571626,368.72015393102845,769.8089169210949,0.6101691176377146,13.234093834066085,34.60889640921286,228.33976653129423,728.0498991540062,0.9641922026527896,No
1912.3446722548638,29.987985474118076,173.37092563709493,319.4661324030973,0.9196264346450702,4.460643865904195,3.3476423466717935,4.268075570706645,0.5093756975871173,0.7971784411111393,68.77771754961928,68.34623878065055,37.807437010212325,352.14239672972684,0.7411339415146003,4.0655529796989684,3.884417383254276,5.992147354479317,0.5699291255558603,0.49138459899295195,3737.3799829804498,34.99791022740199,217.63214163500183,558.8619742770283,0.4790780386106085,4.545410102114653,9.415869656298394,130.85953607097946,137.4964776566398,0.21272528817302444,Yes
4498.129361601552,16.987434410755263,262.6791976123653,498.8212606820656,0.8603697412577016,8.299686017435265,8.170833741689071,6.158953485704391,0.8087604710480478,0.8476133740796803,62.516763438275326,31.91204531643349,28.474246170595578,347.5337484690648,0.8274540040301989,8.390910847863978,9.121150449285453,7.272569925446998,0.9729005860235937,0.6837657709915917,7046.251436325181,19.5876308745102,309.9682490335861,760.7795192613099,0.6412758710120408,11.433297737223215,34.08557141222854,246.25371811689075,734.264463249762,0.8120755768504193,No
5042.094078669149,25.96473064151161,277.5822301864361,543.4056982334266,0.7475159399753498,5.706827525409095,6.9312023349081,5.6304667666507004,0.9113266432210775,0.6047688122614688,83.76956592006476,63.616364670035296,33.21893826752808,357.0858696719263,0.8555025851717166,4.146994475525593,5.60044557008484,5.652674856462847,0.8604477040700234,0.5165068626689413,10692.663005728811,39.73044430646795,423.0560808278634,1077.603345105275,0.9556988659966226,9.704808035543756,31.147532425931114,302.0107203228883,737.3615129615823,0.7948606930182007,No
1223.0931457462627,10.861011122216585,139.04424373727053,229.9859745222178,0.9530287783656013,5.581391015625907,3.7846995949686493,3.2636308296435073,0.5758795796463053,0.9289273679120991,18.701399988088305,59.16697883580719,10.128378562806606,92.19601019025755,0.6086882516661357,5.2297451703079485,7.326041949789977,5.84993533923808,0.8621571217572843,0.9114859991542978,2736.444037644998,16.766152379259925,181.5739207439099,382.1744246157098,0.645780206251815,5.430662018082673,15.788901044836987,139.58121695807097,508.55014673493883,0.47549140217144426,Yes
2498.5314377193467,17.837170034632454,190.37093698578298,368.1588010634996,0.37631659199973133,4.719532056398736,5.692331832453509,4.5653820981593665,0.616284314432386,0.7598033357982322,85.18312867137563,35.55856972725395,42.954317783352074,310.11546615953466,0.9150637345615485,9.37529981801258,7.45564728357384,6.861463771731639,0.9979634806082183,0.8678168287564645,5440.988267283363,18.374745435419946,251.04571499250665,675.1224161548371,0.3962873636487557,9.023129085936763,28.12332339147634,212.11342404011648,639.2184996986506,0.601744549968511,Yes
1361.1658271927258,9.478716047063925,142.83067556767466,211.0254711850345,0.6211566519458692,4.1463644873727326,2.0743389835888237,1.7078502616662625,0.3656563018337204,0.48579830084249165,31.46394731540057,12.840244919523107,18.216633113916686,160.80506591647122,0.16090435961833566,2.323187549897054,1.3410069945089969,1.4618828985298398,0.07742064757074835,0.11815702672700085,3332.20542469941,19.443683334014995,209.78925920884154,394.70506711488446,0.4994806952522716,9.77112965240962,25.0379674347325,173.21065411685407,263.03327968946854,0.6635465859415114,Yes
9188.106031236859,49.744733515296886,466.0946657908304,982.9553529046024,0.8149753648557652,5.403727077638781,8.45094263398278,8.426652510633314,0.7613537718672463,0.4641543168377846,91.42003796747639,82.08898622756874,45.14198262700835,475.8612512760482,0.8822945034866243,5.732906814450588,7.366885264578248,5.8918534405506575,0.6993248151352482,0.648288669222374,14372.809947436093,58.66575491186631,574.7324220179132,1455.818036817453,0.9714196666001806,10.497946156879294,37.99666432504863,356.53543954438896,787.0752097299813,0.786089491779682,No
985.5787767184853,14.74745742173554,116.46185523428038,184.51971901146695,0.3570181614052535,2.585200572424773,1.9854195745834766,1.4064076740220717,0.7136260750524682,0.4029098027857504,17.32924039860614,31.499362012119715,10.641983681255365,78.18376238829916,0.6954322636604388,5.186327363503148,3.5796161560137714,5.116223605763651,0.8893278710331798,0.4763793938206006,2140.0277673468795,21.542984147718467,161.63994748419805,269.5146405937992,0.3309568407240433,6.955295893234028,20.86772301150664,131.41781979759193,530.0459022093437,0.6175590886752821,Yes
7060.296390687119,17.47563302373505,376.80169498958554,741.9725209244972,0.8378442799823788,9.378704197418077,8.734620267315094,7.88778468140645,0.9608089283362269,0.8650653615643957,81.26625110543145,9.719900582338079,42.75343550230113,460.5027127708861,0.17252452792753287,8.258586789714315,8.702204570102005,4.76129686683813,0.415671875660124,0.7381244368063639,13530.46264207079,34.93602021112012,553.7088054022879,1307.130890458853,0.7880109078747748,14.838836376336886,39.621665886110485,379.63517065047955,874.290475685237,0.9952000705080297,No
5429.0906784677345,27.442226066948013,287.0405543803392,600.1773508390556,0.45107279235643666,3.515856502126873,3.0031503426143664,4.749859783614586,0.5847807053414725,0.3005750813674192,88.96121064432447,78.03406798052097,46.38979619117917,438.10190757860323,0.44515074710869,3.1612516988662493,0.8728978841017795,2.4867261223042734,0.5993419930100714,0.16041692603448726,11377.175458671894,51.411187295857566,438.0042953219747,1104.7452128990112,0.6443210175426489,7.541541446495552,21.195120023737324,232.68128018836222,702.8050442695506,0.4429194350418651,No
109.84191763640413,28.806273791291215,50.97525861947113,100.34985222567016,0.3623870887674202,1.8065153313141107,0.45168823007902165,0.157167190546063,0.23236896082625513,0.5439734769818692,10.272443661311069,18.07184587087155,5.044513514942996,51.75892008421353,0.1381107390539965,1.7060477882763687,2.4409278928624762,0.5437122018861478,0.3959685558828833,0.4043778861833616,1491.546794539328,49.99240450430863,119.22660329251644,247.34823090337014,0.46989547528601694,4.945959673746625,11.917608690605551,84.26274962798898,665.5773017236141,0.6539001647861207,Yes
208.3885789557221,7.048544885744554,66.14052588609906,160.9238412313889,0.6693997329658856,3.304589304497459,0.9769570131342845,1.3969961764985426,0.4797431561076432,0.7862695350355791,34.681912488691616,32.46756226075845,15.782466361094638,127.94475614013433,0.4757665879630743,2.6177662232266585,1.4369640177299503,3.332268368601579,0.23754580949980947,0.3398516131226551,1926.9302694822966,11.009335430255192,137.54999483493168,374.78686376996774,0.35942545191076514,3.26073096895405,5.990138196805531,82.66938381393703,210.26541541231063,0.23378832982290626,Yes
4665.91145962971,9.100709463235107,262.4682369666066,550.3826296018767,0.9271637210409993,3.839959379715048,4.665382797862727,4.802574093652856,0.8215623529963669,0.6303743590022539,50.87324466126897,32.67977198048829,30.188128997889663,278.91111343510164,0.8876585516996972,3.977108135169899,5.165748448646855,7.789468980640915,0.9660798808362703,0.7088517792304584,7629.115160086268,11.305057514235733,340.803669507874,899.614727312044,0.8036948337343826,5.502897714297175,18.862892543974354,194.30842205379233,640.8682895175184,0.43918106886393415,No
4940.9116020205365,11.687923842352536,272.780976760935,499.0594140500904,0.33290400684732946,4.441272307909568,2.935636667508882,3.912635665123438,0.3692321552925456,0.39114022397970616,42.25207633828509,25.19921640985014,23.00853336762006,217.9761167983935,0.28463305538629846,3.3442107463402286,3.3041774052655573,5.991565109729718,0.21769863850750898,0.4884383796774941,10039.918954121882,21.10175622915344,431.48119024312746,1066.1738195459616,0.5143381248755843,9.644600396789057,26.66955976692205,281.60097450066814,323.66843983728995,0.6693468235124361,No
3231.36537973529,37.497979314832314,214.1676679025399,400.71051779030876,0.5890926820950181,2.344083205679464,2.8554650631589635,2.4659231294523396,0.7235371002202908,0.29218382225051437,33.980462529567546,27.588301658953235,16.43892667833296,198.75515217424885,0.06719661883952188,1.1142236807551988,2.1318743158753533,1.7724584988744065,0.22611855479788145,0.034467029118919246,5746.387643814124,48.65282800359977,253.00361335615986,624.1595072779708,0.6777095147529382,5.078916951304863,19.68941594004073,194.95618757541962,713.3210563694859,0.40607518204888887,No
6574.552614155618,47.558717768156285,353.62782878132896,676.7565056278393,0.4828521643569768,8.199172354223537,8.059453411211614,6.278342738120869,0.8487986467174218,0.44661429012870124,59.93679363491019,59.0470174356777,34.00348541517826,285.05926823781436,0.3120466989233714,6.3765246310252515,7.376742773083507,7.461861634957234,0.8522318796616981,0.5827619362050007,9718.933054866959,55.88281855683901,416.84156545468363,945.7340854897558,0.6213377982049002,11.013569306541562,35.99565088134667,320.762480150344,805.9943618693654,0.623932697909912,No
817.1112137324226,25.19599035176986,107.44979449236956,178.41464536973012,0.46799235566929887,3.0426577623620297,0.8710332987820175,1.1622999528195537,0.4679053076279605,0.3714239815678708,30.179322256934505,49.77615125496052,17.158342655669525,152.19007367482334,0.47625788347873943,3.0997627200762015,0.8218274042001007,0.8846242056771942,0.8379895013839558,0.21461342671303635,1808.0997881743854,41.22912542361275,154.3611496945,250.64178152325042,0.4051593671968142,6.856026752343814,10.110048134746574,111.74943419584808,715.1180911850463,0.47073392293925354,Yes
4834.017193739883,38.31168886671377,267.89513313198796,502.2194425592356,0.8624519968952367,5.736889012764882,6.865833540136039,6.355295395872678,0.48862030278997076,0.6189637110432283,84.58833175163862,37.945188558860856,40.18752297671434,337.8389412120317,0.5753661411053471,5.454784055043603,9.101518919891976,8.388389998535288,0.4552200090085121,0.8660954640566816,9710.456133972717,41.2015954957899,385.569716595096,959.363833943749,0.7098252630387663,8.275410590670052,26.49038837269677,252.55593422926208,285.3217053128068,0.7720062522990675,No
4784.401383499835,37.68276428660019,283.54560616779304,494.39054703188367,0.37201684091910603,8.459849053236391,6.19008743657665,6.048554582731855,0.5818538631575165,0.6225773045073069,32.72283789174785,31.61831177178065,23.134824816542572,190.06754047717394,0.43908973020745395,9.651962860527897,6.931885582134051,6.739703161302922,0.7881720801926833,0.6384446403825265,7705.30601909168,42.52886299391384,381.8007227433163,753.4199255978455,0.46104188291169484,14.507152054030009,33.75575218443902,306.33568508424526,564.1426410681994,0.7722454782772995,No
6678.52605218365,17.7415637419304,368.6755385895421,661.6853597902035,0.5202035479160114,8.214838369782964,9.741110067989341,7.716176091119079,0.4788792314588067,0.5074999974579042,74.95958287876788,42.573011994693736,38.328956507994775,359.6616993385834,0.24831027329061045,7.038027470431846,8.55167568153919,5.2102731020074184,0.5826808143286928,0.72003614087782,12469.399219034345,29.667904522258922,517.837663636807,1184.6213185315198,0.6503118433605837,11.425596029208956,37.24738926601125,327.76410085760176,416.62452233922755,0.6764245953906015,No
1861.5440198318124,13.266005747504673,154.40048719608308,300.3770885819164,0.7397876012602719,2.457398197475089,1.113612132086105,1.8570912610473191,0.34737195417782174,0.6506486247981276,34.159216956800684,38.81005601796333,13.817529329161069,182.90954370924328,0.55815518090351,2.3635749097334164,0.6447769990417329,0.40866233497367455,0.2444014593171141,0.778985376787084,4225.093809271234,20.04118900076542,191.3601468428746,561.8810558922452,0.5072082313636002,4.426872238237407,6.75856210270022,95.4516583967359,296.95250603818175,0.7608805504344069,Yes
228.13318926192417,13.034466254631457,62.85662659627763,163.37459750403255,0.5128014812200924,2.5329363290302442,1.1001129440079531,0.897327315725727,0.1937720760396353,0.9242298940610949,21.906584077145702,43.57017868944781,10.158317926139711,90.89861282913469,0.9477589791095002,4.885220248092259,4.564763569724181,2.4429070481744044,0.8440915402528868,0.9699896784881836,998.8381085033142,19.91218542711884,107.0338857027683,241.0739148822558,0.4806609487816912,4.394637722057213,7.784075775594401,62.073804454384764,293.47721356957203,0.6705852901602489,Yes
5777.6649395261475,44.73858069750294,321.5185907396551,573.4974027756648,0.2640506341522286,6.88191692831342,5.005744968813748,3.877685458275723,0.5974056090361624,0.5167390446165404,59.6692839453919,32.06185547636262,35.98211553935996,254.36713930079978,0.16486492996134333,5.106821736751825,4.979079724571559,4.543981675039299,0.1678248905882928,0.44756356404258546,12312.214106511974,54.39993917536816,509.59716317162906,1145.5943186237023,0.4710694614789826,13.535860800129651,36.66617064266127,334.4425935840945,433.2983483972188,0.8121439101096217,No
421.55575846471714,15.687883604204734,82.06811524395928,154.03118197646575,0.0476917419474428,1.5128207525334536,0.6498083919621244,0.4128338444413076,0.3151486209545823,0.36578020142951995,13.698543153591782,63.39307911637371,7.527338038764714,70.04251183420443,0.4701496879842809,4.80398282910038,6.132325890250134,5.588318287416796,0.5351383290506722,0.5200047622525771,540.8864216622159,22.349676421419645,100.61858517678085,204.46473348909166,0.020174256078670294,2.9421479818109697,7.988244310029464,69.44132165197493,244.65215631142152,0.20401235384981775,Yes
5817.735746675328,43.50762987728339,335.08226282891945,666.7722426559257,0.7892201483918753,8.966218367131521,7.652400042056658,6.3362977635061055,0.5517604559330209,0.6363480215399328,44.00584701748231,39.512188056164874,29.291311461220243,229.12398966485134,0.3601808767200039,9.127144447438832,7.607971047001397,3.896994114700452,0.7575285281860235,0.5345918595513569,9613.038422938178,55.390850607185854,444.6992073366459,937.2816429714877,0.7778070624696396,14.58564955200572,38.66571787454664,323.85437200299157,697.6835203422495,0.7934849810655303,No
517.0107199454583,19.03123433969842,97.48503947761404,171.38127330501965,0.5848615849229212,3.4582969159358035,3.0011093774553306,2.3384045494809134,0.4872300367911088,0.6745869394953715,34.514901600103116,86.27296034959897,18.27493766935904,134.37326385955274,0.9458839517092344,6.340205754448115,8.62831130038467,6.7918491896018915,0.7184049777344029,0.7825564051783465,1812.9415167411614,24.82442905119516,135.58263946006983,326.21734961528307,0.4558069107266029,3.11470054205917,11.317916609025856,96.27708115304942,147.72503372724375,0.2484778389457563,Yes
561.5135781498034,5.684577681755737,97.92644351098684,181.68306130364743,0.3298229295601026,3.424793456415336,1.5296712386829376,0.9767090357876435,0.7925317381452396,0.9207430631693073,34.900936413876174,24.279856861191995,19.043367694513623,179.12515598130335,0.8692708360294152,3.8238265730451535,2.360423590911387,0.9203956399549866,0.5421722326478056,0.7706068990887737,1781.45345058693,10.448617988034385,147.2682440512378,348.5088740849495,0.5549177993279893,6.120062699800582,9.989386065780183,66.54920134796605,308.8432406632953,0.7466923538923971,Yes
2825.3099349673303,15.195458571469338,188.85204033662484,340.5078206545636,0.13380795204053797,1.4386363363874575,0.3706472359030066,1.0488131047959235,0.49619339601523255,0.028735887154265227,29.75537123556077,52.84832310765686,14.373028625264611,155.89736538587024,0.5881031386315358,1.5721508798688366,0.42951257264110504,1.0829959984409896,0.3064825798932155,0.24010888268045594,4609.552777304494,22.722388049504556,231.32333575365575,579.0011834427047,0.06027011332368021,2.3188597782826466,5.3281169738356295,70.27059356142236,233.65993527563495,0.0055773839293938865,Yes
4320.51141151909,12.855794297031935,254.1319796770723,439.2774049195292,0.3494212406793004,6.273149627117418,4.189549286170648,4.012244851418952,0.8812168637902688,0.6599353747581684,32.54170266035402,28.46121678283411,20.652927038357795,152.9763552558914,0.4823036337299229,4.261712145058784,4.697597285104735,3.087964708409018,0.6864809652530695,0.7403663015039299,6263.331148521503,17.68461370227388,310.5677780413819,645.549542226922,0.2274513423182642,6.565344555982321,15.109905503178277,154.2048446489738,397.44106698442704,0.4328984985521691,Yes
6598.955124206011,44.57302572866386,342.19764077945206,758.1066839102227,0.526644446971946,3.725735321011298,4.631956395405197,5.939175248595059,0.14102996474677942,0.40709817073892385,57.04895998730454,18.79648836966798,28.997004990038505,308.45291993027496,0.7649697408713867,2.520871723499077,3.085844072662264,5.46195086491662,0.03745461413418677,0.39523030337925835,11159.700463342651,44.388063187636696,465.6008397506153,1159.3761394817045,0.8538818249038984,7.102026167578978,20.5266083048213,277.0666197345094,212.7094136141197,0.6219440166412354,No
4765.372798990227,22.0249641557819,258.68460509096656,457.5847635376483,0.3268899193962216,3.028607484502689,1.4002106541658457,2.0921067589318656,0.39048790498745856,0.2668644528453178,25.028570807762737,8.600792929450154,12.339019441877486,147.44637673053523,0.09724985298001948,1.2479007197895815,0.20181890811086886,0.3540586186916974,0.28692218666562896,0.02328031182698287,7121.7092958897665,26.221059351082882,311.19190549036597,710.7469062314783,0.21519911821103638,5.029395897018864,10.104387240060865,125.35410704288672,291.26107044110705,0.21881425808255672,No
2386.941957645179,16.12478404323232,179.07300814851027,301.5638167344279,0.6415975669634695,4.628864000971988,2.298748636350138,2.796864396980983,0.9156742530775677,0.72269282996746,16.516021503787407,27.388682266282284,7.366736928846184,71.75544909816776,0.48739181070405657,2.6646138097239493,2.446478183008121,2.022987023929937,0.4315894362652821,0.37445186519761275,5250.975425393498,28.01917846960382,240.85870930637327,594.037691204369,0.6234526909391664,5.455941644111673,15.12100868086189,152.41673441743816,559.9815769529635,0.4542576026833858,Yes
2369.4338194161483,39.836889449396324,176.59041406704475,288.5099274910729,0.4598888344615613,2.772278525290391,0.9068639914858921,1.718998981386586,0.6367814575140366,0.14869502981478788,40.67952447136908,87.46241953415802,18.963924817094746,161.8741839808605,0.6269035121654678,1.8114402335320543,0.6403456342281522,4.159498109210852,0.7146843822041145,0.15305491915073455,4101.174119236784,45.96664529080709,199.95093092421706,432.10848082535756,0.41142587416348797,3.584673793756039,7.147754309589663,145.13106053729916,480.32164561158646,0.07756633731400148,Yes
1886.862284893146,18.525103345402897,170.72283028116908,304.0973874547013,0.3049093687647029,4.569775165304954,2.97443415263104,2.5884783142815726,0.696236599366423,0.763228925145655,34.4981799973975,43.91456015136285,21.5724973311598,187.91149229508008,0.830233594902074,8.981535488328621,7.713244391060488,8.880732761861887,0.9774345677316695,0.8648116206672518,2948.262910776266,22.825216878240024,190.7182287708314,438.47292851217327,0.14058280965969372,6.527218577447335,14.153576498480977,138.55074567015166,598.1738043561974,0.5617434548838034,Yes
2394.899404236828,33.08204118724828,190.64128466600516,306.61407537591634,0.41443343949484124,7.20523381158234,7.239230088356907,3.142748102067304,0.27913762518278373,0.667157699157851,34.271148930278606,39.30166169518035,19.860427922535393,130.59118541482837,0.4893280647832709,9.730486616480487,9.598027603568587,4.2559696507306395,0.5386367449520524,0.9700981944266057,5212.60987941159,46.99035157202102,257.3515528007656,522.382315547915,0.42782455319940044,12.650597707607568,35.353770186434964,151.18537716986478,261.6138326535459,0.9170186513951581,Yes
2833.547123474642,30.46892997546718,200.19517202175948,356.2008781779758,0.7647272522057891,3.457535957239899,2.539549395991003,3.1160274123861447,0.4970015837646285,0.3008368981846189,32.88246670674966,86.51524127394906,14.525355313809081,174.29645332486203,0.5413514863765715,1.6378007680583515,0.8537953163750251,2.1488936978306596,0.7209926502374098,0.11612405744845544,4839.790799260802,42.112605209693044,233.05749514862586,577.4007466909488,0.40733418129810783,4.865669265757479,15.11843583642669,138.0764884641763,275.5127315147015,0.3257315465912095,Yes
2959.4738783014636,26.04018672251811,202.3336626112885,396.9970143262347,0.5504968463328009,2.698937258757748,1.0030626306909194,2.3146619187846547,0.7246165184589359,0.41770247792831017,63.05157711452886,31.47994419388099,33.13860149741468,267.0191774371379,0.708679690109045,3.1667287369973707,1.8906499744542806,7.025604091915717,0.6312114516625512,0.5833729117696711,5373.588037780892,29.852849174379948,238.042179925885,634.8434479394829,0.5414099037578262,2.9637528456581137,5.902052906696916,143.73722818583204,342.3509220688723,0.23845713111878547,No
708.9651662962283,6.868424310274096,99.75014282316654,206.35790136344414,0.14018594752825753,1.163305330099071,0.16775733163328385,0.3851398516933175,0.008768554449346377,0.23655920568687627,36.1074107012482,9.316704886789564,14.896734639255007,160.06564008354295,0.8057625057371096,1.6794903103255239,0.1610407793858757,0.2750847743722727,0.4743601833383812,0.30825361869933776,2105.2880878946094,10.06871674132,147.64742946958535,394.11619583075174,0.2796733209783866,2.2034857664428094,5.005848169656559,55.75085147953218,113.39554072623145,0.026364862101432573,Yes
1230.8872352049689,13.342357564559148,132.33694323066587,260.8880517278518,0.5318574545634038,2.9749022692844593,2.360275136375287,1.60717307997925,0.18957360046670024,0.4844501489790337,28.207547734999224,29.597907903956123,12.96853116733264,137.75322836567014,0.912840013821921,2.8818540803449375,3.729941928396945,2.38807585817706,0.11373910286788663,0.6035873609341591,3186.5459084103795,24.07262166162563,172.77088315236074,453.27854981784384,0.8238560068868918,4.288930259760582,13.895105316384923,103.77251247104445,173.51500839646846,0.3856173876467279,Yes
6031.89211261128,32.05327981418086,341.37622632263145,655.063830025063,0.38739665262665196,8.126673356253804,6.214809022272259,5.796179545914705,0.6853793747179932,0.47572430464686993,51.26281537485429,43.910623676278554,27.5701479546182,221.14185702151804,0.5101676177085399,7.32535223010744,4.060963599509341,3.3969243742290653,0.8921993921837637,0.4466999469929199,11578.69769675906,48.595549465100376,480.6345648056903,1148.4964816612762,0.5121682173230158,10.867717937896538,22.66482923232383,257.83579805745467,685.9768545428553,0.5623410034817545,No
1571.4354139084762,17.13570310404938,155.5214701129729,249.15045329152804,0.6860483851832463,5.289499487665856,2.747389363515854,2.2056399559095246,0.905901708627892,0.7555642794313133,26.3393071732991,36.91647216817897,17.704295379170894,152.9802541870126,0.547553947852057,5.514014335056404,1.98496975374928,1.3075390095199944,0.6356840504621822,0.6788528683397687,3329.9260894972194,32.167401396178256,213.60593696849003,398.7515827348155,0.7960274471333122,11.702366185857853,22.48198268183634,139.3860456521138,784.134533853746,0.930921147727407,Yes
4452.079424042559,10.452590968237246,244.11665740206288,498.9535553837241,0.17007454920372184,2.380955094256752,2.8390316028733946,3.451735792174406,0.6516067367701459,0.10822729186682783,42.53944094924813,6.847330897624895,15.7367695334631,207.1038765591992,0.3246892877480729,2.8765580413795586,5.5966953370066435,2.6769486184311746,0.30424965686050726,0.40284075901768573,9170.995279046043,17.099128036375383,348.30166678810144,971.7121810294996,0.546859738208139,4.777219361055912,20.798200362061575,233.9065390488506,661.7661224697462,0.2882748488633528,Yes
4334.327378482294,9.799367583115826,248.97026744103832,474.762779151492,0.27915175966343,3.005351214490999,3.322775884920766,3.2823484589976872,0.5186916354197333,0.28386391905876923,31.912488480810357,11.359466799604036,16.10947742410976,161.999557634506,0.6074825351567879,2.799820430474258,2.462906947117294,2.7388910708866074,0.11286317870874296,0.27092269140578706,8312.41286858402,18.885069404193302,373.33942502068044,882.1527885175921,0.7647674037482252,6.395785176900693,22.050807854294455,222.36906257848474,426.3549535263401,0.38467145720416657,No
2268.100919659634,14.017521495212355,182.4775963650127,323.0097656138017,0.8660292521149259,5.602180350248963,3.7605453829358986,3.0780559320004053,0.9738443412361706,0.8610634559656407,27.738271987911535,50.572291112779176,14.198872319273784,165.74449602321062,0.5004044890003512,4.567079516013062,4.121956865637832,2.872070431929278,0.6660300335107223,0.593826315278132,4119.8593550430005,26.68217761004658,216.70077591996812,510.3502119837158,0.6429580402323933,8.51252633625788,25.394650826445304,194.41756874716725,775.5330187971161,0.7150676944890566,No
3408.6781087101663,13.739635175834879,226.36570262256978,382.09109378335427,0.7506884801369604,7.496362857890521,6.242704833417752,6.42684544097289,0.4040893932733582,0.7608951601451737,25.908661890764655,8.448852415057447,14.57423105529661,162.47985561845206,0.2030144926671662,6.806893435156067,5.439058948856506,4.278943032619332,0.04497246676666544,0.5761565004313547,8324.002010927408,29.039560649397014,397.2966953818709,863.1663532301263,0.9067033957908504,14.867395988976542,39.084655140403775,373.56082561735155,493.6850550322636,0.976368676817372,No
2710.0318136872147,11.373089806533603,194.27616224665886,337.3107017019522,0.21213549442793156,3.523056367795256,1.5641651283998004,1.7825371956847849,0.6632727527232756,0.3566951641864934,48.6275776584725,66.98403610084688,32.03159865198268,262.26422413640375,0.4299139141626621,6.10982170351829,3.285270398965962,3.958259262956414,0.9790957032114527,0.7093176394292786,3648.5515942082397,13.826541194629508,203.7442985305832,431.74202228684794,0.06025916101008988,5.516523854148952,9.588708828797385,116.3440119328799,439.90025211685867,0.25128302538588276,Yes
1550.082364173698,24.70587908300503,147.8647727596705,284.0470529410636,0.32086797966985214,2.585523125789231,3.0107492751003826,1.7884184575412734,0.09586296890313295,0.3799957728243581,31.844311843088324,75.62333009005172,13.994441280544084,131.7797613245321,0.9693251688651691,3.5725564538803796,5.138141961405378,1.8948061283799993,0.27969416391308216,0.5816401763235539,2907.7018114276975,36.23647742522248,180.96558735111003,399.84221615365203,0.36714148262325963,4.926677664348299,19.979962432813483,105.02349946596266,145.52840098728922,0.3482836054470167,Yes
3782.2736839663166,10.846417801441376,235.68112748166786,422.39181307662557,0.6067819115612074,5.138828800445075,4.514933392084577,3.8004368051677226,0.8616157149686772,0.5295718981436837,31.77590807574216,25.653745145175908,15.414515919865979,166.89616374875465,0.258104323683761,3.567103143468304,5.501264850599235,4.011999720584727,0.6373175956348689,0.34696254970861073,7464.219593676736,21.41472689756257,330.37282420117515,775.0061899907657,0.7081392435589564,11.977719794669916,35.76317064412865,296.83106151351683,765.7841221300426,0.8145981372477932,No
466.12076938631793,19.16404134758067,98.14463237749749,168.0026445575466,0.9585829716025578,4.462801276914518,3.7365660503783937,3.0984538474282606,0.9862426878194632,0.9716932065798987,19.915113005374696,89.8776438733654,11.099663770865636,73.55620088436199,0.9756440377277977,5.1027931094879895,4.128268137393906,6.366516867583018,0.5916743591170728,0.9182082932518234,722.1922503693031,22.525060014168965,114.73567572895075,218.8824639133441,0.5969440177959116,4.225087170867019,9.354128566069203,85.2167808462434,265.9803024692941,0.48237103941576753,Yes
415.2266962267899,17.118957251966595,93.6238426018511,125.38807722578963,0.5160976858269154,4.897935426269804,1.319197578914609,1.0964945549829472,0.34221110945812827,0.8042358157317566,25.25013932102371,33.84895894980377,13.891152135468781,86.36079865093816,0.3797442102609662,6.385591991808424,2.14444001154653,1.6665213562123335,0.6723083815418087,0.8315850789788088,1856.0244900203377,24.715456490367078,152.64880680807883,267.48562445908686,0.5087759565490529,6.913672987202564,10.27373217498378,81.8754184333495,364.2807810262965,0.731103768403195,Yes
7809.412522368301,49.75045120288068,390.72901091529667,780.8736550055648,0.6080851222623651,7.617651433612001,8.444410613939235,8.086519504044059,0.46208630679767443,0.5028023458225934,60.90899914311898,82.80305924133529,24.674458021037367,349.08014575064203,0.5616449879019396,7.222055075679068,8.572859644145666,5.578825702524023,0.37791614751044456,0.921412724891886,13018.213807737236,58.484692488878345,485.2330127057715,1328.386728126984,0.5846152654217213,11.310965680148223,34.45064711792224,280.50097487126993,514.3587096353989,0.8385722222500658,No
3139.378135180424,27.389337598976365,217.55501064988468,371.1673146930209,0.3752639472950684,5.126203565574794,4.530570991142494,2.7942786525886185,0.15629030851117498,0.7369748759359473,18.39580130762024,22.060801424125433,9.85624014620533,125.5036570760617,0.10719505348796271,6.388474422050005,4.332335136351021,0.7884405440434481,0.3748786118018732,0.8193648728823033,6861.749093061193,45.18846719256786,319.8565457108596,777.486529844635,0.5680165100471259,12.563512036605122,31.54136268289857,207.45041561905487,560.5549387765645,0.8781141944948845,No
418.9021204629195,25.974377840660743,76.64340871600488,163.4630792688237,0.11840513320308527,1.0817809603457649,0.11258430487979149,0.23363834336646966,0.32281976758532016,0.24058947799742397,22.589157161949338,30.027286572827453,11.159647815863671,133.49653865689007,0.4116589993088632,1.9557572564044048,0.23260163185325808,0.3065558523646594,0.2933993253994053,0.4636130401429363,1964.462947000536,45.3477883610706,139.60395635836068,337.4619298886128,0.2912498136359238,3.183002258529208,5.390345602940175,69.50002666903806,454.639330303459,0.26333902540423126,Yes
2454.098305467515,25.214821474647607,188.96220511868182,315.5297384775396,0.3306053290723773,5.560431133533937,4.235439783054102,3.793501828860976,0.6255440856020723,0.7972334668764869,42.13615462513612,43.476014743310934,27.39156811002399,191.95118585200757,0.22217016167174597,7.946684624017489,6.310519604793162,4.687394146206008,0.44437573129648034,0.8595354613004005,4505.745351085838,42.364850611164165,249.47340639211905,492.5083623738343,0.15474849907920796,10.366273021221408,20.61221231755661,184.423254341091,437.87648705667607,0.8347901108122571,Yes
675.8231175222566,17.229374065724784,105.81524315384537,164.9638966661289,0.24272081776184856,3.457872284437449,1.4784872353945384,1.0390613239941213,0.45569421944545774,0.7920251685630479,31.60863296225664,88.11999965404672,20.6037764604892,111.1402132278825,0.4432773627965301,5.493284097224373,2.641317328573792,2.2924122569848358,0.43819294624609684,0.9205817316446965,2647.7880136857934,38.925029123401806,179.45881053286772,308.8145860390084,0.2958657127493228,6.375484688513551,14.059549513835902,83.2927144126116,418.0332468656849,0.8060610463244839,Yes
4538.645646429478,19.39360907130963,254.62033429125046,548.6946704612141,0.3990163936922183,4.208311300726076,4.232843000618173,3.3506598621107644,0.36941412080100955,0.5245720490527714,41.049166344846824,48.686836696219174,22.01017288510379,233.91040367640448,0.33115338456235477,2.4690778881836213,2.053695219422178,0.38642852275879086,0.6743904260184185,0.3465384756753038,7842.745838882076,40.75156158479573,348.23743596073143,900.6512027191494,0.3664830173604905,6.598296916252936,18.554924002209926,145.65372552586078,535.2123006773822,0.5135261040232971,No
2196.4475171406907,13.548869008423589,177.2929936018221,297.7837867900992,0.3232426079799071,4.528943934009947,2.0088483616230737,2.5001540886565445,0.541134866756477,0.42734309840552137,40.00842792365826,10.445318122465597,18.486249191369357,148.64272986842784,0.423881713531896,4.42320223793923,1.9668413015604813,4.658911625565719,0.29776786827948803,0.6895774177986589,5894.756350294237,24.59582876539387,268.189541848448,627.8113880461525,0.529489675807929,10.565258066056613,20.562974084707925,269.0393454233258,583.1574005226541,0.7290000120866372,No
5608.495609844142,23.518164444361265,293.14937230476966,567.7459631856269,0.11944135354855845,2.468264339673944,1.1871969992618185,2.2022528351140163,0.2597359190041488,0.05167842328175104,44.87415522649294,63.20572858890289,26.71945150292039,213.40967539866645,0.47325230881637037,2.6946264243807416,0.6763050904331853,4.208781561344178,0.53659654696826,0.09430908831993501,8920.590831933734,35.321001952949075,365.21798980945243,877.3580386951497,0.23486074238536297,5.205015394957543,13.536981520574738,167.79802320223556,349.4893583622128,0.11204908890352744,Yes
494.0204707831993,12.667960505564908,82.63517041268827,178.1584102462533,0.4296855752891534,1.0738973848830382,0.46541843668572963,0.24285071845181064,0.15626780337713275,0.1813863990685433,40.77468603911608,18.991126547116636,15.80816637775109,159.1552717849651,0.3603091312211111,1.1097221596032811,1.5377247245987855,0.7730641189894134,0.4638388972100231,0.018554294084683676,2733.251251920448,22.875644133092138,148.00320842003373,400.9510544594862,0.7682666615103522,2.62735125955219,12.422314784674667,98.93334682491519,447.32895861962857,0.13564218741396522,Yes
1542.8774334367354,10.0043432405345,150.69339807236017,289.7147755073347,0.7527725342585011,3.6769650149659823,2.9739392626697327,2.3913462316656946,0.766931535296639,0.568257393594211,24.021604130722217,45.13532737973028,10.908784368596622,131.05114211900604,0.7604059072914837,3.1836246674468143,2.738756015661048,1.5112546051365432,0.5217627554234636,0.3555038560975482,3008.2158741074113,14.904882460730702,182.06636915092554,460.0973002690115,0.6610578328452287,6.448422972962629,19.749672626318333,111.1233862934297,413.23971136187583,0.43415300788717154,Yes
128.42925686655576,8.159865429404315,64.93169268620188,133.8119008223613,0.3677130301498312,3.078367596114583,0.5370487962745994,0.7132560876189107,0.819893773805891,0.6598626594317702,15.754975349171803,57.96021247919814,9.203592168829484,101.84646486822508,0.6864218928880257,3.242912759328966,0.378560398052559,1.303908715497553,0.8442034884839039,0.25444479739108783,516.0161497867016,13.176074810575468,100.12399687739604,216.94875536299855,0.1350405936562602,3.5612481783425394,6.1999719876389605,60.608604653890126,481.0696619125593,0.2217556481311272,Yes
932.8280614837292,14.118924005649003,120.10758163304321,196.37984236990516,0.8808382035695896,5.948752149026216,3.2332024250891753,2.391875720012172,0.9309300817139563,0.9508924326767118,14.555761912807647,41.413771657004474,6.731915609563581,82.71943803355339,0.4892863572856809,3.7169467718195475,3.57355828532073,0.6450451762164385,0.677846922777985,0.694246226176903,2048.3970058152436,24.751923965827263,160.3080082846376,303.32269767892535,0.8521885220586367,8.251702902425333,17.50975074225972,119.84036510052533,624.4671949259164,0.8201583468127053,Yes
2875.3275882021135,11.211148089819462,211.66738909935634,330.92870926313213,0.732582792321779,5.102026966411348,5.425756267580487,3.3151552319136233,0.27535225738082025,0.7501473344100013,22.013935633198678,7.536628873432017,11.570234155529208,142.22253026985138,0.5283508507906856,6.336218810043243,4.700399686390112,3.079099994484833,0.056021139646057205,0.5886550075697722,5218.8030828613055,18.208246251329193,258.8897164155556,572.5067427470593,0.7875817391185959,10.700196714881258,31.59055647089861,241.42598793588934,347.71125443063175,0.771025867321703,No
4762.446045951481,28.85680655143748,272.1810182119561,468.6747913486748,0.7847666118694826,7.451774855055221,8.168334897174521,6.151022402656177,0.4663947235423973,0.5464886842216649,53.12779246183766,48.306659132348834,29.668259204542736,269.1006804984816,0.6642670307004293,5.92952173315606,9.553757781776179,6.014274163037013,0.30501770214914553,0.5647653852254154,7103.2348834762715,39.74588804923238,320.2586003362308,685.8006192410944,0.7890968140426851,12.126899471056495,37.86222671334301,307.157667447225,395.0114851942949,0.8626488895581852,No
1092.7013250010712,10.306644719252645,113.18904692861503,177.99416709386972,0.024074918620797192,1.4656238381138151,0.4596017671107571,0.35165265652830013,0.38925183819305287,0.22595069390055056,14.256449752244132,22.36283816311309,6.693661961014575,79.54611129171349,0.07421026377108653,2.43542427167338,0.9026674842271827,0.8538252030653122,0.3196468599577626,0.3206090905756597,2278.2791439332805,14.079381382295708,150.70401711685082,339.5485439839697,0.0012599547157760016,2.7210940368084793,6.394676939413995,58.145247728325096,191.0038011669308,0.11398748451714524,Yes
1351.7362586668903,12.983760934794294,135.40028515652105,231.88052408829586,0.20982305902336007,2.020868541234158,0.3844116667460303,0.8084308427469252,0.44543314606630013,0.17984944103005535,35.941467460239586,56.531283621555495,16.075174977503302,154.91851902969995,0.24225003216488222,1.7764535796867598,0.3651013728723305,0.38003150184235673,0.8160143801653764,0.06274537999215074,3766.9762071944137,22.332988098590402,191.1990528705493,477.93306434306453,0.1517140167151257,4.232493357212845,7.1242607998793215,72.77201992487271,457.5295155199354,0.22550085607535897,Yes
6710.340471028791,15.639435046715244,357.29780889877776,639.6510810097681,0.5966006483560924,7.379552235511228,4.969140773751951,5.343632198851284,0.9275280145550093,0.45917803762380305,56.61403424208512,40.12595999316892,27.790848929195363,245.44349679823196,0.1762050179867734,4.938941288879587,3.2023119504360023,6.072851074636439,0.47633151474630564,0.5969570693830553,9770.206014059004,20.281671962309478,412.54348992700324,923.9620119365859,0.3635556275272974,10.417587659718711,28.49613351125005,267.7496678188754,326.3161876948394,0.6507511292219507,No
376.7362588605893,20.22149061311219,84.30914095907326,177.49257602999862,0.8853242294414834,3.24415655924861,1.3554245247990866,2.1055786032665775,0.5204676932795221,0.8903837463160192,19.386721420597507,39.63500655203423,11.20712960035071,127.15301686563619,0.521739857943825,1.6562958040093565,0.9261678477076233,0.5507338950024997,0.18738570342351135,0.14199380151357793,1019.0799256367293,35.35053653651124,122.14776767211733,281.83520943166747,0.784988385273208,3.2867976116038697,7.8424102005814404,102.69247950938332,222.91980223084315,0.5300290930160941,Yes
1477.4422341103927,10.598142240687835,145.4805265414168,254.41472948545288,0.6798655769474176,5.362925963070629,3.8775778944919455,3.2913816301540284,0.6739477299911824,0.7137315946140163,38.15845475131785,71.13518555194554,16.890847177307204,162.03469784270598,0.9430327791334832,8.108833101768424,5.609906307515203,7.50526004092805,0.7733166136462148,0.8443076446367377,2823.316189404498,14.397626439440122,172.37089220039977,410.50811519960484,0.5409456307451183,6.203163548205514,15.498071867111895,167.4880379212728,286.24758941677715,0.5693041178321386,Yes
1530.2485885941526,28.133459143454512,141.0186119167395,247.83959084087186,0.34033733747789174,2.0226118546312533,0.5045957740337189,1.27975630356924,0.5933627757336399,0.22336761597617016,32.30549584704034,81.43814750501711,18.01991506167098,130.59681893363052,0.35785399651476424,1.7816896984111186,0.2531643375986004,1.2989202742717756,0.8996633891885637,0.01361395711777641,4675.437866562976,52.22895851485175,218.27750241997117,549.6343675768383,0.5675356834062611,5.346620798951422,11.40010637098204,121.81274362844664,706.0720786684825,0.21911333105952224,Yes
1295.1895814087966,35.640256060368415,132.21876884036874,199.52533498277322,0.23110835874126212,2.83860344773934,0.6173862191120155,0.7512245112453368,0.43931253414396676,0.2728318682214169,19.303188142012967,15.71910142410343,8.441004826138638,105.81497367482726,0.17658172673680816,1.6262176182494605,0.8093731274057323,0.7034436479138563,0.14801660175845738,0.027837250114092993,3846.666300522284,40.85062596040069,194.60302815517255,440.1828319863738,0.568156916475359,6.82222360593148,14.871132176577058,137.27860468420462,517.9470790055678,0.35102365804037505,No
2404.651526734361,12.16540891000486,177.542048720883,323.7729130806267,0.09337895494023035,1.4874496618125241,0.4204022094410624,1.194397336477654,0.0635832281743367,0.08129183328819795,41.34111687351614,22.03723038102634,24.476818204139256,203.87201560582963,0.08992835935342475,1.1980983235003226,0.2159814627328179,1.424924002997885,0.11298289667561617,0.026503467095676247,5296.396345824715,20.421240607860963,248.3418019624586,596.6327084162463,0.1216371110713913,3.2303677551496075,6.184391297940371,143.54344740123835,271.523245155348,0.07492957990439064,Yes
4037.739132284861,15.411860773167914,237.82475382946794,490.55499209321715,0.1981729821034719,2.73451037653109,1.6871993886279952,2.7411454397189643,0.04583312847216753,0.1634850656640034,41.66412627345691,54.86694718429078,24.038160200189242,200.08841499789202,0.2638695231830323,3.8662358323500734,1.7919287927684244,4.329002476729624,0.36691185210582344,0.4469392356284311,7069.806538057263,27.732213162188952,327.3641552504889,836.2908994602258,0.07266339807456018,4.368138165654837,9.803247438955983,149.57702220176688,147.18068443161746,0.07308321551028896,Yes
3451.5155078847265,41.397869928397434,227.83383475294946,371.6039794076687,0.6840103566567269,6.128634578854912,6.449627978668906,6.712897504607575,0.8303959195809258,0.6623010938274652,57.2633817451337,69.13263289029852,33.059269707021166,201.7647648523131,0.6162928577549585,3.224849579168708,4.1895504797356145,6.8612149434326986,0.9046374672575083,0.48866122414304514,6802.761005107284,50.042606673217875,319.14507335450753,698.7787725225182,0.6949826187896306,7.067477068222817,22.199582579036527,283.53728141187355,619.1463326081422,0.6045299648900295,No
6794.608982246647,14.266901021357,371.60925936439463,828.739760937111,0.9616233251370188,9.406094534894626,8.98175400632813,8.899942022916177,0.8613094000451693,0.9640091691554957,99.98559505802658,50.11110156844876,49.1544711414571,473.68796940538226,0.48340956051093115,5.966897774208597,9.355541487887786,6.114440726525942,0.35665730139621304,0.8047117642421491,12295.694835935119,20.134456140202136,494.66680782132045,1317.7173716774864,0.7251555491867716,10.015115239142052,33.820445901861795,231.70581088014433,255.60777950236883,0.8483656312738506,No
770.4519774275082,6.549725555050008,111.41140259118849,227.86303614879185,0.9722286792379924,6.664858289963901,5.140870368121147,4.6242807788872025,0.5572161533542588,0.9999796625631996,41.49089541831957,65.57954793762879,23.348596329427,168.93601499005825,0.9942870626616425,7.456867625011118,8.357079493344765,9.909963829755812,0.46987301821203487,0.9776937351505431,2699.9307011699034,14.690192836127915,175.2160098892581,456.8874147866202,0.9350164322336927,7.296213602592422,22.06796652124328,226.47619499010295,241.20813756363827,0.99082663989892,No
1973.2678750335665,10.081167261533873,172.28736248178652,327.22469225028925,0.2516081521027386,2.788641570774464,1.4912102466655568,1.2897894885164822,0.6414711032462387,0.34898031738332824,38.5721551414885,14.221666541105552,20.930100793403387,234.46637646200816,0.08624920670989972,2.7630590044912133,1.8553060888213813,0.6789231834613729,0.3022384764647116,0.24074757109064654,3927.4365002455775,14.469423801492937,206.89124600408516,569.4125317684866,0.21516201043285033,5.042372514323591,12.189511698396302,88.46991553916246,421.22159342003374,0.36614530823142816,Yes
8039.640715940476,29.409678374930646,390.9961726499199,912.2628422866054,0.6790942481917132,5.869247316208183,7.33758799946906,7.844920255731984,0.9287284820409227,0.34729432196278165,62.38096865263081,26.894529121906526,23.893676609926576,408.1388503279726,0.6540264757738944,3.38089190607108,3.7966249147152666,3.4441900206493856,0.31179672422488064,0.43875842998151093,12707.231282731977,42.23517241781663,479.4001349803897,1334.4830222283615,0.8015787141127939,9.85167953557022,30.665772687224187,328.67923612129465,623.3092601105279,0.6955410707359242,No
1493.32838706626,28.34261667520513,144.0085551184068,273.4209477979825,0.39037206817490816,2.4135357159444206,0.8770155006797147,1.7385698517477541,0.5786658232520205,0.48846958111562117,61.271748556899816,55.77909696182259,34.02486120500755,227.74400984877104,0.32471641278677676,1.5814065378355546,0.500261158960163,1.4285679152455724,0.9579613128941822,0.20440633308650047,4157.060500319594,41.29923495907807,213.5938035410191,529.5158594812782,0.3289606078226637,2.4668760510052183,5.497892153197561,77.01726960123194,406.80907286370905,0.20249866218927115,Yes
9733.493592618712,49.168108601518554,497.94753504173957,998.1888021758159,0.7405586245707778,9.2348565655619,8.350532695035186,8.697547658859031,0.9735524316309504,0.8776258608512036,96.87639367175832,46.79414221002906,47.266999452412506,492.866540396984,0.6728015512388862,9.527682561397253,6.352948902969109,6.66923324986362,0.7577470463493851,0.9158228595800318,14462.931911564912,51.07121252628578,575.3538728812639,1480.7248021798327,0.6137464280753565,13.450124706588428,34.05802854475319,322.86666909342955,670.9132409563828,0.9185608094981242,No
7584.106822429747,29.873331304807124,364.0704616914253,878.1977585763889,0.7491440363653368,3.410567151761326,5.9244029876027415,7.761318806033184,0.4638879458813138,0.3661049450549133,93.31062029377327,41.82714805931267,45.769022200339215,476.4395188605807,0.4040501874057387,1.5347151024017667,2.120748930988441,3.974484503546562,0.5431779458572619,0.30800972849995867,14327.119585974659,49.05408304178774,563.4912249472007,1486.1093252263415,0.743560931808048,5.2477312863062355,22.05382066257818,325.16625589082713,433.5925619594927,0.410459078699162,No
5399.56135887692,9.486868478326752,293.52719986681757,533.5989053031649,0.5241393239024983,4.209736909336427,5.432706100012968,6.616631517887526,0.885529428560546,0.11778859575574224,37.938815933767145,14.21930095044917,23.44572328007382,190.85131183065528,0.35934057388644614,2.4606527747153684,3.477977507215183,3.3168323118552103,0.8923768209924787,0.196620077634848,6969.6065477647035,16.19101610059717,321.4902905000365,630.1207567192704,0.5457976757221287,8.516184962696416,27.116231391866936,305.91368407254373,959.5193796015071,0.2575850256905851,No
2390.3061780371927,9.738333709253002,181.8892642919572,313.13510491132786,0.8216962672553976,4.565789434193875,4.263320175256008,4.210033221450381,0.9229092250077282,0.7147207979280819,19.859744856391853,18.4650558126803,8.195185660398147,83.81893243254841,0.5451055926719861,4.301668861804866,5.818286057372146,3.9784653107980708,0.6305998081469253,0.6328774403176483,4529.295851523835,18.841028520949283,215.23764194376162,477.925166597149,0.9244862729746921,10.48782993386152,26.18815117808907,271.2074191870483,737.0933598085693,0.7633345440198702,Yes
3762.3500466699456,41.15884864225369,240.2876988065238,460.770615241704,0.7647946112567272,5.13284085662265,5.039248368192277,5.035220549838358,0.3750057767330448,0.7627053618406381,40.039268941540634,66.29081249325606,23.87293136538276,248.6780709103622,0.2865584971764617,3.202813780238519,4.6824722097190135,6.180783060597468,0.3018458771628415,0.4239150909183296,6782.2305526734735,51.80435566630657,302.28429672324177,785.908848273247,0.7473104870717642,7.8746087915632,22.73409035557521,243.7094361160669,439.5905577926061,0.7114477110009052,Yes
4231.248847546881,23.78562883954054,248.14015756524094,429.6967943259299,0.8728455956032628,6.019701998814783,6.328239290175996,5.641733784805764,0.5099971722913048,0.8099283741993539,57.85771933284117,77.03238750849293,28.578436336673075,193.64371028023757,0.37140752542065736,6.856359739199801,8.736542264216604,8.839146706910375,0.6473217302434512,0.9465517554568865,8258.446754103838,42.81764617841009,338.2387168072839,732.8541963738098,0.7328946458108972,7.6260221578715415,23.979572276609428,239.0608599544073,410.141969980942,0.7962233017540112,No
5519.860475087451,23.514989028673888,312.11207238375516,531.5138010486445,0.6251332829349807,8.003773709903736,5.438320596903383,5.626119954593513,0.6351756228408381,0.6983862793605798,46.5633521588729,15.004045608679306,24.557793089761738,200.32005054639387,0.11225163463113147,6.305489535237088,3.769759587253464,2.556759001434821,0.8006091542042139,0.5201011389345075,9082.203931057567,33.81641838840705,399.8181645118445,814.5776509997523,0.6446998937412027,13.266913253739434,32.23042406387584,295.91826645968473,945.4615063944038,0.7592579346351018,No
6338.930096250858,10.755282937474894,345.7980718954411,623.0582932128565,0.9712243985727778,9.07421032881685,8.988116886625733,8.928188180765353,0.8350602462458063,0.653192373923263,36.983156281446725,30.968433032523183,16.717944961657935,178.81485788977417,0.2509331934796624,5.3331200147784195,5.928554610371059,6.273723735266873,0.2564514095009611,0.5921100755885206,9499.159621825876,19.395328421856608,387.6100235046873,895.2340450925809,0.8513673958888028,11.796367130462363,36.7555301404201,332.71463125824795,489.11144093035324,0.8229079788729913,No
1806.6107408829291,29.22552837179714,152.15793889118254,269.84983588725487,0.49735174633203694,2.7743670661339968,2.144310782730937,1.6891710938475548,0.24920555982183623,0.6662885616095363,30.404133239230962,47.8090176371592,11.028934973545269,136.9662116782169,0.3662331657565745,4.654872863063867,6.149030254715472,2.63575029518501,0.4623968456702865,0.8116548817113353,5248.695833032999,49.388925516328754,232.01150067209892,645.2399782627167,0.703136192153514,7.9759666363335,23.754517506262673,138.31210719417956,437.0123189887943,0.9191304839603861,Yes
591.7493645910406,11.60285751027933,88.78075392253051,191.3881703207719,0.33388057554779105,1.5323163180302894,0.3970278397111744,0.5540517623438135,0.1045028677031507,0.46318995937077323,13.874058963028036,35.93490930911366,7.126055082737142,78.03733358249355,0.3116887925746634,2.3730735390837543,1.3812859131988444,1.012701035100946,0.6365279360540086,0.2265212284771791,1269.4469501056171,21.068664564271316,111.49370506903243,255.11644401148436,0.2176513332112165,3.9195671477858642,9.831452034627063,92.47455588327196,248.72066865500614,0.4565056146412495,Yes
9307.269099011324,11.061650387108822,459.5051389052064,923.9699196302105,0.8550425998503872,5.879408683538436,3.992853323558084,7.683290598194885,0.25087897919890195,0.1690769559758143,61.57373862598401,10.881577824455425,30.922325779073905,402.3488217497417,0.05519744677496413,1.7506981936040666,0.21031799754135927,0.29651435218416533,0.3366281284232706,0.06825343644213527,13871.610790638882,19.937923959973276,541.260741102417,1359.9919006690302,0.5653276385295839,6.549914786997343,16.583055579868347,241.31530121155018,260.52952248772135,0.16468236398618052,No
5720.953932527052,34.86065876543175,298.9412116901133,574.4610694265075,0.05155464104281354,2.071907096624474,3.330610874760729,3.0596964450725426,0.2917369255507696,0.11316659810548402,27.83757499587829,19.22571522545452,12.674781850601665,135.04212324313895,0.06849047766316313,1.645331623556753,1.7775961575359924,0.7746347027630222,0.5429898219928134,0.13704244831025514,9986.608602445702,40.58123749913774,391.65226962462475,917.6660423612731,0.26922703036062784,6.161546618276098,23.608969046569655,208.69465713043056,728.4941820963857,0.4276992952671507,No
564.8692356529582,12.732088104605122,85.01743363365881,126.44468709464255,0.4652831058903535,1.6873411619685317,0.11069342535760687,0.23378016712004318,0.39614584445625367,0.34961553597772066,11.436675199391052,30.268827463631318,5.100169142934534,63.622436407113376,0.5405608766855926,1.7442072578985273,0.16697900171357452,0.3039186853636592,0.6813193984715141,0.09422973953369457,1694.6240922004342,24.726563343302935,119.35386405132967,247.34005419807963,0.5533980183378935,3.6620328444279058,5.583839486094422,65.82972099685712,429.81677852699755,0.1903292143324501,Yes
5127.240844057115,44.18577721762092,297.35824308610626,575.9062840880401,0.4291204385533194,7.756090568016677,6.583437319970113,6.194831061893739,0.3581111911334227,0.44234594552909523,46.2612492597983,72.21649103608344,28.5266773871847,223.21004898871567,0.5985812743199939,9.542298548949608,7.200630955124038,6.144695981467311,0.6210299970965383,0.805169657204948,8109.993347184291,55.31175395431466,398.08147890052226,798.4884720929869,0.5571820297891854,12.962989093337907,25.812852517795662,254.41311397654505,273.8630516946812,0.6698200484584562,No
5494.613461063529,32.95745642379016,304.1666329299384,525.0083570684595,0.23492911031083552,5.739604454619921,6.753560014616522,4.7198698828172585,0.3772408937275761,0.32816246132908145,44.1677825447875,21.689356560418,25.88619455718414,196.50124346738812,0.1743443680777541,4.79279819820238,8.52953277651711,4.20463083567113,0.5401944980064539,0.4002839588499082,9969.25539524351,47.76020033965342,430.10457355396505,887.8061793065227,0.5340045750685418,13.134186820644658,37.25365048015385,352.57821745215125,597.3206973972464,0.6048981945837063,No
7358.182515121041,20.01485096175948,360.09540301156534,780.0752640263221,0.13963556817830725,3.9569575737658838,4.362532226265929,5.3508911186483115,0.48812684725064776,0.2415103226605585,56.52748956060365,24.420707842814867,28.161087205196942,311.9769286584618,0.608582207729646,5.188215937453081,4.95620239655389,5.556876685129787,0.8047289699462881,0.41505085607403563,12227.691405461921,28.946023615118634,483.5283030236043,1207.2486361790895,0.253092822427855,5.614892697429212,16.76814174599339,269.4707091878658,582.161176043452,0.23430818327583552,No
2839.513170689629,28.591983472352283,201.3098661236751,357.33602834044837,0.5738912128825328,5.546465569071616,3.9715714119500864,2.89919511217253,0.40348355364899924,0.5370220564008961,29.80684975607095,52.50408258055254,14.120864331350685,154.33980335643773,0.2699052825251441,7.021712976639493,7.595218173387121,2.616328279937318,0.14865285171576886,0.6147658760273982,6893.701173367764,54.372285683895754,294.195454137148,739.9917194936698,0.7471211919162635,11.775561699342825,33.35233085076323,220.1083216235616,302.39602195966296,0.7377633682708944,Yes
3414.3447700648367,12.187784941905747,213.66459350111836,419.3281349543294,0.32364973224499427,1.2234609095839166,0.32146270276333394,1.5259293157717069,0.017720607204808392,0.12901008215947174,29.737375554962288,21.7639894715361,12.810070164509936,172.6166873761869,0.7055477182211793,1.3109039065184604,0.27021247959970734,1.8573878756005648,0.38794534154094584,0.1480322426778919,6408.530177501051,19.210658531517293,247.22706026199606,759.1259074620143,0.3081896932875143,2.320651668132173,5.85480933409603,106.19047266794507,135.90465515122474,0.09358857095872047,Yes
487.3401269791363,6.278306168634671,84.29129773758252,176.7610593449029,0.3214470499090762,2.1479952275148384,0.3895998550112048,0.615240732196803,0.5874179981287493,0.430867126423805,13.877439588979867,5.431627658456414,6.4122775394698674,88.37657168566076,0.5562167610725034,2.7495507805234527,0.5060628235174068,0.9572910403358975,0.6826418940290977,0.43560965222221326,1148.0483682373874,10.000718315920663,107.73140715500139,284.00677600616274,0.222660658822603,5.269891862868434,6.396000779652094,74.77644520098009,534.1272772152038,0.5798261105785958,Yes
126.0790520575189,29.052582926384705,53.156747384490075,138.84757948420582,0.33693622652231164,1.821574284780084,0.6451626826809487,0.22051982731731515,0.46571145230652444,0.5233459033237201,19.184093458341884,37.54176020145448,8.840702152989444,89.01284637018249,0.31054474824781714,2.2086439273623957,2.4567685263174517,1.0543702492526519,0.47247065249421777,0.5055265967387836,1679.2154207728663,39.76144991132529,123.79720238374622,315.2706580079282,0.4956212076609071,5.575831269952704,17.66409732027835,80.28311241992392,638.8176952711577,0.6237565542956666,Yes
2978.7993492029923,7.9851777810891456,215.31754001862262,399.555892715971,0.6347510058344238,4.027201762658098,2.610740610299626,2.986786260127176,0.555495938382285,0.3526639935095919,58.89535134003342,63.008157598901484,35.73326854234157,238.60307888545466,0.9143845066829064,6.584158832720686,4.3943995330252275,9.289623437921385,0.984325644345468,0.5499626664618854,5610.692324009127,13.066651775272367,283.8469001997767,689.7203943353596,0.294536533020661,5.84910732301838,12.615157355913889,143.80530008205704,335.42492290707276,0.23890403896789436,Yes
1629.6098365575776,10.512039295192267,144.29952764423444,284.66780681546715,0.018824305593572177,1.1857201607737995,1.1672921514067554,0.7648441107098097,0.14760044527116734,0.04288765765500491,37.96745994234845,27.94471017254335,16.052273253317335,209.6521659308841,0.5480262342539142,3.2160276881523377,5.573225900566667,3.5505446966351495,0.7496313320205376,0.41013255910181695,4014.3815157870295,12.492868562322693,204.95236875423993,614.1975239205713,0.014864849077988296,2.9825119103724567,10.97428284296132,85.2790288823278,278.35890241463454,0.07836413245649221,Yes
4466.855184840555,33.066978898297194,256.20368945960024,526.5163879743313,0.8152178840962,5.817352653946054,4.312159977928142,5.154273530279899,0.8794278600793537,0.41600194945319113,92.88666502979272,41.86014476059976,47.16254720023185,441.0028766681523,0.9037097604487897,3.022725781070396,3.2659790312497403,7.820799420184397,0.32755446902004015,0.3810936634887895,10649.88203804751,50.15516899480305,443.1673406827058,1184.9829776763986,0.9656915410016326,7.290114114185507,19.202554752580603,256.00225596744826,635.1149515117042,0.5435131443043335,No
890.6692308850281,19.9816591100246,104.1030597359638,184.37442720057192,0.2797312800098507,1.1881396812056573,0.5151136449516115,0.41861849165725723,0.5757914405410163,0.27788836301606634,23.386337384359656,71.24893721638314,10.77963128799022,94.33269239165358,0.5833735017015461,1.3417081750920858,0.5885637022969041,0.23209962448937338,0.9497869248826685,0.053242595302401885,2211.637051789822,29.774101132451587,140.72024629784664,285.708064041225,0.2875545646578938,2.2467397773862103,6.268681502416362,55.51470795232251,544.4614013500242,0.06852967132404736,Yes
2882.3511752030126,7.53055648560136,203.45471911105423,336.5508935066205,0.6427527240700055,5.142909505821472,2.0094712609316545,3.334711770824244,0.4177868434023966,0.7544876096489079,27.709780854177694,5.246815796587601,15.383712778912141,132.83305552671442,0.5351208312661072,3.982287569785058,2.5885077517222808,2.884602793140397,0.11156313120062267,0.5620656270181458,5428.178375524553,12.299860818992233,262.41429924343714,554.7753970971729,0.8448137272117968,12.125575883907477,22.21064896719229,264.1095932924549,392.80691708505753,0.8726820423446418,No
3910.5715399378832,30.17036678934537,244.8621292346637,455.794965589491,0.21037904190814283,6.1995249645247785,5.983559407199555,5.3324755235438035,0.6253670962025746,0.48151523079777064,75.4527596882583,83.09981733205045,33.803329327478586,247.64067846293244,0.5323451164914964,9.728505493779673,9.248273971623462,9.563212510752688,0.9699140413575851,0.8943305349267259,6834.261279154874,29.17032442954666,290.05293364398665,721.4267485793845,0.07090790105800404,9.134616700207276,23.608923427461377,198.18712060145438,267.90121181806256,0.5629989367541299,No
1837.8581396929271,11.702006254318933,163.2774321437365,298.4643214066107,0.7377172685431772,3.7568996804177273,3.3071855170660416,3.6138269327761945,0.626457582898483,0.7874424536014046,42.68308886074494,20.42959783187936,24.467994131141243,186.9117572408988,0.8142729441345846,2.6477969742315834,2.5865628939574536,3.5331727640403483,0.760580451009762,0.539503999435149,4808.155323805485,17.22823229615944,240.94229451998382,578.2346725714483,0.6954013623474524,6.275777977959429,19.812377925142314,216.595041715048,703.2480832066086,0.6330954876470628,Yes
3795.746053416351,24.438655450471487,243.87678678451059,475.1975352956608,0.5613645639461052,6.341407602918779,7.323759936155549,4.096163801221455,0.5866450456830323,0.7520572596665924,57.368750287025634,78.62160957641609,27.460382521277285,242.60148513006882,0.6862483063999045,9.708679930602898,9.980878040024816,9.95157815359203,0.8386717772909804,0.9754416970219788,6643.871287111507,28.181314257528484,290.0620003766033,733.7162678326533,0.2060022240219379,7.739944545832753,26.79422256108005,179.98887836338702,271.15085904685714,0.6237885531399374,Yes
1748.3483915772788,17.072515801919597,151.96840839566372,258.0975565192796,0.12095993044681269,1.7508312536550519,0.37784267318363374,0.6491469651981979,0.573450552670964,0.13779180738604802,36.16961549515227,25.19585896218945,18.69215541357923,158.46540427859915,0.0893345302150303,2.3020965744660367,0.8335968658953998,0.6860675071264187,0.21176926684826192,0.27884713106692305,4176.998235241536,20.641340262280497,225.64096642830341,483.5908971573384,0.15143374156451228,3.1712194132203715,7.471487152865922,91.11214927380664,304.47405261132286,0.1774331150843224,Yes
2807.7510133824235,21.087758863304455,195.65665462670918,371.94191817249765,0.482608527302359,2.618285887091745,1.5833394008479307,2.3904383351693648,0.1283996955573194,0.3958431643667049,25.31632728212841,11.618119450683105,14.23531847466252,139.72562920310602,0.44082409084105584,1.7637618867455318,0.31756689178051795,0.15354230710243216,0.29176591097012616,0.14887701753203253,4647.144956387512,22.66244988935188,239.4160723268248,606.0432626085212,0.4011649407096583,4.900786948895344,12.520693278411336,117.56214143079242,260.96565743108977,0.28514795976990037,Yes
911.0366961763364,7.14871562640717,107.08693772038829,171.17488095665482,0.08247153643249738,1.5172045862370291,0.5494507428267595,0.2578948873816051,0.006784235729201504,0.3869666136790394,15.561955058925268,34.06841184472674,7.070943267588706,71.20836535399516,0.40096481770065107,2.1196319954225777,4.520344061190359,3.3334209293804378,0.5430740912558278,0.44140330907414127,2349.0383050615123,16.545324866489235,136.77236347979948,318.0459623591414,0.08860077936102168,3.0212922903327724,8.241250249198544,72.81650851579391,165.95811332891176,0.22465112566089707,Yes
1872.7003820444652,6.723905133504691,168.7581451750643,294.12071875227724,0.6763137669909645,4.435176252604286,2.361583333201021,3.253014226354647,0.8585330553815238,0.5607830112462808,20.559704528407575,15.047805297206168,10.59850422833747,107.25971451608267,0.32404654906337815,4.16426784776365,0.8879946885593188,0.8218836244653179,0.8144518600019646,0.509092663717665,3694.301860218507,15.106182123797304,205.32876786594167,482.8220685598392,0.7579543807505722,10.480161683276407,15.751592888786007,152.38290059279691,869.1174525457566,0.7165169530185866,Yes
2826.839122629421,23.452485804138686,206.80077906434158,331.5915434752149,0.5051324194234965,7.9155542095838385,3.7587999691092095,3.063723321067181,0.8226484940786133,0.6145302696128019,46.71225766998841,20.253343546764984,27.046650825501416,173.1359127884787,0.10783915974429531,8.749195847767506,4.873864822411367,4.13873793285795,0.517797943839549,0.6545727685798108,6995.384160392487,33.35726519187047,355.31796345095165,735.874376448387,0.27284736178934454,13.023283840139326,21.739401052328894,178.54342261624203,454.27998623977027,0.6526749061004511,Yes
7027.178289957577,19.59209906381613,354.7419390787976,646.3216063548743,0.31546420546220155,4.348530570896632,4.814187674272217,6.0886920835033775,0.6547758451403485,0.22456419039243636,37.605130261408,32.352433517643234,16.286844541761994,182.49821262934617,0.1756507755291054,4.861788731126859,5.220209584068344,6.957724859214465,0.590934672204582,0.6939011164829414,9673.402410372953,32.002896314915084,379.950341887773,879.5911707633722,0.22517785468578805,6.406897380835285,17.732780757203862,230.56006757569185,524.0877067021546,0.4367787185411827,No
2202.988370302882,27.489207700235795,176.7164610571612,333.341731427122,0.5732772869843924,3.6282406578755677,4.380313712214827,3.3927447017800927,0.7819483448415008,0.7027347395516303,73.69300910777953,53.77588981682837,38.92348337498303,383.61765638825534,0.5942951305496271,6.318130548629127,8.251758434566648,8.547520449050321,0.9737853012972331,0.6438558613497898,5126.798309196095,43.37474987507356,241.45544801719237,679.4863931806424,0.37617836606691146,5.4439240188400335,23.943364454138287,228.50265984942155,693.6517902730141,0.6158883013017056,Yes
2026.3424762613508,6.673107897022601,167.5081134408805,288.9780167268852,0.7580611702700768,2.6088534884630143,1.6994344375069241,1.8148233623870644,0.2854382261719484,0.3536331658459036,15.367161402581104,29.60010752496228,6.840869815558631,70.85867170448685,0.8303238604405939,2.3480811312536245,1.5395195748118091,0.8626462419171035,0.5516544759984388,0.3348738542613433,3415.823252462974,16.50080794355216,178.87974351027216,406.52631753610666,0.9018331286062994,4.659590803870068,16.301823629019136,137.7658402984699,375.67501341729997,0.42213600345200897,No
407.3296618163534,21.72720054770512,75.15780710332706,135.83322005259348,0.08418094566379808,1.6183141329241226,0.7345374117736695,0.6881138262208598,0.5142175045085761,0.46803815735402854,24.441708920277403,47.90291213203224,10.10175113496738,78.06977062166598,0.9023509613674852,5.213734420153284,5.105852844632936,3.2892718213766896,0.7280185121538498,0.941246119338481,1015.0864015573527,30.858643473527092,106.9564474529915,214.56676027327794,0.35112996577715905,4.693769803489211,13.098267976478763,89.12474662017983,299.11222006352136,0.5838487864592997,Yes
1120.8562101381656,19.588005911590994,129.91401050735593,237.57901325274617,0.5059639944419575,3.1148385049336547,0.8860687273260098,1.0404852416686046,0.7303086809659642,0.47951219499692843,36.2037943983241,37.85685195708144,21.161312592845547,143.65330067666298,0.6170179647999043,2.0205762852296987,0.3118477449741621,0.6257870146296294,0.5573564172670115,0.043709252283289146,2251.00660465877,30.15214512654369,159.59043474078936,338.4653511228494,0.634956641847597,6.042244579100258,7.690074812270737,75.7634694552106,562.4003217169518,0.3828107712943409,Yes
8387.755722070564,25.195483413233653,387.14032861435453,821.0732862609518,0.1361542099071265,2.1916374032909727,3.0684849153607376,5.290472870226148,0.28601194874622304,0.005388705265684524,59.35434797590134,34.305153791678194,25.709097630001747,302.4003449662858,0.5450801039328113,2.1444163787665995,2.6249027243069847,4.1280343537802064,0.7258347712677801,0.05565681682919732,11885.122807067024,26.250767403269318,438.8869435174177,1121.7564107745,0.05798094026298373,2.4937180524408373,11.87603610967209,203.60774935492302,249.5020879661835,0.00011903839970123231,No
1552.6416540917264,23.155785839070663,148.85342001698194,272.2800126854955,0.13396297688484116,2.8677994172807058,2.730865698487859,1.7030646413897768,0.45242278396804736,0.678316897595913,21.568387691216024,18.932561075930334,12.102202275407747,121.91248543654623,0.173499728381522,3.1894790841014,3.7264868586608415,0.7855049538868665,0.231472680170827,0.46983182347941593,3691.8864234945963,31.618659404503756,211.6025183248042,492.9973281014613,0.4171246104620245,7.935652055620543,23.90429898715892,129.41343785557777,446.9466872718528,0.8657278607941731,Yes
2856.6780865877927,32.997860707084705,196.90590352088108,321.04237259517555,0.2683826991553498,3.7684696998006832,3.129241238213931,2.8010264004408976,0.10157182377985052,0.28917259733021283,23.535139034218854,54.81335432469322,13.225689891477122,99.62622660320311,0.15370410002069446,3.3802788403600887,4.986089044433414,3.0177200313143695,0.1779222791583619,0.27725945979194905,7088.038885435705,53.796976558181115,326.45811456197464,709.8962022653615,0.5329597701495856,11.800734730642088,29.50831100766878,216.9517740468174,344.69111224875775,0.599802765127608,No
7486.054475127182,18.46115489843727,381.7412118025715,738.1498264581372,0.7215694302024924,7.952416653830358,8.278476285300922,8.284412453742222,0.8791816349956876,0.43105432981182557,86.49881517143008,17.52790746288139,42.57707274087679,358.9248800643531,0.3402597153869259,4.776443688660037,7.08528669115315,5.478791730616348,0.9473699896665863,0.26013783521351863,14199.931387760229,28.669905254443716,575.9179545285275,1411.6875675251724,0.846327907466011,13.136441347976195,38.111418781000026,382.01087974732167,868.7228518390731,0.5780078418152398,No
4851.24020276169,33.985407644230285,280.9134012555029,535.1503221683606,0.4709438904383854,6.971814237187491,6.308339173809869,7.191368813292903,0.5659390358203366,0.40165435479577327,75.39179467126043,19.829630096567787,35.499664807720116,285.14018272520735,0.2123488009704222,3.115857611784302,0.8507057150453335,1.6364866038641068,0.1301006687515152,0.23427441872557214,12065.454072750925,42.331378340007184,487.2348657651098,1168.3547534160425,0.4921151197084353,9.606165797511725,23.89112469616268,236.70391562025787,258.4508632987409,0.5616600239650085,No
1817.406010844736,22.695690448867712,151.83599554792585,250.8195281577486,0.3188429369244612,1.3778150846741275,0.6612449067571675,0.7119678344192344,0.02410012953805163,0.11978274719589177,14.936305697296277,41.65107846750648,8.549758516243761,76.7483234880579,0.18413879594231597,1.5559535175219654,2.385742640786189,1.639784334883366,0.047020455228902414,0.17914072562134614,2666.8363820829823,38.78530564651803,163.06006370459454,257.69086968253805,0.23056788327442107,2.5672189657545563,9.742891367360713,100.79868080565474,201.34073519606704,0.12478592995755572,Yes
3076.896567283917,21.084550111269735,219.56815779038212,430.3341196462795,0.43098570459108165,6.0170178259502585,5.760195211013811,4.575056494530663,0.5287168166063515,0.7275659465071824,76.12809146030315,26.813200210972525,38.088447031188615,322.61235126305456,0.6524179220355459,8.954807098646256,8.990097921283379,6.771147292561718,0.383936811502966,0.9234201743910082,6402.244076933651,30.513537459111337,289.7804169928632,700.952151154167,0.7491909017705317,8.98086889403773,31.078315700808474,286.85394722803375,282.22029824384,0.6769348152570421,No
9473.880983355066,20.318331504784176,474.44038207800634,853.7808975096765,0.5119463070753452,7.2075147862886535,5.187561280393118,5.3741405344209205,0.7043531576909128,0.532536707440928,86.82746089283043,9.473756283464656,41.02333468490685,412.82070218880074,0.3455325432184869,4.049349469767269,3.790717027718411,4.109565357378916,0.7733330246445929,0.5708135225150786,14922.751631127445,22.46171869156518,593.5335348349672,1456.3568457539886,0.6775030437804378,11.040109154469407,31.73009871634698,310.0038679254347,837.1608637037308,0.7097292411040732,No
4278.722452972723,36.15014790991168,246.43587218457094,403.02191154522427,0.1421155876500484,3.020217214471751,2.7376611355645046,3.2086171779140327,0.5391859483767141,0.09944723127536659,34.98828839614595,43.32221715038862,17.97703742981149,149.5644302682474,0.09378597467723654,3.22715787490907,1.2239352681222497,1.006150019263766,0.8436594569672187,0.2598256885763994,6210.4045525975525,38.26196481080702,278.1412431605448,556.666854524693,0.08136487517641211,7.34812092468742,20.712978348593165,148.24630541935866,472.4053746308578,0.3793149201904248,No
7148.199933114854,30.297031385753026,358.4062849179073,772.3136803483299,0.7078727903129964,4.82829090801255,5.558573902670137,6.447871861886568,0.3128841298935121,0.2809671419067248,49.31304704528769,68.27685344004514,26.1676395456177,286.8487455353599,0.2803865739570298,5.072084370134432,4.525889662168844,6.460828508417052,0.5495793913356087,0.5437615464086468,10166.416886745033,49.59184131736743,410.42456137834466,1016.1440147883832,0.358709996075371,9.589590409451656,21.463568653261273,285.1687570286825,355.9102480698058,0.4808148901883367,No
2838.4773763002554,40.95396631894706,192.28289295853574,370.6193657378386,0.20448404753503224,2.9854258437727887,3.11658997555757,2.638427057838625,0.498843001218101,0.36357056062064547,65.80663275877362,95.73035625515142,28.60834269556027,241.03788618133973,0.9028135099168941,6.320229832941739,8.852111104697023,7.1925203217943805,0.8469997253114092,0.6518227806275616,5198.4006336172715,45.0357855276222,238.44870691247144,611.0137313687782,0.3456727178562095,3.756901392573727,16.477439273896174,125.59910292017457,309.6773000600954,0.12801618610815746,No
4556.06000355286,40.61455627047519,251.04584437517494,533.2388631737019,0.2841456621071807,2.8093991983769486,3.068022988095139,2.742561427344736,0.06815817148919717,0.3008439107877547,68.24694500378618,96.53976568883618,32.13114809830404,362.1997956072015,0.314369148632131,4.381518570912789,5.838864056044975,4.228114576945998,0.5089300090060064,0.5854418532922674,7412.282085383165,46.38506540888163,292.78286219324565,848.1688677589627,0.16727972967862031,3.2379288260990156,12.473275430852386,120.42771036870208,163.66649535785947,0.09912024719467644,No
7771.252460871893,11.734571610541881,399.3563895953918,723.2119309316594,0.5541553211587449,7.283573308577178,4.674047754310304,5.702882498265744,0.5138608732111594,0.44538045010368155,63.69297906048803,46.850135051050586,41.247645388269774,264.23699132622465,0.6422781513271874,7.857702552296563,6.340863956148056,9.238504607719527,0.7182234842201828,0.829898562538868,11739.433652697397,16.521903813645533,507.23401060904797,1128.288657356385,0.30169208712047135,9.619331952600131,21.984832517555216,256.74114801175403,363.2402161362858,0.5848527965837397,No
9716.583575967448,39.04700878385079,494.7655548585,980.9234078728226,0.9280467576802781,8.344085653427912,9.93577531593177,9.449726920819987,0.6676768475068385,0.6808264186016157,73.7049270211221,62.36646655409417,37.87382673040777,438.7378014622189,0.507259648409834,5.989883620705602,9.741421069417395,9.442680216022199,0.44896450212474,0.8761061569527598,12934.316968132078,43.449692408632096,532.4805771292567,1341.446349247401,0.8406481131194335,12.253191697808642,37.22556949550808,378.6784245487307,377.63598004832943,0.7866323297044688,No
6704.729375289484,17.739982206949556,360.26105165526485,668.9818090929999,0.9615469140609636,9.410916889811235,8.951582919650956,9.728307003377546,0.9109406529191375,0.7113290367648442,86.20565062473095,22.48526174132821,43.71924417068373,363.2378271494629,0.8716652003895449,6.05817031690568,5.752705712372934,8.492827316570954,0.4937714867504813,0.7319478044130443,10794.69843677365,27.29565860887127,456.2483036556856,1043.3557620230258,0.9741872345715463,13.466345752786586,37.95631628502841,379.6348276214253,502.674712230716,0.7824751753530326,No
384.05716472010846,20.527051160251844,82.38356101143833,177.1553473641326,0.6623562077408123,3.179940326082402,1.9891347357874747,0.9603762706554357,0.7596401758136322,0.8255770911928076,16.65504168458358,84.9732934820599,8.310152141067604,86.13000034830714,0.9760578741085841,4.157518434142042,4.399755341420728,0.6225863714744748,0.5989652040288787,0.4904434179744518,763.1733394817859,30.150446697284856,103.74215041529321,233.2327328592313,0.7727886684632346,6.079566225582046,19.27809022862791,74.28181321062732,406.3740315618668,0.6370076605398037,Yes
3424.023736166101,40.79552965319251,219.15181303366137,419.9078608378531,0.0983676730443992,3.2933897397431373,3.0605666459564294,2.804313359262681,0.5157895177869047,0.3735043505230852,40.94949137127373,26.8422618133117,18.496627785308586,171.90471186738475,0.21719986296909377,2.7367699684111733,2.2838691318533098,2.0090398336908595,0.4945427748613469,0.5659243309138906,6658.508237830903,50.66819800148845,293.1483295513973,716.8951072035352,0.27476961512719533,6.326274774673554,18.7734760701954,184.1326076827543,673.2120913895069,0.6280753878514304,No
4928.928135212358,11.933765352414989,276.58135021105,468.36508432567905,0.7787596884009196,7.416935146507036,6.818039233708242,6.022334733706259,0.48192175130127957,0.574892627654368,21.23179296555905,12.427446100908497,12.511089321202014,134.1019223341564,0.04208169202262074,5.571299793433132,4.578520213797205,3.8131825437614886,0.32299041995279043,0.5276305511089774,9349.0989860439,33.69182779398076,409.22536198403463,814.580975882474,0.90947170742537,14.918620699587368,39.67578066022189,393.86741893017864,970.0528754591677,0.9859610062017632,No
8754.486087020845,36.500282405995634,401.19589395993415,923.7437209975246,0.3100807335338962,2.4653493014100647,3.14293218838684,3.993058376114186,0.017756742209657617,0.04778693034630349,77.18134798094654,36.06333582669751,39.48333105532467,395.8816192226639,0.1446171203589987,1.6157599726467429,1.5269280082007874,1.5352490473439249,0.1016535325312391,0.11567475236551944,13665.689972953525,50.56631787530952,523.3784028199843,1351.5850054011235,0.2022866183813929,5.15183898004651,17.92196268378255,197.85863149709817,155.79910550768253,0.15384046128180823,No
666.6604873342051,23.89659899530167,92.71840340774666,158.52430870544666,0.027212707145965576,1.6806234252357708,1.0431564306243803,0.8148075247747669,0.44092886309181495,0.24882530123132296,22.72893598949344,47.468160084612904,10.323426655060254,77.96832611094938,0.11325888607522011,3.723233383045357,4.726756507400167,2.32947385510175,0.6222962774936364,0.41755988692881196,2311.2409905619365,43.36329298541561,145.69172500110648,271.34012922499994,0.034001689046310846,4.345869690528677,14.524782923934454,88.24319551591172,498.54753693050554,0.2852965246516179,Yes
1480.0131940199183,14.577962103583475,132.90084249953935,272.92905967768013,0.17357451263908114,1.01976792498831,0.12755981627528415,0.3415593138415964,0.007450101045220092,0.17612999621038805,43.97039174033819,90.06995486265407,22.013944435520077,220.78113070302663,0.7076980663795118,1.21637912615713,0.12178736240350443,0.61173180567656,0.5873862072189209,0.08471568207207142,2273.2986971677633,16.963702414606747,144.66106659242308,367.8654172967587,0.09537759904795917,2.0688118524235755,5.041094946245537,50.40709910329248,102.09425395483656,0.015109445045443537,Yes
2244.3782793278424,9.714087646944916,174.76647956956404,332.7832954267124,0.2696475995132859,1.1307599194779177,1.0603803139216355,0.9927780365023756,0.24188139715259,0.04121410681758225,23.011020369665093,54.12713344950069,13.397121721908967,141.24547732901357,0.6461125662712764,1.7815593924532551,1.3402047306865577,0.603307271544819,0.2161606252344454,0.27003237811415004,3067.862306844472,20.457946303427544,176.81958661499866,434.55275978050565,0.31105105840009495,2.9413837358068484,11.956908146109807,91.17265526151911,147.94872869449765,0.14462480212727202,Yes
588.3903713330917,7.8663642138753325,94.82330399628947,177.08946985158346,0.19066735534571977,2.5338052894152128,0.7448639192709985,0.8173395300634587,0.18732764430245397,0.6769326252511014,23.26991080429747,34.81424865966884,12.532295880628311,113.4702321416765,0.2665565514132988,4.095288355996587,2.621298282236395,1.3389916810435878,0.30449402511998813,0.6245198666186859,2721.526031578349,20.02116879898904,164.3809767371009,432.00030693356274,0.17496497754239243,5.593528506739008,12.37656894914616,87.28109868181134,270.18039284824516,0.6947984439750043,Yes
196.8089676635843,14.312442919807557,66.7365711650873,106.44680862176459,0.7655420456046218,3.5718503533923345,0.6502465676097976,0.6147756545275131,0.5405768453963475,0.8929674942982093,11.23589174566673,16.15265559751776,6.921188949887595,56.80743294068316,0.36065306707259936,4.294701209978377,1.0590931366491572,2.2805031694418507,0.6964667463024916,0.6101741733952587,814.6488062084414,16.64988148871165,122.60566414338375,222.80211567411328,0.7363924058932941,8.437379692876599,16.028977730517752,100.83800235722762,520.9775516214148,0.8710524212385977,Yes
9187.704073325049,46.099661947257694,451.27621895087356,824.3704437630778,0.5407168822278223,3.865187421747922,5.632347840742573,5.395850814020872,0.4654466354729696,0.20996430039941644,81.13374794075152,45.11158037225107,34.72312191537968,320.9932834563351,0.6834292462993705,3.187580505727022,4.306576831812983,6.803037901582338,0.1290197850639641,0.5977473229858332,14527.98741020577,56.406259868644085,580.8879250138414,1384.3435012991022,0.9065366290244588,9.497870983121443,31.211949986141963,362.5607174887465,446.3559649798943,0.5351970157124447,No
3567.3234648457196,23.037232778714966,232.17922606549232,446.584061187325,0.8967252007815963,8.163876473790111,5.761890869018586,6.649140151421864,0.9889286769763543,0.7964297024318776,83.78835635352866,92.36328985240903,35.444537934879186,354.65832806242526,0.9881346167224196,8.761050834668154,4.006426414768944,5.8161855819963595,0.8561018775237581,0.7140103793713306,8087.202444617033,36.446432964837335,342.4146809970514,935.5913562047446,0.9453350338992988,10.441735859987162,19.122397422917654,240.52495135684848,666.5830021509406,0.5637160969514168,No
389.5403443578559,23.66071092388377,82.91511347182362,168.3753923533833,0.11379759331104183,2.6800525869893916,1.8715887018332094,0.8913132723128447,0.2442484130678899,0.49149133595985367,16.942149121809102,69.91534869921341,7.949711062812911,73.2448968269518,0.9705057906966357,5.633114794417487,8.146165505233354,4.459215082867337,0.660357162036743,0.611911242193847,1303.5915565471764,36.04614345591534,119.0653493316604,292.4210285938372,0.2590342023583214,4.232406962200532,11.505219971643415,64.80862090212081,215.21333426406693,0.22481808859980973,Yes
576.8318855683544,30.07725983515629,104.03599352625974,193.4058366258176,0.9050852382557572,6.805271618190621,2.9148684875884276,2.161973037750132,0.7861473999727102,0.9993559884820766,58.37241197028939,97.8695787513917,31.725489775874752,235.9018247426925,0.9808725327549199,9.327013418867631,5.555801892721032,8.190343276643645,0.8992076655170825,0.9845748665654677,1575.3149750677712,36.06342593955897,135.25941503711593,302.66010454835134,0.5219151012833723,9.366951024911122,13.189457877627447,136.78055575263065,251.7063259526207,0.9836126355854731,Yes
3657.4569693067306,19.037971990014064,227.1103970860566,431.68238691718113,0.44016449842945166,3.2725276947489235,3.0042990632875077,3.84230250641955,0.2530338629665916,0.19285980416463516,41.71858647843212,66.40855636908839,20.84583198837613,181.39432132034995,0.7503663917072732,2.7039413549985407,1.6963084364648768,3.6858614830956467,0.7701756317030042,0.4137997145785183,5702.010156107111,31.634569937766898,264.77020575043827,666.2013818727971,0.4011891073039101,4.367268213932568,10.614831871763386,147.25817054508954,214.92117947982322,0.06728174526603897,Yes
5963.748935414482,12.807916230513525,337.88954279432346,710.9834469691842,0.47401775252945166,8.8910910410148,8.497899278446472,7.401357431065031,0.7765774887290982,0.8188798908372144,48.28890130147307,13.44151638622301,26.109281733503547,237.9125661303282,0.664396564695338,7.359884081037973,6.538544548227038,4.117611595025093,0.9037312137412934,0.8546680136192808,11581.79448529204,18.466643682834587,497.70440194936333,1293.0367395492035,0.8012708587250855,13.730273813633099,37.10357836914833,291.5972604799124,921.5197724287942,0.9044037730607337,No
3931.3837550557964,33.62882600396584,245.31499202578908,447.3473261801839,0.5979547518369673,5.590439592191208,6.568584054194103,5.933847760132967,0.3107307536617095,0.7741865099246503,35.05158112968904,16.589034805050943,15.205498239171495,168.9869976096251,0.3851128382435811,5.21724098673151,6.710180996272687,6.758958574407889,0.27264976056612794,0.6692875575844094,7326.887805207641,39.14779772099262,320.42122980507884,789.3696697186608,0.573050183255932,7.721226264135356,25.405728528032867,272.31697052018444,318.9391225911986,0.6895412642434253,No
467.1381927860665,23.7562155485095,83.14071119103893,135.5592401100826,0.37232114052360454,1.4795599700530413,0.2665358843331887,0.8528451016840657,0.4695048658057007,0.24656751923053577,19.327798232947426,65.01070111370579,8.577957436175577,99.59157202728159,0.21688706439734734,1.125451334904651,0.18052223986103938,0.42122695099001695,0.4991534616826645,0.052439418293399376,1959.439836099665,41.26512651087131,124.19071477085456,294.7898569770274,0.2648573168050282,2.2793865541262734,5.445162714363903,62.34208431683209,442.4388449490823,0.03193655593051836,Yes
271.09917263122753,26.817439682062833,73.09303687353717,164.41240579756308,0.5116385082586961,3.1932888993346853,1.8248386887328043,1.3975668438364146,0.5512085235299354,0.6305099733124311,19.45143301042665,95.63850529781669,9.021063523950184,107.13362695019356,0.9922002869324579,6.874007269402337,5.833800100418689,2.9304095826646672,0.47298879276371747,0.6910725666853239,1606.9748297418212,52.502675708816476,127.94017741151713,349.1221728644263,0.9222171731681073,9.036045209093857,17.06343244190994,121.39136887782531,521.4174155047643,0.8040104398696242,Yes
3664.743713961136,27.81739248130132,233.46053978219672,482.9403746531459,0.7519189349162883,7.5783470278019704,5.801477090492999,5.499320389064747,0.6790938627056095,0.9555162519834426,40.58717448402989,23.413687138100357,18.394373353686227,208.51242007677044,0.5204235811592144,4.900354679851493,3.3650071243929967,2.482868842080611,0.11224678750961614,0.6641136204988389,7518.002033641153,37.7802919693359,316.9983725740084,877.418229332958,0.8073707279752322,11.694205821216269,29.518569624671656,220.7267310075169,364.57862039745623,0.9568176728118645,No
113.65441546425946,12.51067764158424,54.28240817414264,103.49387492809845,0.08132540392628806,2.1813384172528782,0.5129797183771836,0.1971510438517013,0.5730007423891501,0.5704034575568999,24.804668009839254,68.80382832298606,11.007946790974232,106.76508222247017,0.6527934933343539,5.544382129052053,5.851054310629002,2.8608535546653275,0.48624013846035563,0.8408053290336215,940.7224991575969,23.78187018231075,106.40453063015443,220.7647308050638,0.07123869254937254,4.665234544633186,10.530048680272225,73.86545057458932,304.85941758367,0.5377561811681203,Yes
6463.569289555628,30.09111748427422,332.02390349044794,737.653211216989,0.31105791762283863,3.2309093191729743,4.475702400864666,3.854510366851341,0.6583288805455754,0.13102971196220964,45.796622483283855,53.73080131495064,26.812487904972354,300.9441362211412,0.4812957037296716,3.2278774988752112,5.11848176220934,2.5742374753057375,0.37319803009838104,0.14739186415130573,10227.00559952493,46.782358026281464,436.5118767267363,1078.6164584727285,0.3317677166619166,5.596622390125698,25.707891875363423,179.78319235923922,545.9862468611909,0.3128090454760918,No
608.1787064680824,26.057754554417787,102.1803247113479,212.06576168418476,0.3262390027587123,2.9490854943754874,0.932800533941392,0.8675173337495046,0.28653688941732336,0.7358529334686509,43.73481661960532,36.66004976640124,20.576927316340406,223.16742226557875,0.9491345881440835,3.1052463710683,1.7870922730671293,1.128719561175674,0.8617057590078894,0.6427546863152596,1870.4699399372432,26.51651831916872,130.66572396603948,361.5270591685757,0.5540709863453006,3.779472359543677,6.939389156487924,68.36732536731205,214.8522904765635,0.5510216918185067,Yes
8951.505529232609,25.700114057775092,457.7562029871288,953.3818361127314,0.3359988959480764,5.718259112806963,6.991136798323666,5.804798044459552,0.5463689473641753,0.371330015628655,97.36309351369933,86.2015751187012,47.73866312610975,477.31888817973714,0.9153378718502365,8.402102814070792,6.990147639999372,6.558869764946321,0.6455438570507197,0.8387502465086288,14177.735893186056,42.9695124382621,559.3173828450609,1446.8118928414867,0.5988503890905037,8.168070083746477,23.92982220651847,231.8835458000914,241.97111658973125,0.5038773874529492,No
5996.920211510708,13.180341079314305,330.2654958302795,689.61250437746,0.953410331111244,7.254356220202985,6.306276027977729,8.126329860417066,0.9864018517213013,0.6085502890264971,83.31223059261852,39.762361054139774,37.90754191732982,424.06863966121415,0.5988126114642317,2.695228429351063,2.92610124271256,3.6498824056126504,0.9624287862725877,0.30350545120069994,9878.259422906634,26.15650415145301,412.0306813748271,1053.7941644204204,0.959523070499539,7.878748230531736,20.213108779717796,294.0980265273672,827.3841453152226,0.6176164032336785,No
4237.9601704423685,7.831019741596959,233.71283147946951,459.14922822250287,0.36254511656122035,1.9463182960950918,1.1036962904117427,1.7263737622860997,0.3695316474029525,0.04204049302383883,22.910293453742803,24.659274639300087,11.935046215724562,134.82605327336748,0.43284713597878355,1.4405926622944822,1.4550746906886185,2.82317588281933,0.40383410550539534,0.13838231780092491,5516.433225685201,12.605729287599143,240.698550633477,604.9714442138454,0.36621189883777616,2.526773213858492,7.7986314862255055,135.9945803229142,194.15022577983132,0.011051677291779305,Yes
770.3452067893833,22.115145047199604,109.5866216051604,229.27168668474482,0.46496181876244,3.5853813000921733,4.297363606589705,2.9664976637382914,0.36744003405171044,0.5781348713592944,53.696750334560505,72.35204487803665,30.489839648218247,260.0250167490708,0.8094825479460914,4.46586586810578,6.4331814973706125,6.986195022816201,0.35510908572472555,0.8030195830195042,1727.2429957548052,27.214578962659466,153.73724116800477,360.22208996897444,0.4861755571817863,5.855824405711805,17.22801914210493,136.56597495757018,139.88518343988582,0.42911850697216836,Yes
1845.385739087553,16.017754669471206,172.04991058428968,322.1492526331406,0.6851729296759517,5.043883617763519,5.942957508852927,3.337326844456962,0.7132495559666138,0.6711987772043615,38.82959071087609,65.40390167106922,22.78337544870521,228.9930900816462,0.5818982943193285,4.192754421198162,7.631140899750592,6.25043382951271,0.9473474815444056,0.7165846736278337,3407.640096876908,28.121293552496784,202.39412974610303,489.2784282747067,0.5144475475755481,6.19408361178123,28.635050639528117,202.15494941003632,447.4880304835105,0.5564730844461995,Yes
3981.6400951925057,39.69530686458424,237.541849559367,477.41284366666883,0.65406335948921,3.586121996535524,2.590621448560927,4.043961587755249,0.24544675725541787,0.47703987451464114,43.65925204611239,15.415512159855476,23.028714986514426,229.49371976461603,0.6489004912180172,3.3857236527091454,1.652671527144871,3.114612517279322,0.1436532373376001,0.3082621477009059,9689.013837715527,52.39291450625355,402.09916832280334,1056.6446685380938,0.9429521303370607,9.576783803286135,25.09044718327453,259.78104017452534,395.08383610123633,0.6661629569091398,No
3119.4167462702076,18.9521999897825,206.26003447669856,415.4554125917367,0.16857272434514087,1.7330887102530246,0.5710569022066047,0.9175302352792885,0.17630070733384784,0.0744577142197857,50.2284092084067,20.834084634274397,24.285115101916443,288.53742462732396,0.6128339541418798,2.4862097446021165,1.0089880828032125,0.8307622332355905,0.6525603371536367,0.38913612985115753,6842.070436693355,30.99026807674096,280.59736455891596,778.9953826534012,0.43075404948673784,5.221538443962497,8.14955556015825,123.52126967653444,517.0850415862425,0.18166159184070357,No
1309.691088931796,8.285021760194844,135.7863902534279,223.60661543555213,0.28418490706233385,2.5637892626942675,0.8871267507944639,0.7254359731559988,0.5781106266810355,0.22079805467642916,23.505567429452128,43.26205122358848,10.935998405544654,112.74498629532694,0.20868759464264575,1.8364472059377783,0.874095152911284,0.278353484184393,0.34697310263378583,0.06307823976190524,3949.9489909993404,23.96328918666172,213.0730354589929,482.14105028070327,0.4687855403115077,4.7255322457401725,11.485069225690555,95.76248726467085,428.8127307485315,0.32779251904874085,Yes
2333.8314693509,6.999385832361492,181.88373317991687,327.35957003349705,0.6816799449730822,3.8349775158313455,3.339799831838277,3.330259705235054,0.7761460520623414,0.7733120450386116,33.993323816272394,26.13069608913633,20.55907269299696,157.55195621340144,0.3401694086982805,4.654109989956019,6.030724643599255,6.937456058044858,0.6552508593935921,0.913123824702372,5033.244986435484,10.647239055865658,251.09779085713902,616.4310532371856,0.43309847967630083,5.8991092190153935,16.288165756537126,186.9825134186605,507.3144120898353,0.6612391953577501,Yes
592.2833983887798,9.08313628545789,96.45490957171762,209.73469449264758,0.3346800934806916,2.637623060076083,2.389246445088113,1.3040092002578536,0.8086113234026419,0.7322481356229875,24.062609863270566,73.48540781311887,12.016056821975212,102.58121007145037,0.7773944755851312,2.9802220527798537,5.011062715684547,4.269175612262424,0.6063981898490405,0.7997135468460383,953.3277661135752,19.42661830706033,121.09104833834357,228.85330787059465,0.45684315507913076,3.364833321226652,10.796250207410583,81.19165507363468,407.8978906070462,0.4187676031856664,Yes
1104.196483086391,10.628588976949311,116.15829390025004,202.5024692179252,0.12785849366661356,2.127514574451123,1.6222735004658753,1.0577450681635814,0.5351324374954369,0.40891341174018603,20.397454199370316,17.03422371569873,11.222691299911089,85.92452061324708,0.15895586068497503,3.036212217989424,3.9475179550523944,2.8965180934719985,0.24852197701665257,0.66240554533355,1885.81532316336,14.8471520669965,142.64873456314572,255.17851037143012,0.06006337944774731,5.140742632287279,16.22647580761262,100.73141243571946,203.46213110802876,0.4016165593560121,Yes
230.0648439179807,6.02090703510425,58.87745597591544,126.2622134261964,0.028858933637356532,1.0319539541598903,0.1014026223184081,0.12171329767955842,0.057684323303201,0.07454200485375612,12.701305388672925,6.626373557091782,5.258113839441135,64.61299161875546,0.04046857156815936,1.0093661033940864,0.13622986606427945,0.11593711232235407,0.441403625682443,0.0208658326373361,1153.3153209534755,10.924323943420777,112.90319443972275,234.0649794072728,0.03319145817383917,2.483066703412217,5.372482915595914,57.81341450115286,451.7823448465006,0.0974328899510567,Yes
8142.629649488798,12.040084223170256,398.38250563820003,836.7219668600565,0.45412530708306204,5.097320309547574,4.879852339792196,5.387483294837151,0.3011166646281396,0.2507329093229041,91.74641213084601,53.996731893448285,45.23231869371266,451.920854731574,0.42223683732510475,3.263773446695388,1.9427692856153413,2.9118515855875695,0.35114228373484285,0.20779714629686874,14064.413071431027,21.295293664703742,542.7268018131692,1418.0245916735103,0.2139297375853239,4.816643259001781,17.477738322310234,166.32474931162866,190.2996822232026,0.09547372821612471,No
705.3808462910051,15.308766556999789,99.50910859941506,191.65362118615298,0.638847611522329,2.6593646723068507,0.40165524960978793,0.6586492748494662,0.1797603676844704,0.44842888477292003,15.822988104438446,15.844347815259974,9.48785974563829,80.86959325159339,0.5235846635975545,2.4307280862795566,0.43799205447354583,0.9111029344219469,0.07359620281784912,0.08184630139850496,2908.299652604644,34.508173208553096,167.2826494915086,378.67754672020413,0.9644684320893346,6.811931477406861,10.185641375251874,120.60057720335506,321.7229608526262,0.5038160414438402,Yes
3727.2493233216705,11.702048373281288,232.42451222061342,447.733462635299,0.6831072270912428,4.4509599642381446,3.3244036348940105,3.0794572393967288,0.6175799598321889,0.527897454507428,40.29378035313179,50.697402849044046,23.547187024472485,244.948655216659,0.31616653512850673,2.6969585820321145,1.5303839784806714,0.8106874952604818,0.17571054496864957,0.5397974680050408,7864.957361257001,33.10100165474763,343.86716472750396,834.9962014603747,0.7918742184930682,7.711319384067473,22.452922899513595,217.66344497789333,379.59587054917256,0.7281501212416023,Yes
6298.94227424756,29.593749101801464,319.5201123491372,569.0148912696429,0.14096423505609595,3.2781775491233467,2.961690701345268,3.524053789239883,0.08391187251753757,0.065386238723536,57.26323932681388,11.35128054712623,27.239361044959203,241.0933743362899,0.4277759730417122,2.8771850969780357,3.320131676501951,5.588816915274948,0.20593876441775794,0.11760305906872559,12258.16734078268,34.340977044732576,482.975824757351,1077.982092814734,0.3549159396058915,5.36662762782562,18.32991666490655,214.91810875859468,213.31424746247475,0.07397420605865102,No
898.4605968998112,7.237253495232532,115.52141405901946,236.7127593424372,0.8177637961844154,5.052571788783962,1.9732796088684401,1.5074396059722546,0.8638107614979407,0.8571731390116413,36.78303702037704,27.396662981331502,16.30512785773366,171.50076269359306,0.42199154038719433,2.5383854981126714,0.8158064384712231,0.31589870169884576,0.655304376340372,0.6080179729866533,2970.24518643156,16.28871203069517,184.24090342709366,446.74739783391294,0.8119049185898717,9.89502945888531,14.796996271661369,92.61081804528519,846.063627714508,0.908171902666168,Yes
2260.883917227556,12.766199928216192,177.71665285149092,292.07805581636774,0.24575249492680312,4.474870091483505,2.6338303311297713,1.7293431052564088,0.20613093090524487,0.5135202093407064,16.378806771206783,43.328041023802264,9.643869252494143,85.36420162566581,0.33255544867292597,5.5253491096135825,2.345767310190741,2.6896736105745176,0.5907779112003323,0.5011122297256931,4996.741774922973,23.428818230093093,245.7082311177046,539.3491973712191,0.22874085703853592,9.90062759218155,22.66908780050708,163.2175632759999,547.7308372906675,0.6176509439451461,Yes
4721.589028557151,14.578395346812302,258.4057536638816,535.1540625819075,0.23906666144191363,2.9783062172113337,1.8628569235868915,2.372715280955291,0.11055345173162962,0.09798078550384992,65.46359433225015,35.95709958218907,29.871779634822463,412.8159897852685,0.5821775559359064,3.416302278184352,1.087480240516959,2.9889001570513662,0.13870518570801338,0.16358391537920303,8989.73675348094,30.676345146139376,376.1060021200443,1004.145722218686,0.3640394785268949,6.1312306840528485,14.605480733866509,174.44156808614903,178.9292717761666,0.10824655609991557,No
4645.763545173403,22.194896848796056,250.21286143114324,484.9954853333179,0.40935675658557535,2.55921247856015,1.0600896859122282,2.939432646833967,0.7328951241820061,0.262914662873342,43.27202479012824,35.03906007005956,18.490472850201552,158.78881976417827,0.35267223117599167,1.474455694169446,0.2353279113196986,1.0487464146181171,0.7737709478236374,0.14804334915060513,9718.316160968341,43.54740567223788,359.4639318933299,928.956589387644,0.587061247742854,3.472077502621814,6.870723549055756,146.4903343436363,893.0392011425758,0.25259439269944967,No
3084.5186163492963,41.412369415988586,215.62880976320005,417.1711712017676,0.8333304504784869,4.968967286549079,3.166276370361057,3.5588187062426337,0.9171667487083963,0.8320541825183019,41.37555610768194,78.07649766795592,19.83317313408616,182.1710567336108,0.8795742029085716,6.5076720872912315,3.953228100534148,6.5728406452385215,0.8580943061350178,0.8062268994233066,7417.816886601487,49.74339005938504,304.92011696733454,911.964297821269,0.8013784040948257,5.684037913981346,12.96105459390818,162.0582461210213,527.5342164566415,0.4659139750051634,No
3336.813336864416,7.794322735817676,224.82854362521627,389.14959856632817,0.7011610090332838,4.619713460249344,3.636479517719423,3.9527205112925303,0.2489760736006461,0.4239151175197271,25.535658725749794,9.662213182448207,12.849020124598265,156.13934653359124,0.37764340199170854,3.574968704899612,1.8584519030119822,3.070431877980221,0.015353054694522361,0.2895701679168944,7858.649542337284,13.905425975283027,323.56979415368744,846.6824244271635,0.915315601760256,11.24807916167781,28.551971711022293,331.1071820421516,227.47712343454208,0.6548243275937243,No
537.7615123112789,8.760561971319031,97.39293895545293,206.3621709631066,0.18161106419384276,2.7998988202937745,2.4870580115078593,1.4565318161302137,0.22526699856637472,0.6901912201475434,17.765909722458577,29.600376168044455,9.758607302243346,107.64603886582509,0.6203088565503752,6.71273580474404,6.836508118944648,4.991650202740083,0.7771788930661057,0.9220695988769568,849.9457125632498,11.392792271718003,122.39934656891279,258.8814798205836,0.1620198630423837,4.881338304344124,16.826470732224905,100.69688555605407,290.0435159936436,0.6633380348852551,Yes
5828.061972449548,35.766568140522565,316.5231863998965,664.3061758321315,0.9077670783215801,6.69504100577045,5.138555370157213,5.332147555696788,0.6928990819059977,0.47090959527925286,45.47456842511114,72.70522888219199,19.320684242235505,279.06405602330346,0.7394938491507506,4.574123143415812,3.7563877433090567,2.385574130631763,0.7798712634992528,0.5597912632062717,9803.987197477232,46.04248373582126,406.7579395584907,1146.9202700865187,0.7759990033844961,7.387807351110642,22.782653640391988,209.8159704428891,570.2757912426196,0.574947564163871,No
906.0941338672873,20.361005333051562,105.76076874039612,225.0551382620647,0.04252534263936747,1.212233628027437,0.4897822753519253,0.4494525430667851,0.24440881607631565,0.41369500687842636,35.6445411991827,23.958625103400646,17.475289805364074,144.07271764274284,0.5916035397156822,2.7474187534230605,1.7125821549087472,0.9620346956234005,0.6196332154500694,0.4856428491486732,3215.7976609049347,21.906665318903045,178.56615185707176,465.9766124641897,0.22062941287008542,2.625184337425641,6.140086825874296,59.311639483282384,216.3611525908773,0.22307224858136815,Yes
5469.649609324025,19.484172455009162,309.986813564304,632.7728768844131,0.4304255079324947,6.143153264745819,6.730035077817585,6.735607366404663,0.4600505974408241,0.3984031183768457,94.02308093476292,57.960160965749374,47.116532955271495,461.60352210068896,0.6236751321803147,5.558202873096094,6.423807402225316,6.93227865150059,0.7720492931547576,0.8010390454579219,11129.889330467928,24.712168830712383,453.0183256599516,1238.222974339116,0.2907137839133994,5.812297047077347,18.315546330507456,188.24085949489398,215.79373208600325,0.33279072126194076,Yes
4714.6957218202615,15.266557904916576,267.4901389989697,536.7088935164334,0.4812020492355205,3.747442508302381,3.5692546187511325,5.218226392816563,0.6710839593364011,0.4810005667892431,84.15485492858973,80.80564013992563,45.97925526005208,343.66804609916665,0.9204561935916009,5.522697302279461,5.216957789530049,7.2504718497845655,0.9734708798568503,0.6953502310869606,8899.105039467917,20.361626859031137,389.7483447183574,970.3334604772799,0.3766193061934796,3.7693328633116896,12.758565127279404,177.80561863153017,446.85030097633893,0.24405715139220174,No
1950.213667215385,12.886305916896308,159.80993606630085,315.769034224843,0.1321390097255568,2.1802550625567396,1.1541764288723442,0.9477442622493876,0.21178132761418805,0.39523006693043755,19.352329321560156,41.327411068601855,8.99066698726688,139.68629066230508,0.5384003122713308,2.6751188704838382,0.9985503259182962,0.1823522414741245,0.12008819748742655,0.5839976293794658,4303.217342284139,32.76613779459148,214.68474588378098,559.4503095265967,0.34731650178294193,5.420540686077839,8.936295374204242,101.75663068537389,262.5235354854089,0.6708841271241032,Yes
3929.063340688085,39.8045341880289,239.32942558701097,495.7800813368593,0.2936924319901947,4.027187922046523,5.634894024622173,4.796721107024539,0.48978331696679556,0.646522109450176,90.34746530562718,35.40403879138643,43.353892340769534,422.1609090182842,0.498354891050213,3.5842829026584204,5.3909417527180965,6.685026451514689,0.45786096285077693,0.7726651572160295,10532.2526668884,48.06748422779283,417.1022399048716,1194.681661241883,0.47987266986336696,6.87740094600071,23.63858487913329,246.97233635968155,412.64338527145446,0.7179738315611339,No
8547.130664316672,45.32285472684878,465.84990128534184,724.6578720220641,0.9990033224193597,9.963414792706963,8.070974559281032,9.876136856526928,0.6496737927497018,0.6429684187332836,51.8567411739673,83.27270409049997,33.92108272734075,262.0663962574462,0.8822849771339045,9.458516369077293,4.577310679980126,9.983171629107215,0.757832854592469,0.8755653593607292,12370.833143402811,53.183427706217564,519.7210408689555,1084.9219279241681,0.9884205516189987,14.559468864023325,30.421536277966716,394.59469985463187,651.1303910896498,0.9397537404604914,No
7714.978199722355,41.82416036614114,402.3994336436583,669.7630034491879,0.789516365894321,7.774034526048823,7.562623069128358,7.762889349489653,0.9743886215419455,0.2834005716851091,38.381921209332894,72.6805591209719,26.18555287584971,189.23450672025695,0.33870442498953945,4.95525994787218,6.105925103712012,8.86258179218972,0.34949996609294437,0.3742377917122508,12303.366009144052,57.25215519388025,553.1053571456491,1154.3792035358983,0.8145060275674498,10.131201123074,35.870407661786366,384.0325065356375,727.0201190123075,0.4115326838330873,No
3762.9875374762964,7.627226238263849,232.43940232030423,399.2139595727126,0.29420122420682626,4.379631620455546,3.913030219959099,3.569460963708372,0.8176917103115893,0.4306498913350736,22.79107992161448,6.1451425908687085,12.719074130062339,122.13348619980256,0.10809418802229448,4.514229474043964,4.842710911439655,4.857129443719448,0.5620180980208181,0.5802033486293169,6642.595834639629,10.69597982493498,310.32209468999264,687.8256527166944,0.12569291953150424,10.79794713126135,28.550997026940976,212.1838502342662,738.5112815852666,0.5651312714042285,No
3039.0210590472493,22.426120178957742,214.97839170740437,408.7417795842963,0.8570025969006303,3.701791667995763,2.0807904076919415,2.5137041992920923,0.5403139362739648,0.49933719424321643,27.725479070708765,62.68998248545601,13.100868605977379,146.30129586025183,0.9315215279320692,4.108004240051915,3.049433778663907,2.505508607149029,0.35970244568949605,0.44455843127593436,4803.134388535438,39.44308446936493,231.87643110143858,578.6163538683438,0.852087350346064,4.346158839424769,10.99716328022201,109.99358669992486,195.00105381270703,0.4310445303899123,Yes
229.8890299198,25.879127819021335,55.7646718340057,129.12223095479345,0.29461584422844855,1.5499940757601949,0.8020105214350782,0.21374035459891705,0.5226289925033959,0.2981669812641774,33.30698804342985,64.27532339726925,15.235724632134058,151.31318150760916,0.5175481329790826,3.0068190688131167,4.1385039558088,2.8115848056530908,0.5753629519827689,0.41079577338987927,1866.5528438635909,49.47742874637148,139.205932424125,318.0270193434448,0.4226390372658285,3.7624748133140047,15.149391213763542,91.24977938608497,550.7862443369855,0.2726707021310155,Yes
5476.036628114842,46.280206057346604,309.2007429119782,594.2616155360038,0.9549430289797962,8.06971926743396,9.538717969324951,9.649065634796337,0.9926080537279517,0.8906270068838951,98.36176739536502,59.62667425139145,48.098082879303625,462.8991980757337,0.38150626590821446,3.6300483098830454,7.68495821063128,5.882765142462581,0.5601579798868663,0.8539350546174942,13952.129501186804,58.844849612718164,544.325505710005,1357.3331549583177,0.9858565968784612,11.178187793592251,37.51556462070316,387.8262890965204,944.7860415478298,0.9673757763589148,No
2283.6767561815172,19.55140417129139,180.92503572230308,346.0691540013723,0.2078873917308559,2.8989781658282894,2.346081852303174,1.5138958420037012,0.01514468013445458,0.34916100301403286,24.3993187092419,23.391647031198588,12.95640171237035,151.1803902947253,0.43652676077543634,3.9817969539662346,3.872310761647891,0.8891108208629256,0.4548659239411737,0.5378409340068019,3565.30310630808,27.5466859578926,209.34045006592757,476.3826623230633,0.11113061553655884,4.640759136207894,14.740418847031588,104.48058503526815,222.87629072936963,0.3434608877500114,Yes
172.53283889906143,26.25708401450837,60.00978101654085,110.07179792746524,0.6675992597062466,3.0592685955915977,1.6457315930654413,1.179263976634915,0.5808766290320019,0.9162670982047221,14.622304365399069,24.879699788289365,6.367686126540525,58.18882624809818,0.8660275689325319,4.053637361905129,4.862747019581005,1.0143054923790857,0.5877646549314748,0.749147601033984,1121.0770460296926,34.455505022592064,117.98794254830085,228.81103826502255,0.7960938407204412,7.659226359964499,16.175526021672432,116.5943234005962,505.5269553405032,0.8429672195678662,Yes
596.0573660497184,14.359726629207069,90.83135145654038,179.70755313429194,0.056166324514466126,1.414632807942666,0.27806952966423065,0.12190590157400982,0.0027781041172080245,0.3081285733661526,14.179155963197946,34.814658450917655,6.870130754837022,80.3507553704317,0.5639279169148176,3.178743813098415,1.4125551236645115,0.5633479598711789,0.25011780523537835,0.3183922421628572,1588.7900687893214,30.112752341424688,123.47742658941955,306.12489403815385,0.4230516566083807,3.4758506200190906,10.937222296227292,61.01226624746294,223.7140714313297,0.375292866022111,Yes
4574.897070354051,36.93886171691766,250.37793324670182,487.4400945980258,0.03588580702320443,2.8110065292570487,1.5446972406806463,2.000662444773597,0.010246490764941218,0.3716399055913295,28.936549080941752,46.445128683894545,14.930017226354398,148.80267374653022,0.3162106125785823,3.095689792900597,2.6278562465633573,1.6658935592713615,0.03260881010166733,0.558125202621483,6725.893065293946,44.81721926412996,292.43028032288055,696.3600756147235,0.06283724276058444,5.308221580520508,10.370733784747758,116.00786583060258,107.96808950006707,0.32443165362764625,Yes
262.9330334444702,5.208851393828413,72.74652805459039,113.75916186879375,0.8648636761463614,4.315673609731593,1.9795117402087423,2.2554724258757157,0.9597301342484673,0.962666762207907,32.107381665548935,55.54690664715573,17.19130564682083,101.93596047996998,0.8980060388077291,5.444768771980222,4.966755393484878,9.112302942944913,0.9988879902800324,0.7682876081476941,1619.9214635880528,10.652327419383086,136.94940795551227,252.55925724790575,0.840535338216988,5.644595685312738,14.243825070280055,159.21216224069516,953.4983918021802,0.628400224197152,No
5023.9597226786855,28.588929225636488,282.1311199146469,529.7499728829844,0.25710862486165453,3.9313496251019338,5.152056767475145,3.199542756970949,0.7271438121987202,0.3119279389980213,36.54098910606564,42.3155525957098,18.039042371123465,172.5445861278017,0.44552752926386063,4.647114507291094,4.657644527271072,1.2190693285562326,0.4701225214707549,0.47580321384064544,8515.507047005369,35.4665281657433,355.4147795765837,831.1289533008629,0.1481258401306429,8.61975240695966,23.206373400495686,156.7986053693187,637.2162191626574,0.4078195646986491,No
9634.377168486668,46.836115643118184,490.0840729625203,969.2431646762097,0.4704262875806459,5.653525603589946,6.545965355775824,5.664847861736603,0.11165325015796673,0.3867928642912589,92.3576909828237,62.54942087997819,45.92338797283183,474.79751139502594,0.4639165740532875,7.372641300474094,8.861384598982802,7.42910509579847,0.4904834505714922,0.9037440470285354,14158.720150099682,51.77932363457426,571.8066000814271,1442.8816679307852,0.41777418404923333,7.588184876799349,31.027082877815353,245.4988305303953,267.44344563857896,0.5111336825833204,No
176.74084583431926,6.581749894343324,52.3459917810015,146.12550505019445,0.5623671786080348,1.6368117443815229,0.1914291216683462,0.318661488187862,0.6643158665185644,0.4234717929986282,28.062450571640348,34.07805350168581,13.83041844770906,127.12445479206345,0.37180686138326413,1.2851315125010743,0.4490159688821328,0.43959004264947876,0.2971827692419008,0.07417379071142471,2247.185608142975,18.533208614663792,144.5172123333319,350.0582835252963,0.5573412325597004,3.987547631227265,6.471670351466963,77.33932100818127,665.9524066376051,0.32279196014275535,Yes
362.39103398384486,14.97656943262235,65.56889959868067,169.12044353097343,0.27533614574694787,1.4866361500843854,0.4949497534229459,0.21143860364533543,0.29918924367660316,0.6558976922841602,21.55646139141411,64.15367876529409,10.308403976117793,93.1469636612808,0.712042712967117,4.712377090468202,6.279880301578073,5.471770595323037,0.49693594948630504,0.9334686887945425,740.0430577558565,22.48578679941048,102.59009777702083,228.5657129490564,0.11957655613232565,2.92587858550361,6.3550400154262,63.25535431348002,147.84610438884275,0.4395549495919339,Yes
1583.217644480159,18.571604193612252,154.5003752500584,254.82412923368793,0.4272853706349587,6.698316203405695,4.204267784872142,2.003782177507893,0.6771754441629725,0.8813356044885483,23.543006834522004,65.10722269020276,15.382609648113384,107.87027171052958,0.8830942238252103,9.431028062244751,9.884601851938047,8.235446137490934,0.9283336955212029,0.9361870676644672,3403.4354909331464,24.767520592586195,198.17143959241426,429.83458588750153,0.29172656017457366,8.529323178655622,23.530627690611105,147.58062952506842,554.6623850639971,0.6732061344769732,Yes
1318.4878823216545,35.65703377435961,140.76023854227955,207.9690708442153,0.142996220743421,4.378033234828396,1.6708767001412994,1.6573701111189363,0.18828304131922313,0.6949770633513278,11.701040539580102,30.24156546389489,7.0700670002931965,52.93122119616985,0.2557397130682816,5.372891598216326,1.764674326720729,0.6953465854602501,0.1578726105751453,0.7739090550977549,2819.8983994006317,42.9554134874468,179.2589354812408,332.82501047295557,0.16621030179943985,9.229723533209354,18.633386487215713,127.5784129321265,255.2912471746002,0.8470519683385058,Yes
408.3772936407454,10.33908862042261,72.69160457659046,144.60715285500396,0.13467151235284325,1.0420466637856514,0.17066633934866526,0.1790390002886731,0.10678630801410849,0.3580174349715353,18.638062777601277,10.967399749503862,6.884748908500938,95.74217217686473,0.3775481681126307,1.149742472449829,0.8271418924045771,0.47735537800525735,0.08958038156528425,0.30906759917434756,909.5662913139083,10.784141862218526,101.80990070668473,231.33600895576004,0.04862545892319847,2.1305199211456682,5.807445863880036,58.97596050353104,126.96409723251763,0.2234962425924416,Yes
3575.5812691476503,14.748005997103173,217.16133167065917,370.9189081908089,0.005920441056696146,1.4796388866807177,0.8492647603327137,0.9178282471231775,0.40926182458949906,0.007130141017087477,18.778274515646356,26.05852753043627,10.632628535172755,115.5715970233202,0.16911164139872553,2.9458021743218508,3.4346829185853562,2.295789850038005,0.4950993563092968,0.30252703572566586,5162.507631245012,18.06313670065928,233.82062356145352,570.2837716181773,0.013257816801616973,2.929067895817745,8.100604831678902,95.90348183829921,332.2951446923946,0.037785426059456284,Yes
6672.640389960045,28.347770363028154,331.51155935585086,644.2188627934511,0.1260928304836384,2.352590577397862,3.139649005421454,3.709847308618574,0.013811593980206704,0.03724876287300649,32.94173345245311,19.506671944456585,15.269879152018303,194.04513699241056,0.4455619173110681,2.3041709258933043,4.410562519441759,3.0406526213984546,0.38631149885926647,0.28714547752389546,8336.533715833479,33.92934031555273,319.96638498925853,759.5020221070432,0.1110151512280732,3.360257374584097,14.249826035619598,161.23152152374712,143.07944247257285,0.056043605463349355,Yes
1895.7145299097788,29.012980823983412,159.29550726038917,259.2402456648706,0.03814115647223387,1.807328475701858,0.40401304673400573,0.6404977615640197,0.3257024334080003,0.04865908651047651,17.87826694423224,13.492698728455395,10.811263944023057,87.11084170689614,0.17323055942995313,2.144758031858243,0.3451029022442725,0.9613467197279374,0.7064547788212291,0.04456523886135172,3482.521416801669,34.40001397229967,202.15230724945005,394.96555455082535,0.0766273591554747,4.8259300961461165,7.513024911203057,99.71475635761682,407.51997428884476,0.04404267360949771,Yes
890.8573259354921,5.888053242188125,113.03919374026998,172.08771821166835,0.9244339421997976,4.742966197845311,1.6062078897091852,1.7519821973041099,0.6588850572433885,0.7761795161952494,11.632042636310228,38.120685954764795,5.1923623447116904,62.92167473929751,0.3687917434614131,3.5335459632779256,1.5430104000448421,0.630637590443301,0.17411520224488303,0.6589854522584471,1914.573765059249,18.53219750130162,134.57075858231426,274.49465687577634,0.7780693534933306,10.006367228370973,18.589217768923064,122.61955953650205,359.69925648973765,0.8837097660574083,Yes
1205.7252417797797,13.728065097990493,131.04022086367684,193.1063627663111,0.2939282958710557,2.8340625061084537,0.6557663809735548,0.7864182258301246,0.06952284939807502,0.4306537720820334,24.993636057012765,70.21668858434587,12.460910670750433,99.04068008019006,0.4566069128236967,5.62236556766549,4.523665544548343,3.8958291822096474,0.6256391412773027,0.8142969806597629,1852.146222891949,22.448087190056558,141.01889923256027,226.79117234638713,0.10659607900039625,4.594763763189901,10.257685237542399,75.28266174447621,130.85166683584723,0.45194889626928814,Yes
3441.454793557368,20.321204878866414,225.29998262955627,372.4539965449835,0.7906414294130231,5.230420901007754,5.7348271493439995,4.538689907527774,0.9028140805121745,0.6870351865167486,66.82419471195034,47.791884817370416,24.9504135841602,272.10225688179,0.7496919291235101,3.7143242558504137,5.491961605816457,4.197308702687509,0.4509269369486951,0.5753757802414866,8198.677281444483,42.736677196604035,340.8313264408185,819.4525003622712,0.961305718877953,7.991583471454151,25.364401899073357,254.782015780888,659.2485980877819,0.6521662371414292,No
1245.12997666967,12.43666246913181,134.2730119575038,227.76219275167526,0.6845543350840012,3.3459383275803227,1.5803317521920839,2.0525457012400734,0.4643030943070432,0.7578480522340654,20.63969674709844,13.374141610154314,8.691735092484056,81.12161151027225,0.2529665348087503,1.504017984813181,0.7574065064494276,0.8088602847486197,0.26443563869383785,0.19054982958512323,3003.7977582526705,13.931262150716575,166.33990749385384,360.3933919289238,0.4054249418476695,4.705663054177411,9.981643017129665,119.1964106673855,320.14880629906014,0.5943633705455519,Yes
9099.637646315043,44.77421831524127,438.9548636710653,744.0211567003407,0.6819795303433882,3.52823769856514,4.33721357772824,7.814991892112077,0.30942751476708297,0.03857122565817822,40.92316739912457,29.518086988485262,14.787539390725847,167.25994197706135,0.22628422254030361,1.838055719651195,0.7225781903111484,1.4751164197275313,0.4367836215235025,0.1570349904433161,12937.787049512463,55.08067982345782,471.3663379250826,1105.2733941203232,0.6926613315374628,5.358019407652214,20.437829025599683,269.7898375859109,416.4967379401342,0.17098493772183737,No
421.93840217440254,15.591304384670964,80.1522847024953,134.14899916780826,0.24184889052928665,1.6922497526477984,0.5958364976731896,0.2658611389889697,0.5297412182168365,0.2956091407379714,19.13159630177536,31.60565774965416,9.392322140283891,105.67589809051233,0.5759794533868994,2.826151775223212,1.7712157767066499,0.6623469503908455,0.7613056855402414,0.1818811164716307,1492.3030461824812,26.529268029158892,119.38646919693777,240.2104817135395,0.417933783842367,4.766825539117694,13.814350571983292,70.60972779855183,680.478970306564,0.40164944239238276,Yes
2644.939819049231,6.58335715648805,196.66079132641926,355.4823522466053,0.9550727235704204,7.770630570202784,5.72071654995081,4.017140911972289,0.5306486954793096,0.8549555097064337,74.03555626757127,17.37373920546164,35.909902685629994,293.00523910957315,0.655765892013182,6.58514419364613,6.49523240628654,3.277960924894638,0.5112166922464886,0.5841143768426503,5958.99971115562,10.573937883955951,289.3459734489589,709.5235313695079,0.9363758384228487,12.961223150685836,32.735939693865944,173.3084990674529,381.8932191420139,0.8680871354676049,Yes
2786.8148759689943,9.71357266247226,190.98085912335887,362.4432133993013,0.7603597877229263,3.546899845165622,1.4932860442905127,2.6217626956474787,0.7097950939596787,0.708471840760593,31.77132129867922,28.826238319697364,14.339049220649033,157.56630383614035,0.8739449001370636,1.9172728513249677,0.41958169344398033,0.8252030622563815,0.618967144541324,0.19294438558663451,4310.593863966793,18.37543672713343,223.98341612832562,514.6530485994668,0.8595466580232611,6.029656158090706,8.745518547831916,149.4665870641497,477.9724542709212,0.4823991628775738,Yes
8752.260117246084,46.03500332413012,482.50854252623475,930.442810545081,0.5285251198487103,7.773643986682831,9.534825377955267,9.85437682000924,0.4471939716633258,0.5205814570130263,99.019486316969,93.27643060674889,49.64574358073893,470.4668502628483,0.7936988944256651,7.777212325516009,8.452662595975593,9.425100954219149,0.9088403853113188,0.6639860230655816,13803.874342236326,50.58971455379126,581.0272764063882,1346.5571589613562,0.37491191235763155,7.670270655440373,25.748917826817213,354.24748412197715,253.43799810912847,0.3324883048020119,No
421.13926064419616,10.03879401403727,74.25176859312721,182.4944564297775,0.46616136840702643,1.0319067123893084,0.10333808795157447,0.1072449027981847,0.052188849429591455,0.16516374462336675,29.293646641468158,73.42034080421634,11.848076035399954,160.44895749554297,0.6178212763344337,1.1339727669215007,0.19498865952553726,0.31543791598722953,0.34949576849917996,0.016961377848444648,1710.037915153742,23.10985902638458,116.15436814081922,352.1339199825434,0.4135150893226264,2.1053800837945897,5.077390991919496,52.643840486251385,121.45728986525407,0.014811145376177115,Yes
5583.458399442434,17.993659956917497,302.79260476762255,570.0913685154792,0.3145287552182556,4.494672257340002,6.075034141003761,3.9244385887355304,0.17678491184106904,0.433584125540426,48.308061925106344,11.722533670675446,24.19256955271631,239.3784720762994,0.03740817839980104,4.903847179732636,7.65296143468764,3.562384774196784,0.13842639145669483,0.5687666475722715,10520.131875008954,25.474941047493278,431.16681993753826,1080.8765608618078,0.20505263149890818,8.266894229449862,33.5881177755265,208.57289176548224,183.12941983755732,0.54762763168642,Yes
5456.009894521807,11.284041091146607,285.2384529860402,596.1803355462562,0.45143037950701764,3.5403157921449617,2.3997880630052113,3.4001468478395167,0.35421646138898755,0.30251769742205337,71.69335119351715,6.883377311053373,31.77025335314896,402.41593367986707,0.049758274996023366,2.9610186240843586,1.6738545422920232,2.099997148691071,0.6507607163853456,0.3188271521511037,9904.926173436654,17.774792188857294,386.62227834012106,1015.4449259175851,0.4010074067911297,7.371266374054166,16.34141659640202,195.8750893915888,574.5658628596899,0.4732846415985825,No
791.7372809514284,8.141090534112436,106.39207279408298,209.74852418153384,0.7679344392996422,3.3532929866851204,1.2185462525433055,1.7853384471014027,0.9323427014596788,0.5600073168126796,30.997544201761954,13.502862271455205,14.22470868584042,160.43894589461314,0.48726015773998327,3.484110082463571,1.720819301309974,3.0852732500605176,0.9331483066152824,0.32009257677418956,3336.506274308493,18.736797243426107,183.6382965424851,460.7576620756122,0.8878697951774686,7.154756473885553,13.262824573840028,160.97511225635978,898.0376105409614,0.6243725196859772,No
288.6002012630078,17.795837907086764,61.11886048257117,163.75227703615343,0.22274528918322,1.113652307487152,0.23470678663663216,0.30786453764319915,0.2661363593480016,0.3682843799823229,26.512010927140388,20.228602007551466,11.672167517108408,153.56030414207152,0.7356242352703404,2.141414715876325,0.9352404053263408,0.4852877064358788,0.8081513700569027,0.498392419113203,774.2790734800433,21.435140893568697,103.37384832999312,241.70837082693822,0.1925122046359492,2.548448916626279,5.467353997219671,56.111696060406324,273.29665134496224,0.2873193499134,Yes
2904.0871497650073,8.366548485302868,213.57144515711067,394.47750507019657,0.41566627086072283,3.9341705105611586,3.194607194853253,3.47583425944226,0.5950192680522588,0.4216444380895537,41.73744608845681,9.092562749655096,19.689189548730543,230.03378399496475,0.3692072354662188,2.2979168464853714,1.6229137865182184,0.5705709830587004,0.7545484483039959,0.4068294925406909,5919.470586574742,13.21348390950879,270.91609393943247,728.1426551564857,0.38313731739568707,5.927378335683751,16.679237245287396,126.82731908128251,478.4982447973504,0.5625030642112134,No
496.2497490273164,13.537810507764913,89.57081370229719,194.8126062526924,0.7657709924397162,3.018969476596127,2.432885353854209,2.0720313483621897,0.8862220679750968,0.8895063827902127,22.91889105439243,76.9732624194099,11.593863191522185,99.10836403253973,0.9616610314597902,4.887555512509743,6.321883583529113,6.668814781170721,0.7625320519203089,0.8907083399552139,1108.1735136950367,24.658952859178743,119.27062419709578,239.22542270075556,0.8916635156556656,5.580210208275567,14.22776272813417,134.8497091996554,530.0923101281076,0.7724494275257607,Yes
7588.359481183141,49.88830352623107,411.8833078011595,868.8870872826667,0.9753336817587841,9.625862205413988,9.963967375626869,9.95398162304411,0.5979000794527018,0.9357570767591796,74.79337073389537,87.98046781123317,41.46358069960241,320.8702918298159,0.6753875539816675,9.343685651202033,9.900259102111834,9.978206946814726,0.611670950070641,0.9702112705665267,14001.145209667655,58.85879440498978,569.9347331347436,1391.4997234446637,0.9999227817190661,14.85281794031954,39.87625147162181,399.7786401394368,774.4543919410299,0.9913342981480122,No
4239.665330444002,38.37881169183331,253.05691476060656,431.67209080061195,0.579038803212459,7.804248392086832,7.846914027735847,7.599594958151381,0.5168125997570169,0.6648152385291067,24.33865507779464,67.81702272631709,10.70648469846591,109.18750885600537,0.7590977861627621,7.650439795248496,7.421418824795377,6.901458864622229,0.7658241163788082,0.7121678565428498,6326.328150633394,51.75146104692593,269.8871602350475,664.2283273834075,0.8182653844222894,11.061149446860984,33.74657000530004,318.0406572288278,611.5623930497651,0.7130122988930475,No
1573.755939435083,11.676761432284067,148.62623818801887,243.76905215775042,0.73772602216519,2.891546373075104,1.4230363524878407,1.2491925481683097,0.6883717172726447,0.4451225354664696,21.38943200598746,24.810376135760478,9.084513222765338,112.19674792563295,0.1407633235180516,1.368437534628725,0.4269152075754515,0.19843242204712505,0.14984935788941173,0.23930409729219093,4998.061702639477,26.211494986936493,220.14331175647294,541.3716325867199,0.9117507146885695,7.743598445182504,19.905337974624867,135.48060693322586,818.1192092974401,0.7702274017209109,Yes
663.5902453424468,13.775727868010447,105.22280246908959,154.15518543981614,0.7938651916249369,4.45190571685829,2.807954180220448,1.8861773392102534,0.6016081288955243,0.7130214657930565,19.305358766308167,13.686686521075101,11.336508610181495,95.83685746799318,0.7288970191777556,3.2695079187849956,3.776797962419124,1.9890034478831582,0.2716857067991607,0.605806671928146,2419.879521690022,19.22609058123821,175.45804945383244,295.73846492042395,0.9502870461104937,9.330568754194486,27.94659843867731,190.7623352032601,457.77492992521275,0.7951755992561388,No
6035.4781628573655,11.031565846065353,315.4595807784699,571.3680495949343,0.31053462492830275,3.2233043849887095,3.5400048837770655,5.2390643683311575,0.09532759524319395,0.0758015464345656,58.47912139873115,12.300641888820701,24.07036419107448,288.4918144568244,0.3328956378777166,1.5907641662863556,0.5809225255932999,0.7016989936972814,0.5038192206687468,0.062431329126903023,9795.222456636622,18.620193162129155,405.056916593042,876.5438212814425,0.22042122968379374,4.368064034214796,11.576954500137756,176.9303165857198,307.819357196073,0.023547767863419833,No
1863.357725796711,25.113059732572555,160.53264562644586,271.08589209371,0.1205075611071657,3.0333504927686703,2.7668364420604035,1.3149187818903663,0.3151624452111846,0.4932926104607903,17.384497638116493,54.51494696725887,10.942281685190993,103.46129377719998,0.43956708729250227,4.0543808962875465,8.102697060391089,4.071400815594314,0.46794559774691236,0.6542470673082026,4013.3744095217676,36.32721596617347,213.56811897713865,467.03126069233565,0.1839711138342675,6.326881641729363,21.562439591166985,132.73035973834675,253.93191281156643,0.6688924553528979,Yes
4196.74702961895,16.640661715734,237.9327962583007,424.6854345501596,0.16958334467801278,2.5226455539798716,2.3319408191611526,2.3311821442056444,0.30747048774582975,0.0997409231071964,45.11733852085856,27.906400285423736,20.207318717697817,231.95216868028956,0.5666727188550984,2.1929452020558524,3.1265505273253225,1.7660838309848925,0.3804879240623711,0.11662559065636147,8624.197660835973,26.53541554782028,343.67687423446813,872.1464988903706,0.37983056199044457,5.272621197725626,18.41038201920981,143.7284442321652,361.69483431363244,0.2536564319997038,No
2207.149127920371,12.178408912180261,181.86755656831238,337.08967737905743,0.8737021570218669,7.568236420063528,4.953368080449513,3.6698396831140325,0.4839509957618647,0.9252658160350096,69.72165124414285,64.02832146832398,41.74499931269003,356.27991513866965,0.9738825742815176,7.389476884345589,5.429694376148361,7.5291430664690795,0.7912968629509141,0.6513468876847461,3913.2474791373124,13.220423990822429,233.95197906149568,568.8243875662794,0.663522335283272,7.871566825688679,19.28407539499209,178.0426614223615,166.56471917252162,0.4559145779773481,Yes
3173.9714062601142,9.943582884455695,216.71963478677444,359.4444888728131,0.620181455663708,5.065000764950885,3.342915708072704,3.7828808590374656,0.9407404735589617,0.6505840139963786,36.488536918233734,21.216025108352405,17.461338126541477,134.67182987242737,0.24002413982802845,3.6984551194344975,2.934757331316932,2.981225243171884,0.8789091912712756,0.6074406535408023,7027.257136007611,14.029611609974912,318.829442387608,732.1016165188707,0.31461076569604063,7.957578303830573,18.34988632897605,202.26885681871218,795.2628351359754,0.6803139197172944,No
383.148534448828,31.815904448146306,68.66172123457508,126.93970671315498,0.0024258848659514665,1.0003628007105427,0.32006674056306783,0.12010022606181982,0.0776593337548046,0.13457316161364757,10.635501169812581,20.730977765496636,5.075134900847951,55.96246892720634,0.45644843800738266,1.3096283378151132,2.7079235094743783,0.13654745080540448,0.19461051590683665,0.17485405007524102,1811.790992385826,46.23062601004958,126.31082461875133,306.5812995507505,0.4281827511498487,3.2457543278335903,14.77013011812519,70.53862061178177,533.1576593105453,0.3931113486178581,Yes
9477.037553246175,33.354789026691854,496.7806170236566,852.6085381662926,0.5026860317383764,9.087428660169511,9.368773395600682,7.906674677176238,0.9594241447010041,0.5973924291586676,93.92709240728968,20.32665928923754,47.79089066661413,414.64779111326493,0.07633372682068718,8.987294168686823,8.640258235512785,7.6878271556497575,0.8200291946801208,0.8740350557309863,14712.153876218334,47.881269993492076,599.9685866584737,1435.6552715821174,0.5161849728378793,14.3954352943366,38.95965358960523,374.3592189995438,978.4321572754563,0.8379219033182472,No
9554.311282844712,43.36806745029057,479.3855535248221,926.6748052852511,0.3888174056452042,6.050084034186756,5.623358778005813,5.440962581721681,0.28006668394716794,0.16288663731329345,60.84298847399973,18.53247968741122,28.30963124515818,311.92391297241875,0.06710219021430358,6.505029670038393,4.252743368563156,4.261447467184055,0.08287051195945272,0.3206853289411894,13776.035466067371,48.9279739189312,533.6155163578101,1243.7730222727398,0.36361478564296734,13.19770848493726,35.67228365836278,291.4149882290121,322.4334103888952,0.6611303141589697,No
992.5499560417811,35.94629266350423,124.15380778677857,184.27978492506136,0.3001675869737411,4.34581621269855,2.842377465311969,1.378549914094468,0.5107049826247213,0.6684790512129234,11.287587683018335,51.46428079572016,7.794120699857206,59.23921532418274,0.21183997377883668,6.670345212419944,6.745299741876217,2.0142819648212527,0.8214249236791558,0.8062994477636596,2844.070696914598,50.6511935819869,190.84444974860395,357.18677444607,0.33382218970167155,12.469357454937214,31.22402065772941,164.60379188176614,800.3462706723582,0.9513149782093504,Yes
867.1746902827798,26.828100385409996,106.93568048762215,237.0956584297805,0.7115479854489595,2.1444618676784883,1.4181229741104602,1.9545670861202566,0.4790425472551991,0.4929170888451591,49.641294285019505,75.34288157839762,18.690202852151977,182.55567944922782,0.6885872500352436,1.3412999453776298,0.48797103799384584,1.3210004702832352,0.1534927781685939,0.0810465899175477,2894.968383300004,46.21841734461259,151.552743748012,415.73003635482445,0.7788311591356989,2.6581625710777823,6.9958228740716395,121.43982409982111,192.78213146119845,0.35968686843879294,No
2310.7752945502866,11.63621485781961,178.07908128238802,301.1500816455061,0.6387172836956828,3.497543363500851,2.518007122354857,2.056909874661931,0.24808461698941542,0.48933428395759765,15.681378236520375,10.189699251293373,10.09170472298853,98.33093671202667,0.2878908603223377,1.9619269010924496,1.7490676494008448,0.32659431671981715,0.10396210840664094,0.34176225405554783,4850.158907314746,25.993677579829534,250.33764602985562,496.17996205650525,0.9641448290411307,9.069742207770906,28.62575961388557,167.26008298228584,554.8056591255709,0.7274584648918316,No
5063.919650670917,8.645009502228268,272.0101029844656,568.6321429933718,0.30610023039440515,2.210926349831306,1.9440227162311936,3.3474635970031406,0.4155579443355928,0.26966860938235765,33.291812283958436,32.52392659423062,14.888625600603921,197.27410859469612,0.08030877217387289,1.1615552551461865,0.2775976141063981,0.18752459686160228,0.34825767089637394,0.09533778750177169,8209.893770053255,18.486663096215025,325.27017631098397,895.0897278637663,0.18947109273060914,3.620576795890561,9.73714100991164,133.49478603831577,355.34446243802506,0.42622724604803713,Yes
4895.214958294158,8.994878896758513,264.5000957951254,486.38466421641647,0.7214307681893899,4.6141408575818765,2.3078494354343615,4.372501653155519,0.9325907926377748,0.4231659912063461,54.39558067829299,32.679822207076924,26.176663075774528,240.11195963516434,0.6984207703219272,5.414487889587379,2.1531990021851675,3.8822030022431453,0.5017405672085653,0.4352847196679651,7340.104980125069,10.80324971919496,305.5747414994748,743.5240714102142,0.5493102172151948,5.16289009568064,7.588692185003445,166.5114419618747,255.13454348317737,0.286017579793894,No
1956.970984654471,29.041008943541986,175.60687904923384,323.2500863821684,0.5368050412134207,4.1749338480813725,5.513080203024105,3.036900734628371,0.6030960728006295,0.4990833748264278,36.362750260471216,27.502828985052044,20.99269359661422,172.36254663636927,0.25850821545238717,2.5515558504829774,6.625383097276704,3.269669288514298,0.6692496455577726,0.4714678337225952,3861.957517782717,34.90607440338233,213.82268240801355,475.7432102292452,0.5931456614364757,7.43017483566631,31.509621257037182,194.9000828681142,678.4233254655458,0.6671508039674867,No
231.00714862021945,9.811173820145322,66.76829510469567,103.98645214004458,0.2178501227707194,2.3981349228772784,0.3733009032070846,0.1881995554673638,0.28553510017178907,0.655401002897845,11.037889475086962,38.18543210885234,5.2113753057753724,53.320825026365696,0.2313781728380695,3.3059216590148064,2.7151206206584155,1.511726753512917,0.5314882907396359,0.8656958071556169,608.9216015768917,19.027014639549975,102.88122554299686,203.4461530057651,0.14871417474578602,3.2616875595274206,5.940368675582043,67.21564711741165,402.6796090900177,0.54811373852978,Yes
8188.297151644428,26.33210130426067,415.1371463802634,751.3980884925335,0.8852273589184003,5.347248770932261,7.767890788021567,8.146688358117371,0.5603274096042339,0.3428396669984316,76.9018123558496,49.89042865556962,31.426892811708797,278.92525280048574,0.8194362350222765,5.456748587700265,8.61806353705855,7.026148942152304,0.5724668950098684,0.7582722826215109,11514.594695527167,31.098743284750455,437.0563980004161,1000.4832026655357,0.5951225778993522,5.523144093588212,24.906916927009778,273.74529283155823,320.2354110957011,0.22918996685670923,No
6732.218142613238,23.687258684955935,343.9307323601816,814.8787781282753,0.42002640189792406,4.701746207759402,7.411512273642292,7.058455793324348,0.5855257957329498,0.48794649460404005,60.577424004740124,35.56114465724969,25.285467914262117,384.3842656009627,0.4392995403791813,4.888800105290019,6.704576590381227,2.3550160178257196,0.6969082015599816,0.7838400252124023,13184.0448644936,46.13986383461507,509.8444099834358,1382.6900252166654,0.8412506169391293,9.880106266181588,30.526320941555362,278.06279847395535,808.0979082058521,0.7339334053765469,No
1047.2140611304196,30.261236309306735,118.42001480745284,186.3731383580489,0.7992867529601284,4.715844645610438,1.6113617493782846,1.37976434729371,0.2970269414046467,0.9528656786003993,27.368869683344876,90.88380934651452,14.950549863793135,104.577957903089,0.8764299068995377,3.972121090980228,2.2709274368848655,4.3184504916051285,0.8490005626322193,0.7729832948012079,3046.423422685417,41.76943605953403,177.80292275012224,383.5193609452241,0.5829899613961136,4.555487856258115,7.853979822618854,108.21653001913792,319.09417278432846,0.7043442147307867,Yes
959.9388768797436,15.022708627299897,130.39433882249787,191.07113812987564,0.9600206508451748,5.937781872239904,3.8139007144744697,2.523903031154505,0.9793267720307648,0.8202400803752297,15.925923357268177,21.341496448697736,10.51068378442311,97.27653799407646,0.15784072620785067,3.4331891413258218,2.182574285095916,1.456341091632156,0.6771856571111037,0.5127842895550141,3513.232384626662,36.06572622432237,202.3061965488997,449.2015740359927,0.9314048438707038,11.515247849305439,29.69756349230044,207.20715735217163,855.7164848207424,0.8340367305068911,No
4359.92305106254,25.080251348096848,248.64448878778802,503.3563601960406,0.74463460464076,4.315748535355475,3.4132204864470315,5.1695349044603285,0.8900998058048812,0.45198658176406736,67.42958964268732,22.480319647758684,29.569502057872807,322.1367934427198,0.8455500992601969,2.701202862440346,2.516393692914068,4.87335022196666,0.5450956515685734,0.3069540862013218,10024.535962600428,29.45040576028628,410.6026978051895,1102.2531522639601,0.8090415817274575,8.255085943775358,18.566904120196124,288.789555476302,735.3126006802139,0.4563758097946071,No
5186.459215504792,22.217093277353968,277.10427079743545,561.9377004366552,0.5430247048132565,3.431845222368256,1.753500433439705,3.652364530942244,0.07705468257122233,0.1889760143611866,57.386568984128935,65.04943481708708,26.92404764216758,313.2970765238259,0.7242345281716488,2.4335590731662484,0.4072810385431968,1.1290829913948646,0.4554575276551578,0.31998091407306145,9819.008501749457,43.58219165371127,388.9081106364831,1081.4672051702544,0.6374073527645716,3.883177923091876,7.238419162498734,151.4687326403877,141.84575721314624,0.19243842984110343,Yes
3858.7145567607536,18.334827524560396,250.95449574548067,516.5879369063653,0.4440998485670519,7.935052960271444,5.974847443074142,6.106771341102721,0.9496635260098204,0.7628044175334883,43.39395273292838,12.148711880276492,23.15427452582668,307.2406823838648,0.46986841363145637,8.529041350870258,2.8695142275291716,2.750568296086498,0.8653499292116663,0.693373085058836,7657.955618464681,31.06408358449229,336.63455491345974,952.6763525406798,0.6307243937375923,14.519927763224581,35.19612509524659,316.80734799980735,979.3606827596685,0.9486340520057192,No
2485.956906780723,18.004837480072318,183.5314247015888,298.75631560909557,0.4709387309787498,4.4148691642139894,1.6391402330189202,2.4192926738898404,0.2536847469939175,0.6370745705923665,31.57379270308877,54.330779871019736,13.255276741798037,114.26953170740352,0.8427929995194343,3.524839060334876,2.8697848120621003,3.703991634278741,0.20121620973093302,0.6407158452677865,4720.3551583346225,23.755889294254136,227.73139415937763,511.3014074853941,0.4260350381842729,3.49633454764039,6.649580465907006,124.36664067467126,106.30520718381615,0.186844966831138,Yes
3727.744948966624,22.963078151953237,227.3168691547043,480.249335323636,0.8164059118075653,4.723460073942634,4.072874015863425,5.00119187868147,0.44763189792592295,0.8497695789300144,70.82470929838455,27.883984209924314,30.79340212167025,379.4596882280769,0.8798071521174486,6.626217147151292,4.7664681927469505,6.506653902692129,0.37796114000040243,0.8365001242320838,8209.552157101853,34.67375370821094,340.695609838254,1013.9803710561702,0.8469299690116907,8.417333128887751,17.44199943273243,221.0455680663953,255.33862955868605,0.8802701408884409,No
349.43038278073897,7.574466967573016,71.72005093533653,125.00443324991839,0.5274910103725979,2.3381494480647675,1.1104582159315166,1.3497087103791194,0.5818702692097634,0.44158863353387956,18.97412568284875,10.239516866777661,7.658753924203434,83.60911857308885,0.19426342154549536,1.631526531469044,0.6899168132497882,0.4157741864864827,0.05102028221451205,0.3556532464167187,2841.5268476843294,20.09833866140069,156.58859892037793,340.3453719402849,0.802985945275139,5.419444379982489,17.13964480950886,168.16397014206163,728.8989070505248,0.7286326077272032,No
5302.9778529287805,21.44617200142228,285.3753253707902,505.90312729411994,0.4189259857421431,4.349300351528799,2.421863869350044,2.8120800231629963,0.3878365694147821,0.4503699937196715,36.710024374203954,19.051578301691517,21.038456013056223,187.18001010762467,0.5695276195708955,2.9630380553131195,1.8413861471333237,3.6390197737805745,0.762096663077868,0.5200181243119362,7141.71760987683,27.905092646224695,318.82128680595304,686.624337975664,0.48291268720391994,6.083919559968555,14.561376294102317,167.92292735940273,405.6617700701995,0.5800165061585085,Yes
6144.041483274532,14.059707723135773,328.7634479314355,677.8317880365953,0.2991850342794681,3.8931509890972937,2.8282908186867317,3.6804399994610395,0.3550814522346504,0.1364096244849487,44.99634933356273,30.428135265165594,28.111982279037633,241.37904329324397,0.6684470442708943,4.343174865252065,1.8960797287624729,3.9241386573280286,0.4307606256951307,0.31361026230500666,8391.69365649694,19.635653918826566,394.50546457953334,891.6845482540363,0.17951511786514046,5.9997210202535385,14.398032593512575,192.7315181118537,270.28611399352656,0.26728231526415014,Yes
4407.583030245493,8.532596580174548,257.932622977172,482.5466699719159,0.6707362267166618,5.816879790950771,4.520142718115479,4.731833825989591,0.5320490343357553,0.5492799612369095,44.11079716943086,49.9548830298182,25.714065324039545,264.52076554661454,0.8720612458782672,7.979519958464939,3.7782517539965093,5.7193725176182815,0.7626471774428684,0.6557363370454943,5709.329272744163,12.01978957031278,273.3866286822231,679.1604982464368,0.33907800263538235,6.50820001694248,13.734667601851397,159.35141369711434,196.56618334626123,0.27495305489195077,Yes
1408.1694928564573,6.736279140877407,141.05522323487583,211.48831282159261,0.17989083050045535,3.139513332126001,1.2069561151828934,1.3004013617292207,0.5633836800484934,0.2455223279015019,13.844682138700973,41.800562380335535,7.160936135571415,57.544535309025015,0.16384341095424154,2.9871838137435343,1.0488874064481,1.1618383270118062,0.6331992941087747,0.13585111417858348,3601.6093991620164,15.266255560573667,206.6997806308827,431.51996754358237,0.18322563378112444,5.412002587214563,13.09012129966073,128.12795611419563,522.5947988714842,0.17238427633397713,Yes
3547.079173302271,11.31105871098064,225.4509212993208,367.9000178540243,0.19459121003723018,3.1991458238707455,1.610065084161086,2.737797303351505,0.05020527931282254,0.15900009245275915,40.09300671442193,23.820189617082296,19.952145145660932,211.23386083163953,0.4628227724244619,4.160210218936814,1.3726692767799715,2.8958045572529056,0.7079042878327404,0.5230103181548297,5849.414370128074,12.965501954832192,273.87727244141917,653.0294249942534,0.02610713809497195,4.9931815090686165,7.122887857411123,130.97876789548155,240.58659865862603,0.07386511450581684,Yes
9343.423488222463,10.831294350023526,477.30388281123487,782.4400248079115,0.4529034821844855,5.380611868376056,4.373382421865548,7.410533424876349,0.2570470560205115,0.21349276141247536,32.70453083669123,8.208100424580866,18.521882713500958,217.99577470122242,0.007586945495162145,1.5816755413053345,0.20932508977161832,0.6726662278671949,0.00851799257056457,0.013360446302116746,14526.493402252083,28.786852276139502,582.2860475157735,1410.8297928237553,0.7602197972860648,10.755084621835717,25.00957819545739,378.77382655255246,408.4595155378143,0.6616530683295498,No
5552.13734276867,23.69984859486568,290.6403725617069,582.0685632858474,0.13481169716122754,1.9267641766610495,3.1165476571432373,3.831550866847228,0.6168148605548335,0.04032995379358678,50.52841301175612,43.30861341598907,20.7128941103824,231.96367729033716,0.09327381135494678,1.8729181789843459,1.7267081703814937,2.478536614471924,0.7547310597423741,0.42725805676124945,7867.478608991125,25.250970266463558,316.6370364383411,786.4712090399539,0.023873534996089796,2.466474822138237,12.033479235838644,120.10347116791661,320.96445119384214,0.02481992731330207,Yes
1410.7902032254055,19.724936003497877,136.39053255475625,265.4745104429509,0.5464219345309632,2.5880057630557194,1.8881970235398993,1.2609204172001347,0.24090548019605607,0.5557842082327036,38.72336724953368,88.1865062179629,16.01053913550147,184.84036859467722,0.6908552431512872,4.8188656997997965,4.968888993915758,3.7684349699025246,0.7796726794077696,0.8764835166816347,3552.073163952979,30.1904064518345,169.43311464669728,478.07742208993193,0.32721465398233374,4.367655504476898,12.234759397958028,94.99686278199076,248.7317264130463,0.5024424531293098,Yes
339.90470232616633,9.155217309939909,64.6505767788184,151.83328746700266,0.4591454794651539,1.6729225997502646,0.14511489875015024,0.45954474055160527,0.1147967221562316,0.6822227949212692,18.6662249589732,10.701661319772727,7.394013091595052,94.49748653260544,0.1685174129214695,1.669070971587406,0.1645586580784045,0.13753532131635346,0.023018582326806758,0.23371434757803233,1409.025110522019,12.941285011537763,119.11899924058133,281.4128406623631,0.49361526086433427,3.5509081083385023,5.576582000889199,73.99547022654383,149.90328157077843,0.6339375998340607,Yes
1050.7980906872335,24.80880172843306,114.81872527297827,213.51534010909592,0.021773189457352737,1.0846840165773703,0.24339031083189336,0.5057745100420551,0.07389727102172772,0.255300511333196,15.133419272067862,83.78837154981426,10.07007953628895,83.83118480886596,0.08308235289037053,1.2123336382074423,0.15521674521480378,0.5006927930216394,0.08460324642206984,0.1649128810893279,2476.162657731186,46.02640532019964,165.89631084488977,395.77656825462884,0.017828719399526127,2.192735359095388,5.457350901988559,69.86862304572483,129.92380139146647,0.08354335857822992,Yes
6043.709207069177,39.7431469902004,315.06943143515366,576.1492637171843,0.7154610856762964,3.891057088711366,4.703226919712119,4.552347960333898,0.36480119031678027,0.35095180817432997,72.04912114457831,95.6904500695743,32.769270566643705,256.75782432511915,0.38179387507577905,2.923701944417952,7.373225474169504,9.120489817604106,0.6869244967672096,0.6631532762394139,11803.332814472527,56.475329734231345,449.81525563444944,1081.880497600688,0.6089809538096543,6.184512530691955,23.925596525856335,314.2021715613023,340.1161511399469,0.3991309587607084,No
691.0963432185332,7.154107410555051,102.25159758612418,172.0273884687838,0.3069849972156936,2.141280702198682,1.0000711802355287,0.45428878797246,0.4193985108201671,0.5165190744965587,27.250217309841684,25.914855103986167,15.928822845501374,140.88065000389682,0.5855125838271624,2.7917694050982753,4.511978318491439,3.7071150697385753,0.2633327615444956,0.4918096784248499,1409.5576013596567,10.280227446305673,131.04456774248087,239.49344930490776,0.26207909159453857,3.970404853319393,12.51281001711633,97.72597204221113,210.97340161763418,0.49106721013774496,Yes
6621.70547910464,14.242777706685995,357.03876749808046,772.3724580428104,0.6089150267330835,7.788156482688583,9.009632454827894,7.9798359154300975,0.9836539370214796,0.8133157645917468,58.85062339902145,12.795064632783438,32.32343031383093,263.48466080978363,0.4915834857580451,5.9950160525149805,8.545132459950171,5.283871881250762,0.6572191326449572,0.8206955934690681,10760.785545858153,16.09852692879578,474.807466323525,1107.7402259699427,0.7367528248932194,13.097164417452683,38.94845119140692,352.2065625043905,741.2834813099448,0.9519089699360603,No
2051.8629233357965,11.264885236275443,167.37172836635807,263.8559133648005,0.07467382118507937,2.4061247113207602,1.1615052096181941,1.398991719875865,0.1571269842255047,0.2836083404439905,29.024997385865767,14.288963053903172,14.376864865711596,114.05476456160802,0.007741961316226842,2.202467514155933,0.7036718450550181,1.540772370290902,0.1914275304933672,0.2159066048324662,4497.726744861946,21.964500658907273,227.968823878989,442.34438952004876,0.04742574507733155,4.683644819554054,7.913600334431721,112.9000502338117,222.56226480971657,0.30341078459272797,Yes
3965.1924025796393,15.571402128506195,232.57746010400533,480.29279160655176,0.07064987022763541,1.6575129905201778,1.3114486973356843,1.3553008608509827,0.3188720415786479,0.038608705714366975,47.27644425302748,11.352944441524459,23.12866774956541,294.8414253031202,0.456254850103104,1.79684900226163,0.8717048022142168,0.34788121555547474,0.06858292914179925,0.09287349943022583,6625.369634504543,17.575369054338903,300.03577540849705,800.3651789817575,0.08292558910069847,3.1738051423423634,10.489276604693197,84.79311265197785,113.41495902983021,0.11616609962368357,Yes
2162.1816877198335,27.837115048297964,172.36944795366284,332.7109719253323,0.38582097997878345,2.534360348392717,0.7468235283484989,0.9375987529311741,0.36642823762280874,0.43591665141333186,21.83097068915963,15.889323419831069,11.704666991227379,151.7274846070392,0.6198142144572554,3.1313556984094824,1.5991941878243952,0.8900041987944751,0.7255547082512183,0.5735853373680272,4395.362809391311,32.74428336315552,229.3525680077686,634.0936919411266,0.6569279147654574,7.051355529605315,13.08710105605114,132.36493584718175,411.7490205437977,0.5865658666456302,Yes
2946.7546227816997,34.80009756326364,200.3300198628427,353.67294439760315,0.35899660911819165,1.8400342883316374,1.5036825634613513,1.9347832825303317,0.4302374476147216,0.15984938837651386,16.945035146778753,12.889722101421606,8.287476848264047,128.3084631443088,0.0495482336120171,1.0126888147706492,0.3890712419940431,0.2072589328306503,0.15618039850837584,0.05546597490535721,7046.43642546419,48.08384254997698,303.6467071422796,747.9369190114747,0.627694945553587,4.159578408236017,14.27692626169427,141.11233654135305,627.1779405773548,0.3599879942430771,No
1705.1338291002496,24.940320582401068,152.34566800265003,243.05497920630444,0.24826208770238062,3.571734602355555,0.7560689420773423,0.9856206469893721,0.6603346228284682,0.5471529324472193,12.291002603863578,40.511274150406074,7.716097290789823,61.63735204191357,0.15026660785184248,4.934746388852404,1.378974455250086,1.1653217607797048,0.84327973623139,0.4643242035347248,3083.301905308385,45.91182708031389,186.2502818390666,303.3225435100543,0.5017629326275123,11.929382056160737,20.99147044868222,139.70191836418644,928.2361587360299,0.8179644530650414,Yes
4478.752127897628,42.456975011899715,264.4213195466057,424.18752173719787,0.7130984078007385,8.615446722131246,6.421254993389796,7.56735308153316,0.9863200788806572,0.5154154757428286,37.08958306545944,27.609967126460358,17.955523591413854,142.3106611347308,0.2380759994849604,3.599313275656545,0.9753570916291076,3.655463915217778,0.6649430516886148,0.14751747914427943,10376.676675297187,58.30808849321938,435.78740873454035,940.4822232738172,0.9596816932438343,14.891461931780874,36.901048980038894,381.3958543618445,987.771955704146,0.8930749777196776,No
2511.0495951900352,11.47226250735359,183.07350047951184,325.54774831662877,0.7281647436516344,3.2264208048458176,3.3101373844762385,2.889988928563686,0.14454779788322508,0.49141010484718456,44.45211438433173,13.37037961257207,20.347980714779734,185.18413240812905,0.5737249105809752,2.546381113752944,6.26774953399397,5.893552012262446,0.3862493898166438,0.39172632081236114,5241.676925239275,11.496259985409084,242.75463224142396,584.4407302288932,0.5569485768573247,4.843526290528883,23.346957507077708,172.20541891216428,167.0211307004659,0.3931909636104857,Yes
5523.559591414017,40.411098908063266,305.53600609612306,614.1433711531245,0.4910900336841024,6.449109621145921,7.298146885123851,7.153788686229086,0.2657675620397564,0.4492567949923316,50.993923311995886,15.148437993149482,22.880188569157976,229.49571401702627,0.3749328205920826,6.64539120207465,4.84938969284352,2.3485669980347494,0.3810016179749036,0.49937371293896915,11375.015577253233,52.100186698581616,456.23311359952635,1136.6705315557772,0.8221056123921713,14.088413046754958,37.16003607353994,353.53861321021645,593.395733163192,0.8277522678794016,No
3753.9703098341784,14.962745479075778,228.82740401604443,455.0996283570048,0.34464460214810244,3.9966480855228954,2.4170922368859133,2.895323769996145,0.3824784896496912,0.571950305164715,27.14774167299133,11.143504775011348,14.20580002685189,181.23568822040485,0.33511449280508093,4.254501360236684,3.7750045346505803,3.126146924820722,0.561881383341273,0.7809471476225199,7520.8123087777085,20.723130044277998,314.29979979995096,882.4948886645045,0.4288325309772291,7.0667249392494735,15.123199162744651,195.66371637976337,569.584209604648,0.5945186625410197,Yes
5065.2361472309685,11.544548977698827,293.59856109907497,555.264791365985,0.9855101222168954,9.45847746474703,7.772141872891862,8.209057714108571,0.890323745163816,0.9898620873045966,92.45075372655437,17.675721044890516,42.65730669251337,360.8009714310702,0.8856900918433019,6.998420105721519,3.585597039383882,7.373144735386976,0.9218425112947913,0.9355018478064505,11512.269010605107,16.04689816477077,439.49596949290714,1118.9642052849417,0.9737579679166477,13.698165833898297,26.791089776042977,368.6218237755998,800.4336490674449,0.9741671709846838,No
8316.131988197198,18.604113128236335,384.98945607319814,696.6495857264352,0.6379912729217875,4.292039859242297,3.0112096751106368,6.83421633265871,0.7177959876039706,0.07499960022857127,62.73269052957731,13.28902994654094,22.924927959876978,261.6797165472495,0.04522352079531322,2.2310461036272105,0.6126830366127439,2.293445701844988,0.050186867224894016,0.34296813328818754,13790.6919968101,27.343786334947634,496.9986544291061,1272.7583197835097,0.4934602201028917,7.524010962732509,14.023726744934729,260.48445608650144,337.84829224693846,0.44972886056695094,No
2965.178257510229,13.241544622771384,209.8662610317871,335.48095712425794,0.7405028907886749,3.2796957692565507,3.1880370692304605,3.229952542304495,0.4463863607606747,0.506671777426908,17.155976232306525,14.436486018625288,8.30090333792005,110.19514371464369,0.336565423951523,1.7079808970977461,1.4759755557219878,1.4759957621689241,0.02004631640064436,0.5130105783877403,5040.467201881257,19.8116856635376,243.08643699305622,578.3243399989067,0.8288277923325016,6.486437425068908,20.817736520956576,177.8372394458536,328.07761775656843,0.7658476244250296,Yes
1968.506159961879,14.225687080397307,162.2776437814987,276.4140353640283,0.7168063282954343,2.428626307146433,0.5276034827507733,1.3726653613575126,0.6821891336273627,0.477233013286811,43.58753339809951,55.786830149383675,18.008690213018898,143.64836178157626,0.6267617543155862,1.2645998491876103,0.18388542520063775,1.0297736030380882,0.7394716156406848,0.26623401587277407,4613.231597846064,29.206119504647493,225.60851601616105,520.165668016816,0.5950515437915108,3.08787439813105,6.742188564325469,110.3411513740966,345.2654041218939,0.4039105498991376,Yes
2821.340647468977,37.95141248853554,184.41823914788102,393.2123205901855,0.014485633770679907,1.381587668659696,0.43294706344977624,0.9791519964762043,0.22959650013846217,0.029779059787332807,56.95576564491151,85.92885454123106,26.24177099119653,243.29178037643456,0.6119946345159606,2.4714677619347887,0.9479656276803075,3.127138112223756,0.29363817590269237,0.39598325634866427,5571.407702273869,50.254468033745134,245.53502107069218,671.5867414005456,0.20023215898364477,2.9906042802559605,6.331212454912052,116.26489210339723,234.83414862829318,0.06128475923668947,No
781.685182018562,26.527652911208296,106.26294110251557,184.57733985048228,0.29776399083827365,3.07058803960144,1.199235891555838,0.5165751768402602,0.7021595475550778,0.814178227342429,24.343351844482605,24.743295939143795,10.724573173564199,104.92419787988865,0.37603817219962427,3.7756054605169473,2.753382496331467,0.7680292073375484,0.2496021948019268,0.6502131891190783,2140.545654867241,40.15851734690459,144.09579264413398,296.72192418449987,0.2992101643913918,6.437414233464127,18.090787096976136,98.52678817301292,442.34597283364036,0.859185246057772,Yes
5079.5219420848625,9.239390234855687,293.0438627421925,651.0803927690412,0.761123277389039,5.366687504079312,7.7845459207756935,5.723995438943836,0.8934595040081676,0.5496140767555352,97.26934652628132,17.380842062583312,48.87051365025548,498.7419909127102,0.255122913009479,5.837973616113828,6.177695164066432,6.221618402304976,0.8252460859667445,0.712374003020185,8842.817070703928,12.010353399682481,376.1411698920573,1053.7099510819078,0.5017652681639637,6.032698712473039,21.175702944904618,187.5165949883318,624.5550172388981,0.45875463674594014,No
4860.473901389258,9.106097924103066,276.903247034162,588.9447377849749,0.9501447676378268,7.727669311261617,8.355239194553475,8.01130356736358,0.6437509407744306,0.6604165120429171,85.29987634290428,39.700441400075874,37.47270569681125,417.35977758078405,0.9838112211988017,5.0074508320685975,4.611300697006436,3.480259191385804,0.8569005996413894,0.7414147862918724,7310.462889892817,13.113754811246318,336.85879416702284,869.860804725755,0.9312628903631182,7.997455192614983,22.85730357285237,219.12515422016884,274.39584847680527,0.4827652392496267,No
6804.404313163026,17.21521148284419,344.78938849913027,635.5075479705179,0.8435670590115216,4.210062499339827,3.5604286181165095,5.002263478685245,0.6535983093304373,0.4081510890103902,37.94076500492276,29.21199866310048,19.498729482602634,198.33814846258105,0.2796185688383747,2.373093690949169,1.093061320242998,2.8470713027940304,0.6995563597991209,0.48734082997278544,9718.876545959187,27.355870791076704,410.6040675725537,885.9717155682687,0.5758228449791437,5.520311070363672,17.340344578107594,218.75559065671055,577.9722070365344,0.5183219683436547,No
333.42285403689175,25.611954744794858,84.22696417949265,107.7573775648008,0.7898597845096877,3.6263860883741046,2.7488592143573625,1.2378103872507724,0.6126920545672171,0.564793174065527,10.98122251124927,59.252820419949956,6.820970545284002,52.28504394824402,0.5517853130323447,3.9717773671808407,7.156456470030327,5.209299167199529,0.24871318692558164,0.5456936221147018,535.1477821336363,36.80766353957641,102.73221473886194,200.16488893462505,0.7443361858351996,8.554279856516763,29.48700664404787,167.2426078387162,329.28082846042446,0.7032396814638945,Yes
4702.974104349529,42.191356379569214,272.4339094609413,483.3021372247947,0.4490752068084083,6.1753726466625025,6.207847759423369,4.5430336466650445,0.670966429162081,0.7060933000117247,58.49534649273087,90.32713502488497,31.84128405895538,270.7912132095183,0.6496653707563274,8.161291122682945,6.154188800218271,3.863997519012645,0.6631249623346995,0.8811627091494484,8306.038227755547,55.8356113654241,370.38038098603664,855.9790828117438,0.7211005656082932,10.308769016650606,26.26952223673913,223.198843257874,544.3810604139023,0.870344583894778,No
6820.870082685502,28.455036201696682,339.9880836623683,780.5798060220411,0.12682664944865935,2.942272388985936,2.743860786260248,2.781954455627703,0.08676396928892299,0.1617230820234209,49.08009373039382,10.778768270574968,26.13477282535613,358.57538974927724,0.017976367972952434,3.5938280486131147,2.671733698028121,1.4009892993227184,0.5379206349420889,0.3792157855102693,11333.019308860727,40.391278871039866,435.3440582495549,1136.0884523507377,0.21618739780598317,8.494876597386801,20.657414594984957,207.26893221815592,374.69764111402355,0.5143496916031127,No
3016.281128405013,15.99068323274221,200.3788360734244,402.34710804101064,0.6221662185213568,1.519500707245206,0.7723255779994764,2.151115682504088,0.0227803442341446,0.34224138083484174,24.091123980941887,60.60921827881358,11.024391849847522,123.08191422658652,0.35017255523250956,1.6299157701613078,0.660286885101867,2.1422059911457745,0.4288738403008644,0.2712292224308739,6313.165024603218,27.893137595457137,259.8250874708002,766.0347493121302,0.2883603831439366,2.1613330920704987,5.4913776649745945,96.01254181479412,148.46472568147348,0.029862554389644136,Yes
304.6930725643259,25.930849457274597,70.40423870014783,107.10523768877928,0.5790745328785978,2.542206113811386,0.30369194867090576,0.5045762502126212,0.14162522419877532,0.5192563828881088,16.31813993928857,92.71327273550627,8.858819237927655,80.23359134893408,0.47860190172642014,3.694707018995513,0.6611744616506999,2.090597754572714,0.397034198345901,0.6685130503811358,639.6074864474479,33.67819362706203,100.79708485843668,203.50479553208868,0.18368658290195133,3.004720002802343,5.932917195145348,63.425964608730546,141.38051603674873,0.18920441585001385,Yes
5246.836244338675,37.09339625903903,291.2955160742655,629.924769306473,0.9133629921408352,6.3250500462581645,7.5405861835867265,5.509241634095212,0.6521287816563527,0.6069408041891223,50.650982779655116,51.48948908052015,21.099720025000103,330.3611983458978,0.799582514900208,3.215588162199334,3.8272924114509284,2.6608978662206777,0.26780854741814475,0.6818501664087744,9902.536616393698,50.3542545427376,389.45211807944355,1098.8966355125403,0.978917969350999,10.53934159211238,29.73603993801447,251.04607860469812,586.1188389754865,0.8470072880261081,No
2710.9945054569903,24.56924908448746,203.43509901217567,398.79440717625374,0.7754795292581806,5.086528784554816,5.611646174707878,3.9302239457140744,0.7594269698974809,0.8210395529147387,35.631730077114504,17.807990381659703,17.758954805573985,173.3502928230573,0.2643645865250597,1.951995131819487,2.8452213687458725,0.5783300200215271,0.1970465844617767,0.32373633228882825,5584.647107826883,34.84847235259085,261.4656558072539,676.7692402887658,0.7575574312924035,5.83681362632195,19.561708403442015,166.4208940671154,413.7070184965139,0.5399054901374277,No
5552.103966972914,10.652647808583218,305.28505514865316,656.7300766649472,0.24512696089503455,3.562919086127942,3.149319641176498,4.665234580707683,0.5454760904170675,0.22461696499511635,40.90218046449222,12.726354265732281,24.743291826247038,294.22247168138597,0.45796484432453,2.0401548836990564,1.0573838460905858,0.9880997950910141,0.14928618194395976,0.20307183302631054,9135.80485566956,17.965344264881743,404.8560623622917,1050.323788820518,0.3587434375780071,5.126552913826406,17.28665836877341,219.22445357462257,350.8525727986835,0.21802685210144246,No
9306.291523281036,22.886618289092755,492.29208099920885,895.0943385591759,0.5174840246275828,7.394665916659219,8.732956170285203,9.194747532849496,0.5227335356843935,0.4131231158728127,44.46905068814804,10.516753463240448,27.67788981681995,244.47786131624443,0.599736034033281,3.896405545766153,3.6524658846621776,3.2711117934782896,0.40608874620589874,0.49673578833694726,13958.808930100375,29.766171587676407,569.2033546034031,1357.529372710022,0.8451976795554546,13.045212953239592,35.73714185668671,364.2938377128465,541.6465154506435,0.8676889383512811,No
5742.035205836536,11.104784389072853,294.41715164997083,543.4347215826405,0.07730664075741545,2.6372197350002784,2.633585387725891,3.454435510051615,0.2841993067586141,0.059505813281389985,31.285849460858746,30.419632461884262,16.022592477886615,168.43257751297458,0.017376669277176404,3.0385654020824364,3.453448011118734,4.008084908369745,0.06259655084794635,0.4669328271634132,11481.204781447143,26.211272454321083,432.5429061571539,1066.2243168051991,0.07011510232821361,7.46127832069491,22.388153895019098,252.2139668974684,452.23026169753064,0.3545917461764903,No
6177.608128428626,12.16321544505676,311.9390690249505,681.518000265157,0.08825346200531642,2.0690952891675654,1.0405644488980434,2.4892254715159137,0.20673377791327274,0.18113946821436216,57.52214812083065,22.959400042942924,25.067914824850767,262.5590100197933,0.07560242730068945,1.2830827138641012,0.288287773991837,0.29381848183607606,0.03833260821402995,0.18429448340178628,13266.719843806453,29.379703490500248,486.11066259480134,1383.4847185399803,0.3324003047260254,4.615392563818882,7.69063595321808,151.10189756296438,289.0777409471039,0.4078549701299562,No
936.5798746818958,9.932869297427589,122.30605699817927,215.10328638069683,0.6742759691316494,6.421271856639222,3.6966961114267862,2.417284868190315,0.3995199895052151,0.9958898881650271,23.48623766001928,13.141611473788803,10.833631446841139,110.67142735828577,0.7225072479054276,9.367719965010897,8.86244349302005,7.18550800805367,0.7101552735524921,0.9930043167080784,1996.1176810586776,13.866117141161322,158.07678564075277,296.07292888072084,0.7569183641904387,12.370364173700162,26.466300970056665,229.7090949427617,581.2732112317284,0.9981155567605215,No
823.133333927095,20.40132823881962,111.59011989640213,218.7893217425928,0.44479362292083463,3.3334180236562396,2.2918401707278746,1.3278407269153871,0.6930906887679,0.5578873774264408,50.49224177500012,74.97911979929631,23.4952582674037,172.150880614712,0.7619830450320466,3.05452075638163,4.149828710787178,4.488999082060725,0.9420224377089774,0.4904910013215903,2276.8583916282405,25.67287682712097,148.11305372358987,355.7728528394169,0.1887252396001009,3.4678975004873336,10.569319883980434,69.35465993002006,374.8339214179341,0.34064999318922135,Yes
2942.97391641122,8.412495926152278,213.646300665119,384.0226743881613,0.8711594282168522,6.177695671838375,5.730836333963427,4.938000956036781,0.359723871399117,0.8901444317761318,54.319932225678556,13.282711003420875,26.572270543283576,205.02424779296007,0.3120238354143991,3.2025282548343,5.014560257139179,2.0991175423324275,0.3181093380323312,0.4578390865007098,7558.7547093683015,21.094977362187585,329.14238672605535,806.5950210394831,0.9273915402105782,12.970306259544406,33.365363818274766,247.2839227936647,510.8486435987712,0.957177179414035,No
1496.021973333588,9.639373166953323,151.04559520755953,252.5034659887837,0.7171023747749071,4.631788272376353,2.7986778922101996,2.664470797018761,0.5408623434257095,0.7533607211559482,22.85431760281446,58.15687220269349,12.276412941128518,127.84330400098307,0.48447552203646904,4.604981872471251,3.0832096245639646,4.1500628801750015,0.5505020015216748,0.7289496951932253,2012.6493376515364,18.253647298271044,166.51811967422378,333.9070933235153,0.3972413770896156,5.330566025977937,9.80337810286689,118.3703184778569,257.28168548184266,0.44613100220195107,Yes
8153.179221226641,39.73410567684242,381.0078932195314,880.9767399211767,0.48107591364914853,3.541548142846617,2.9374206210726785,4.951873021819935,0.4611152277565818,0.2811919558235145,47.42020724978958,51.78661614228072,19.919274378292986,310.95099311895694,0.37312047284697475,1.7405039913685598,0.3310527254726007,0.8990065102330054,0.3152937048948917,0.28003665529283717,13523.351148862836,55.96471711718509,491.882455923264,1377.4698554884858,0.7003135943123902,7.893758393679994,15.048308244351912,244.66409970101992,641.0854319999607,0.5476476026065447,No
7185.578478120174,15.569133936192335,369.3092577266455,788.0739633982159,0.2965130889690514,6.45590832391165,7.5281307977183305,6.191187592613139,0.30610828643540955,0.2908512414895048,63.005161624377486,13.681345786460374,28.797040126782072,290.4495784680507,0.29569907346783164,8.269746419292563,7.484918551642252,6.181583023388425,0.5396494755020799,0.5397473647382205,10982.161033115366,22.650215653356355,452.1961440521147,1092.7640264482702,0.27134473323583597,11.355194190073123,35.36939039820523,325.6911516014777,394.2937383057923,0.45981448814512815,No
3710.3498250474054,9.68968420769125,239.57790157130535,447.5764147202959,0.9489801401509024,7.223692528762873,7.927503976288188,7.854306767749007,0.6383184731198,0.7964645858886733,71.47885229477369,19.95688474233725,28.76177617529283,252.2235021732399,0.4728983430360322,7.012447790351952,7.768849746724656,8.986664483225345,0.8656047912572513,0.7399693688312037,8880.685066952203,13.727513111652065,375.0955505820371,955.2750027931788,0.8238560022564128,8.822081123211145,29.9640984381508,355.9248887713235,590.9291651973775,0.6492005159341793,No
7770.390774643268,41.457914266143106,393.7556961461701,669.850301247317,0.6515676025398374,7.059392571441861,8.0272246184988,8.9580850634274,0.9625676814539428,0.45153215345133335,76.36128723801026,80.41355852456738,41.130896301565045,317.04150412838123,0.747656073132007,5.783993653152337,4.579357473959029,5.700666453846828,0.6590655276390988,0.5366323587867615,13928.591780434768,57.77652799053976,569.3836686418232,1232.7202335398388,0.9406975674654208,11.715192646917053,36.35025290268681,366.01227649449544,731.3201568565989,0.8084864253048631,No
1177.4064754400151,15.089974763948756,136.38226162104428,240.38062996663012,0.70641071090729,5.43144311891561,1.9166440918258139,2.309175249237079,0.9133680570849534,0.945039424869878,27.19852905357583,66.15571063814616,13.15403708948685,118.6480948811789,0.6163949780827218,4.514913466324983,0.6631207248225219,1.8391468358774987,0.6961776590328778,0.8111926012492938,2769.4846398530835,24.591344745389527,169.04333968204014,377.0018207565067,0.42480522197946397,5.674055062934505,7.714740826975997,100.68265458314195,585.3337912039899,0.7306457918629601,Yes
4064.0518962821275,10.973638167428327,243.58600264748293,439.0167553308037,0.6362032927624757,2.8233147034927106,3.597878898426853,2.9259446197496763,0.38739431171261407,0.3576897201844438,58.68107193166484,50.13896957991306,27.850601676849568,221.76094876868657,0.9358759532678418,4.649061085448315,7.84326533676655,7.237402690402258,0.9804217208148516,0.7862690232375893,6710.805640796895,13.316052345213297,298.8403533858277,705.591012078907,0.3837011843770468,3.022983300483958,15.97704508016212,129.61794798339417,271.4937230337943,0.05144816032242877,Yes
7754.249683862399,28.968926687824766,405.7193320923449,729.23932842265,0.7872051391757102,9.104226022782164,8.371279842408804,9.674789578658153,0.9307800957823307,0.7013622732685583,69.87427409151609,89.8695279597959,30.820396725324507,242.87629616328275,0.48714660849970404,6.388155799639803,3.9410598544844313,7.19910476184357,0.8723563376065748,0.8353369699144331,13636.272735354907,50.603011037335634,524.8104204122869,1235.2412455785775,0.631787773570333,10.378044716382318,26.87084493835164,349.1411438488054,687.6332491605177,0.6652770904964314,No
3299.1670346189535,13.514385994541628,218.59100432423767,379.23121060745734,0.7951719806846785,4.547099068020564,3.9097683820931666,4.650224001953377,0.9062116557247557,0.45140200919499807,60.92377111055799,34.6832018674436,26.323931238970477,219.81035345640944,0.6808446852171928,3.828320154429018,3.015341227385144,6.4109728136997335,0.785190180448859,0.5378220683674204,7306.373574179012,17.05570579237382,311.2702627609816,801.860362134237,0.7822627691646842,7.695848622885245,18.422232751912222,232.7757934458576,714.6260731410131,0.5610576454445653,No
369.4231041295449,18.10335059015137,77.18278771867114,122.29607275388403,0.2578201138159681,2.061144663678642,0.8842413969328059,0.48259733531585536,0.4919402673627289,0.4650894136685194,16.799466995309924,52.38906201151795,7.666725368283135,63.44805981676204,0.8036700100962728,4.912777416356441,2.2125595773803797,3.3339437195914803,0.538168805108683,0.7289085753237982,1504.597088948957,27.307264993507005,128.12634601182876,270.1630792225507,0.42347005433227525,5.212435732085427,8.021693212767735,74.25501795054353,428.7447329287714,0.6016332947114549,Yes
661.1275186077733,17.641093442356848,90.50776239243481,139.11223208070294,0.1098731597404407,1.188057286390915,0.3324429356417741,0.4302438046118866,0.38128995704411994,0.21612473803171556,15.393176593403103,11.943226626280193,6.454630678334238,54.987774545316206,0.2843063817315754,2.194515392351354,1.3641239065219888,1.0282040030041169,0.5016480039870773,0.5640143306195858,2357.005889949174,22.34988966216284,138.82159399938428,272.3191158756675,0.19813738053517937,3.55924567793598,9.942269233547535,77.3250198556451,476.2095204713416,0.5514564396654712,Yes
4981.755650890404,18.686679154220773,290.47740576602445,509.99225925331996,0.9611071178494659,7.922908723510817,6.918017721755948,8.162956944640802,0.7761228184188215,0.7782811019356739,40.74745608598529,22.286287145300143,21.4718765626337,227.4129557115135,0.2785339234359383,3.7026721113869336,1.9663979388181674,2.591942000129405,0.2946325912469209,0.38749308763648144,10658.43656523502,34.689631205466405,474.0807078952722,1074.6034429225085,0.85347838144793,12.626981201855338,29.94634288404348,345.8394489605862,605.3799453703516,0.9089097992515547,No
5605.982775001952,46.61727778946045,304.1024604730473,607.2605804947557,0.23009220250146406,4.023199728562761,5.58337836969637,3.9836905929889204,0.3187005850460062,0.42128607299419457,80.6335092682746,39.66252073640915,42.86686819235349,316.6405586557006,0.34761136085079836,4.901334554209512,9.263008616165086,5.877916597177975,0.3659165802463684,0.7210452850971901,11361.905782562264,55.669111984967955,489.2011661982459,1066.6880378360136,0.3157325781847356,9.021171082058729,29.223387446319677,243.6464025375699,472.7701811454678,0.5710086802632995,No
1167.338601649493,22.006645430928167,139.2677011905445,228.7023974288456,0.6157524292088258,5.999686193664857,3.31228110499707,2.7225236172815426,0.6090793577428748,0.9371915727721241,19.123782500958946,22.341855564250757,10.72919697775397,105.55642863162767,0.42037088069378853,4.5752958143516995,4.667466750921311,5.029293316483139,0.47775117338717216,0.6162634224721794,3854.8978294806966,35.11408128620787,213.3820938863611,491.69865071206794,0.8657593002465696,10.831237290249238,30.51943285090111,233.36338643786678,546.2164162615258,0.9886706680679641,Yes
5046.071682166814,14.060126153366223,268.2813894955873,581.3655952923173,0.050537450249976135,1.8681934054187357,1.0148709048909812,1.2667908519743727,0.1756449295028512,0.012369999927149489,33.41861019413648,20.010551952640988,19.369452585078083,194.14136647382819,0.24302774993159926,1.9233061212687115,1.9082505738313182,2.6300332466270495,0.391234436551352,0.16228938858593966,7010.735706306232,13.474362485419176,303.4857874372736,783.0299039856383,0.05704061670056865,3.834914283369437,11.0892834880809,136.2039705795611,252.24613127065246,0.08899087269106515,Yes
5228.818223663099,20.097708827583624,275.09441007650884,556.5097796740341,0.6104325011513224,1.927742942556463,1.1085298094878675,2.4017637986715927,0.4847025010819341,0.023181817739291455,48.027570267204645,15.678773890613646,19.47945189904468,211.10148062057596,0.6202584993231894,1.3178008209857868,0.4541247547995829,2.9384249877944235,0.24848833698582967,0.011403023470926699,7746.11399454826,19.55346657249556,302.7051919068053,758.914474700009,0.30043626334470375,2.641349144701919,7.1992321929225,135.959520260763,244.74756509426055,0.0035962268572872214,Yes
8134.546935780428,22.859350144709314,445.42112990966075,950.4541607367521,0.6488972243507796,7.496976577468834,9.383475584148142,7.797557911761323,0.7291271285268518,0.3866885343387501,86.23757170531714,45.10352164463159,41.97301242535754,440.69133403684566,0.8818965932288932,9.184500017246402,9.852227260263904,8.262506484600266,0.9317774778370894,0.6836807583743211,10873.06609970265,20.866396208729398,461.51050139714073,1209.9487869330087,0.32490448250869697,6.496095068959163,23.861431476775586,221.17147668941033,324.74630593969886,0.201844832112953,Yes
1592.978026590239,13.201928917849663,144.42812138057988,286.9388825556477,0.4637710945037663,1.416854263390638,1.1838804864753454,1.1450003248759266,0.6238174552376602,0.20463083858001502,52.172216588671226,56.52707904970538,25.251007224370557,259.51104081539376,0.6244306441689854,1.3291446007956866,3.37957086801695,2.806736065235865,0.7878970947822677,0.13741450723717968,4087.270001913869,19.14994158984691,192.9249467891199,566.4189015488568,0.49888906208750683,2.0107174745210443,7.309653428502621,89.7227355271457,275.5690841977438,0.022532469825587265,Yes
3588.4080221771706,11.681025187391857,227.55271519042574,413.119000900039,0.6291916214665366,3.7890052894756274,2.5166406250962408,2.7529135444057347,0.4623958712936885,0.35121008548425336,36.18754926948076,8.824391676455672,21.950724236993572,185.7206530710263,0.31617141610206784,3.1082710004820444,3.1946392843115756,2.1495474136773574,0.15272443865282803,0.2974399730071581,6268.020507411354,15.524181366892247,309.19867418151057,685.7396008234856,0.5553348297735194,7.4619895193375,16.760271693584777,180.30803349945725,383.1124567950791,0.4133274708561444,No
1956.2786724070056,12.847728738899646,175.7550033825395,332.2968606104323,0.45325974425187354,5.147746193285569,3.4748786302141004,2.367170391003993,0.46627103322470875,0.8724934607425885,54.87155400916729,24.841470354763388,25.306519827991675,222.92960954606576,0.9678295892605839,8.955785666950261,5.529233307203519,6.432153248226373,0.8095980380106795,0.9008731992492653,4763.251343442435,15.30938880538138,229.8970038701719,636.2665978101568,0.673528609875039,6.54550567365519,15.58733211583347,152.2484036795046,267.09634626507693,0.5264602425115963,Yes
6034.690538765261,10.781319556477913,325.4277714909748,629.501719608672,0.26999126345806557,4.533768896910572,6.159264321455657,4.445298489013718,0.23413957048337802,0.4743732478242448,57.099674353260156,43.73962680605769,32.6506763687878,274.60130401696944,0.2353267771857629,7.304090351491493,8.527976685280949,5.540545887508632,0.7980463194794079,0.767036918072291,8915.967095579157,12.868175598276673,362.4493484455318,835.1508506758444,0.05050636178528506,7.59595255662989,26.825663965859828,198.20995401958908,287.32733484058116,0.3941601405137253,No
3627.2240528239327,36.328182152496154,234.61710905328053,457.1911377099619,0.8001970261372393,7.197441414453168,7.288375654646462,4.786323589904456,0.956558272724881,0.7871976122295076,81.73720191972536,38.41934599538714,36.96127319727049,422.87201973904024,0.6619270374472328,7.690228509950416,7.836973033748085,6.326132628625931,0.8751701508137586,0.7995908663791444,7705.90967197083,49.96296415815528,349.66489010712814,915.7892213028019,0.943764509458553,12.732223727260136,35.691171893210836,247.511239671491,949.2178467589434,0.7658603259997763,No
5191.780765974412,8.87515388332752,294.61870987914966,495.0017026522808,0.8172666144639427,8.822072559889053,5.613174769575293,5.5110764555188965,0.9752321872388043,0.546053569649612,34.955168882798674,16.35389003146749,18.41128054989856,166.71053753473842,0.22557743833221638,3.7826493407419264,3.304889598618495,3.7625589529734373,0.37320080132818456,0.5740666596432984,8993.095916249891,16.922081576905715,406.06905192202646,794.9381914933773,0.84546123407146,11.53097152915213,30.07895383929508,360.77674101396724,762.7965913099065,0.8161622068780592,No
2927.2699580422764,20.743272662866755,205.24763753576477,414.6279518541554,0.243261782803689,2.4399127120707984,3.4138094354278627,2.730860610910804,0.6484135919179894,0.3075226850900261,70.17905834825503,52.88514056653435,34.77756534066208,262.4171032618393,0.9486785796455484,2.753101082506118,3.274361841435874,5.57016747214355,0.6420898475507996,0.28248168861957235,5551.850171665609,20.215855341943968,244.49440503097819,685.4005613582486,0.32478917929923135,2.618454779706049,12.951034501177562,111.22061147527208,139.83880561977807,0.07695281679955673,No
8906.293913981992,29.24046252988135,438.3406016521148,762.8831786105769,0.3723877830962523,3.702626565868727,4.8176857964763435,6.121270256414733,0.19068018202642795,0.04860657234379351,38.25507560949183,9.024406670036978,15.288778063133226,188.32797231105675,0.017737445564257937,1.6291483578411114,0.6691498622498218,0.6149868645340504,0.0006380898180523564,0.01187825749656185,13720.73318984869,38.577346369725475,514.4044101617854,1162.477873381111,0.5768800229417177,10.33820503964834,32.51872117807573,334.787122924381,306.42402109990127,0.5116368675608619,No
1505.9542642230113,13.70857064728263,138.74869618880606,256.09577509808906,0.2708003650096702,2.038780817119683,1.0206455077823666,1.2193303631942964,0.05293782017804993,0.49375690851754145,38.913253561430864,50.263538548751306,16.84681472062807,139.8831957862179,0.6003873348340617,5.541562368143571,5.855722618292107,6.548427561613006,0.5652461464855298,0.8863696672816133,3241.935900177703,22.386509961451633,179.71712475338987,442.2767847260518,0.10266065307056538,3.8217509164392798,11.00855514799903,121.71311713992984,125.44709156181214,0.4017183601165302,Yes
5391.099294655899,22.661213724096417,287.43273969392925,592.4419868362015,0.09473285502347467,2.7131955709158193,4.027005465199563,2.5645816706899285,0.21227805536335642,0.21223613694354998,61.0371651695856,66.83237536370659,29.476106998070886,317.09702078795493,0.5920133666515863,6.6003038962139575,9.701860656314667,5.1072830837072205,0.3630970818843088,0.7316352692756203,9281.329819554829,32.760707946889674,364.87957599833226,965.798584547409,0.2246957362019878,5.024885648520416,24.531843972258763,162.16316547270534,141.9839038653496,0.40397019548805896,Yes
9400.159705652355,22.334609833641405,441.4240938261466,864.2072884523882,0.6509594317800875,3.0813013408208785,3.7692883089384646,6.352557471329947,0.30543285488781347,0.07969693904822561,86.90001186252381,17.460567678980357,34.08634909132399,427.9873684355416,0.39167302236052265,2.4690119491498357,2.7669358226344123,3.7409686070888615,0.4761195109586422,0.5726676539357428,14367.74042167986,33.362887071982236,545.145450358628,1432.4497709629443,0.7477639522873389,3.7463977354100604,16.773319834176203,268.68918718309754,296.52470959411494,0.24378800271961376,No
1063.2800939066196,33.51117423470567,123.38306598923384,239.7930105358521,0.3710100145943701,3.342052460006816,1.1554869190452839,0.9793664993064485,0.4043913845276498,0.6627648695582012,28.367980974964496,66.25349119150171,13.155262670315519,147.88479861523064,0.2847777455258191,1.9919238353648088,0.36541853096303023,0.2623079487212553,0.4566692409895702,0.36069122826645034,4162.721361021474,56.39222943625388,205.4838064209109,539.173756450623,0.616963314768108,6.241100570709507,9.47692293617071,114.01704430123831,495.038586447519,0.6649429645922569,No
4117.069542919432,22.409606119723662,252.6953113864926,409.8568374690862,0.7409491977060043,8.030077881196005,6.249634207276545,5.354777592715539,0.8282865897401457,0.6883751405331093,43.68267063409685,13.495658342435968,25.97265656132837,207.61001493005801,0.10420178440601402,3.544451991984337,2.136189740405283,1.353745165056112,0.32730300588989947,0.3729210659308885,8141.51061165832,31.0152123866872,387.4851735914985,738.0728941880801,0.5394341420046287,14.220433447926377,35.186331919432384,263.05932693678017,741.7003215736455,0.9776542108998052,No
3762.1482236899483,11.671797401256581,243.6338097094765,454.89494995582857,0.3742547105190595,6.1291103082651075,3.914276163728819,4.556402417897682,0.23612249904172083,0.806849426977917,25.82263868689056,13.51219022419876,17.90521006123646,136.35922662394813,0.3043263314271396,8.082340816549962,2.476171118138508,5.08633644063646,0.372817456492333,0.8690812105847612,7966.925040973253,17.30897218516763,385.70875090869964,886.1946381696857,0.5310566484914767,13.675786197560512,25.625047724963775,311.39589345847105,554.2023076243753,0.9901850846662541,No
7412.243628409629,17.76711368748011,397.0761467284787,782.7490266530785,0.9471387108037492,8.340986846873863,8.586626228514847,9.165267240131309,0.7960002608485561,0.6620086559416848,82.1301495328644,22.74267519669976,46.650571386082426,464.958404382167,0.2783584093674781,4.483250350125593,2.2625616039814687,2.1646867256210003,0.7574830340973088,0.43975219493725676,11941.669542736081,28.258273506889587,507.52283101619497,1173.2501045550623,0.9169216332965966,10.795995999674183,30.268331743159923,302.90021497071683,802.7765906387943,0.715852683083386,No
1592.2809852743753,6.657670244320565,141.08438235840015,254.0623478832211,0.0204333480429556,1.0755953376079899,0.35988166451297,0.3997409636062751,7.252021197656777e-05,0.1261077993140779,10.596044959561315,7.963653752489055,5.1650680606715,65.03735676555252,0.47135902655851075,2.5391868140063933,2.332678478775387,1.7867697744254425,0.013105215121345937,0.6339858478435629,3349.546637227614,11.22741682601413,177.38640107361118,456.2717908874045,0.19292710610072045,3.792749402778972,12.127445278194827,89.28464761987837,116.01775591073113,0.4746496650682501,Yes
8812.283214830082,21.49109873043045,461.6283707435341,871.2622065665132,0.6417283528878812,8.176039572026852,7.299320061410878,8.126459358135486,0.49268392640423525,0.4349411792965205,45.94853522757226,43.64365373917958,26.439199839976183,257.35315086623683,0.5349759233625128,5.098305548096851,2.1008403268512574,3.0939493521864803,0.2308555536865417,0.4945199234030695,11765.874531658848,43.23349478267028,493.3461690860967,1056.5106536632366,0.6175896704258756,13.082258406590105,29.811142780528264,319.66064461949037,553.1324996843981,0.6731861487271266,No
2851.618496208207,14.80227876741741,201.48099118785132,346.1486586323662,0.4738930673146687,5.343396782032835,2.5926347137224726,3.3143801440929743,0.8590277232932362,0.5479210172314011,37.065777178690986,49.964181378691954,17.026166208197164,181.095586363061,0.14675111904737254,4.640090997086914,3.493315973932198,5.804359874238285,0.4293046304253294,0.4498778244366847,5404.288364476102,27.01587894545113,244.1984136754762,624.0434706822635,0.2250583013161247,5.854336582569956,10.253547784190934,185.7632296332028,480.7074137707924,0.3515383226912912,Yes
1734.0790343940607,8.08612824895752,153.49288748378737,284.52362892353364,0.7006202894086294,2.453481835405426,1.5596890252023998,1.6555569780489,0.31103973321563416,0.5107353488193566,44.569260106821574,24.339425875877744,18.987604564246197,203.92871020251877,0.5751499413321107,2.9802786606485654,2.735900755868752,0.878914125955081,0.20896334160017493,0.8006913690333698,3744.952175664682,12.523132854590294,188.82069417174097,511.55779848579465,0.35907667559329515,3.762225328839558,12.484834302894939,87.18896812333335,138.5663168505831,0.5493135861842801,Yes
1672.4442658543758,6.238059085209259,148.13474499598206,240.41482218861873,0.10949495203956289,1.7618563407416676,1.022375117512416,1.098252128473679,0.3122785566317279,0.37189618553712156,16.218809941003784,35.222655582494696,8.01773876174854,85.96216150276707,0.28490788399893174,2.444006994645452,3.5744146354612063,1.2172467378387084,0.644459984519044,0.7394569442298127,3395.5511031887345,11.614265849947005,181.68303357479746,355.5507202044625,0.1907669568870921,3.3764581216136453,12.636948223431679,89.05850376189598,324.7047820407623,0.4488272410377662,Yes
3475.455873838124,30.550271929153073,226.50936192613005,468.15975464859827,0.29400023023283955,5.681613451174232,4.272324877413513,3.4641242538696924,0.36638371875236614,0.5774201105224283,52.622425915914626,46.9575091978117,29.12649756998557,329.4139759473063,0.337872005281582,5.993739135456681,2.59796187351759,3.1819327297608107,0.11427172004698688,0.6052512333086028,7868.813222939154,50.34103770234879,347.906669600525,983.0343303053253,0.5270254895581308,10.559861614248929,28.67652203975449,201.77156389066977,200.19598752610258,0.7512073518787769,Yes
424.40287277219005,28.328008879192915,89.03527268569064,155.8377952131383,0.7251854772438431,3.4787432020578377,1.4851773400376713,1.5056367618268651,0.8557489402285481,0.5374034391170208,14.721592437136785,28.762601853990585,7.475345226861588,85.00044025358413,0.7171954634650844,2.473965912357436,0.551292167186844,0.36837145276051525,0.8644382072162091,0.15517551287240833,763.5143286315439,42.08735890665535,109.85365155267557,220.09384695510514,0.687839822215059,6.92521391272659,11.039242130125098,77.64135362266025,877.6633775663896,0.4714254405166145,Yes
8619.487821292742,11.811857285944061,430.57760105120855,842.311064123129,0.20632284890265207,4.164888717348985,6.521739079680015,7.4801631617504345,0.4597229029968148,0.3470775102296788,47.0859047435905,39.62577103402304,18.24189426742318,248.4755054600889,0.5066049263627099,4.35564850796195,7.398221858256174,8.9097400827555,0.32763250104815045,0.5998002605164118,11592.373051902232,20.26235230750512,424.97762445298883,1095.9682811382013,0.3047598449938909,5.508212965442375,21.178340390259386,359.68196913594073,315.11089239332125,0.27259155442944905,No
2435.942270932742,13.434045193139813,190.8104441032972,342.61346475007105,0.5437014428876,6.750532426152915,4.68866854554057,3.9025181840288714,0.32697940617401555,0.8726653520826669,48.01075441645132,13.130739163993209,28.128873051100367,228.11773072822544,0.6295495509516216,9.137514818334186,6.287932087246559,6.729601002585357,0.7479535582153873,0.9455210448519973,5228.441643285974,19.1860068977381,261.5357608111117,669.342519027948,0.46564780332650213,12.571676452839283,29.12412840768009,210.88030184859622,499.76901210811957,0.9492179471942399,No
495.85188551988773,5.047039466128523,95.33780670628697,134.79657686406256,0.33944640698646333,3.9733429146934616,1.0952833052776503,1.0437155059715129,0.366839408929158,0.6014548956178067,10.55307836232437,5.661872545421497,6.08549263019131,55.502760377362534,0.19826755755855585,4.883459406478636,0.8420408866677844,0.5752847196950676,0.14203467162658723,0.2747264463380278,1137.1339532433174,10.269863137271035,128.56093222152754,225.7478940259508,0.5170010981906227,12.518075795793344,19.537732475417876,132.22222961077566,392.45122115062935,0.8359760795590446,Yes
2488.558540093066,20.760307711599815,189.37253286169155,349.2250216465226,0.38194828895315575,4.478758144850773,2.8402375276732816,2.9340366485991307,0.6243300591311692,0.4755600441919168,27.466817090795384,59.881042897157705,19.0267929311329,153.73453127279197,0.3373660172377104,2.69420406293961,2.1668212291779003,2.4144143251291355,0.3174069692509953,0.43116310400628166,4348.751078386955,38.04387015131363,243.96209737940416,584.2809054903782,0.499225396371904,5.386059556412975,15.150869701900902,159.57708034066596,228.8447346228101,0.28445120250334044,Yes
1824.8305077455848,17.07867180662675,151.83695304412805,251.62871646587922,0.05638889960213145,1.1239458208364164,0.9351719503325259,0.9416975622182352,0.08781737027261127,0.008287720968259193,26.60429793257756,32.579008246773626,10.898603327306818,143.11456791798778,0.4883135841426719,1.9462847836869628,3.4318618965943735,2.0255155820056214,0.1800186116668549,0.07673216721041426,3248.712495654926,30.424580550779325,183.51932608216035,349.7569159996388,0.33058179700945634,4.299603371735189,16.476540437934712,130.47251412238796,184.51206970744707,0.13672895710382182,No
3983.0244509263534,23.451416756440768,236.4618213272637,463.7422668597862,0.5857011811041706,2.4845399053935298,1.042138037449948,1.859674760006024,0.3051622842229379,0.37541756408020294,71.07380957602973,44.187892758703384,34.43922646451466,307.0026861969911,0.8934804554015368,1.5336924129858065,0.5133487934597881,2.691067586437921,0.6287298713692707,0.11694402161132184,6244.3746467675255,26.669059034405233,279.5463865119348,708.4585966905327,0.39762866209286163,2.3764459902035022,6.113388382386272,103.78442397729124,190.37923822884443,0.08543584245013147,No
1611.358120247522,10.958533663067014,147.63456924229095,255.80334134840535,0.07507630565956686,1.3380178491082244,1.0385585665258819,0.6294828631533947,0.027468113654425863,0.04607695274677326,29.313057905434867,15.012576219627986,12.316561103316518,126.42879293189164,0.7039598742309578,1.8880437326271122,2.786114811435856,1.99835598822769,0.1772169249617661,0.4357704696998156,4123.3085840937765,17.811070513714206,198.00650698668878,492.4869765688723,0.1897705839266728,2.4095732826522074,7.293203039576302,71.60762137519094,123.34923112194826,0.10700119824973486,Yes
6929.008950517263,9.210894256628722,348.8610106352607,721.152076548224,0.20454724602119623,2.885972809701954,4.494731694718498,4.047258817131152,0.032415519197139975,0.03185504597259242,33.555370127082185,11.287572160566835,19.324798957395288,231.46462719588493,0.3811307411012381,2.0235389873886716,1.9515066001803396,1.089038141139037,0.014017895661836921,0.021374185586709338,11515.802773072253,17.42048332186742,458.0897152234598,1140.5659903103128,0.5514613165847192,7.490873535289948,27.980186631513394,231.10962382210494,168.9197431162531,0.32623440099452006,No
2676.666367763512,13.957936008820269,192.13349379234822,341.16184031397194,0.911895051291694,4.223807214187085,5.220381903149781,3.5101941637211644,0.2832677495169672,0.5254350300491902,35.507897594256775,39.78581515316098,19.483654289686807,214.79084901269232,0.2795174127838431,4.519521536327189,8.580590837556642,5.3586767339576795,0.6548601432196701,0.4759192911348435,4561.601009510323,25.413737624467263,235.54679246762072,559.9413890262016,0.7743031845586064,7.491195116894219,31.971680234612005,202.32963665799485,302.9929739942602,0.528134073398595,Yes
1743.7338339547478,16.304670863728443,150.67781759721413,245.13868746445445,0.4520276785902619,2.2416738999117776,0.6070328176618278,1.7366408309363055,0.5211550480857491,0.2603196123150031,19.112161693215985,44.208139267642565,9.555699467958704,72.19228111224685,0.15778801784509078,2.3697745345391827,0.36527571895547195,0.7240470308049655,0.8390954268934656,0.2945608945471464,3816.2834152877695,33.529547392568304,191.85613355836836,380.21027726645076,0.3557780733275525,4.739523485572507,8.52604223485959,133.0089224093352,795.1288838765178,0.2627386627505987,Yes
5037.4794578343335,23.94635464047154,276.1631713469601,479.33999979263547,0.1419996111395982,4.21974914571187,2.3350405891770967,3.8067112456953884,0.74351690460156,0.3108429574959254,25.819001646540237,27.893323227217557,12.180565548469483,109.09200958535726,0.03732983207539187,3.478880886805935,2.224969418261378,2.8999298771099595,0.4856915438705721,0.7232289490110944,9465.441000904179,39.19506220476952,397.88027878754826,856.1404670996267,0.3256343568633746,9.624085399150522,20.682520403712296,282.59048713557394,928.8187022355733,0.7653026464286037,No
3077.690643284009,35.000813377090196,204.8870650375795,369.40873469870206,0.23132796339237893,1.4384145914359694,0.27424049220168406,0.9663846666619885,0.003333538952765669,0.14347848287676485,22.162767624657334,10.988739598131998,11.960572970148089,141.02426278548677,0.23803050732930686,1.460322538667022,0.2931637041472771,0.3052722228594308,0.11651861179338663,0.047297807456237406,6324.385180256024,35.262307230177434,279.25242392349287,723.6205022323956,0.32644285034571174,3.5709262555407015,7.21642877927166,104.03384952138241,209.36536161464497,0.2095143322027176,Yes
7203.494352276842,13.394402448276413,380.2831302567639,750.6088989851487,0.6992498767944949,8.040704260449873,6.998047448043069,8.428489168271746,0.3868278778133471,0.4721535263596018,89.44004751393554,21.49834151719138,47.459399134139346,450.5214062076981,0.2022964285568173,4.555971740415972,3.873660781420205,8.051773281617312,0.31039531045055047,0.6143785533694535,14114.23591487285,28.080373262836986,574.3404663027361,1438.6548557301653,0.5615893346076604,12.554273598503459,31.7997578112966,392.8671435443136,330.10388520491927,0.6349583437293671,No
2742.552777915675,12.450967181994407,186.7438234987451,319.67801184228006,0.4229066923792072,1.9876359537089736,0.41221533383532605,1.7338758141033914,0.4225770200397009,0.09601480138430679,24.762414142178798,40.458934514362134,12.90724919398243,141.89887266399796,0.1392176327081585,1.0378016884810743,0.1100742481863036,0.12555334976032018,0.4927465273413728,0.005099437547446517,4171.238603674145,19.916629786188476,202.24752529982234,469.58167889586144,0.12699967445358862,2.2157423875830307,5.4658891516477786,73.42150245256487,250.37433930305792,0.014710319735722344,Yes
2005.4946430422892,21.44695795987393,166.4578812807722,260.22496742339484,0.7040627149865936,3.328190382407692,2.402861883682634,1.800478476294526,0.5936113077684511,0.5253759125307466,25.432681698207425,50.60364696365012,10.235390023511668,119.64224789691394,0.6031742433229099,5.004035206039407,3.6046896205816252,2.7449809039943838,0.20324344524138338,0.6670142223984076,4955.299871134342,41.95294674944064,216.19991601779384,548.0727354138221,0.9264992313763036,9.794826524755992,28.839650521499095,152.57183392712915,607.3660009403281,0.9166830920003888,No
5468.728217043008,29.73508374971945,289.58540332773816,538.5847593691261,0.14172570366565235,2.5506475927763517,2.354980886433529,2.4202177752052756,0.07554529852973646,0.034202822314455705,56.74884689517051,29.014457382013926,28.16331110476307,275.40731368771424,0.565053540871717,4.609718189351571,3.4547672120383917,5.058909163460285,0.29045401955077604,0.5366579507425472,10207.115713175612,38.025214349246006,423.1578384004342,1015.262779529431,0.42029358544091333,5.82068907252305,19.374511864494462,206.06085591174138,176.6080085639545,0.13269795031629245,No
2388.2287903840975,22.46359588552213,176.97481110267262,324.9702234019295,0.579437501638475,3.1047422967315477,2.730352349852913,2.4831302340999155,0.3884546797233219,0.6285393469521683,27.298290244321844,19.042714753644958,10.621777453448532,115.75757236037926,0.8223942523256675,2.7682007808478417,4.282807974330675,3.373299823783113,0.05894220278910328,0.7036157670545545,5437.173649027577,35.44831999660316,241.8854978130871,641.2557039985612,0.8085879000629888,6.771317053381593,22.835135199115513,172.56460516037254,234.5128194887839,0.7473712990393764,No
5735.27259237463,42.82763042039561,313.5216619315086,542.7178273005565,0.32727480514750795,4.509018433633192,5.51090353366975,4.000530161959935,0.11668813612187395,0.3854289315430244,53.15993242748927,54.70900539950046,28.86127082554562,222.0957407688777,0.2823604439911823,4.833167720230407,6.48172724825572,4.554634573504568,0.1920824369542143,0.7443198056898965,10349.250980866365,53.41113515487494,432.05106213711224,961.2234582695245,0.46773462893617923,9.909205046338343,29.32664725812913,204.9690251395755,278.93860576972554,0.644350741475714,No
1475.8483321218696,27.55973130398434,136.74589915726108,267.51688969967626,0.28113632224861324,1.4427939868467443,1.343693002055062,1.1374159733586533,0.31418197037543116,0.18606908631880487,17.955479679604203,85.94541081741794,10.221615725633661,124.80930949345621,0.6111055561347432,1.837420264022583,1.1506840011079071,0.5654350108652022,0.3078926393528332,0.4025429230756323,3464.4634920079225,50.73253153021375,199.16627016843418,490.37796398763476,0.622846149364632,3.221557668397052,7.976127070632764,106.03237795111893,262.8776665232288,0.38592701213671377,Yes
3865.034525905601,22.646876781157324,247.0843764779438,402.0889773096644,0.8467879270245509,7.713579571835314,7.977305311793251,7.875408922807126,0.9598310802899845,0.8872378554227518,68.14876202023605,98.64802467128763,33.99633791135743,243.5282626116575,0.8116880674496919,9.38162895864908,9.842512621708527,9.858730458205402,0.9421769664926886,0.9887311699147561,7360.312378045757,37.483694187318775,316.4890089161921,728.2072267936488,0.7686123849832567,7.959955449135435,22.99351074964912,303.92701452740323,619.1172660586273,0.687254052699909,No
3210.6945318017406,21.424212571769033,225.3699531342109,443.90805493135105,0.4477447943352983,4.362731630198361,4.69737964383229,5.1143600375974465,0.4758755446909544,0.43700122331259683,86.5515557536279,96.21435937169869,44.673993549381706,359.6401376793566,0.9469997868545696,6.391966520399455,3.2397719648819416,8.219403846264424,0.6332547325770279,0.8089008795923891,6974.204019303942,30.34608927027496,339.5676462228609,894.3723626533081,0.34244938839501926,5.501351765342374,14.638612969380437,166.28905986162553,186.6994797875197,0.2516152887562926,No
3578.752494159883,12.317339480593885,223.91279403899546,466.67085051403734,0.29227762227437665,1.8397932195600775,1.1986186445572697,1.971815193538801,0.18428837696156986,0.09691611694316715,65.17607530698173,46.897580043805355,28.993562869374298,408.22154112329486,0.5446990445517702,2.245725875757697,0.4037941155451925,0.9549331148469447,0.6861849379991186,0.18647804118897426,5751.888588515685,17.859562177446513,258.99823660091505,732.0809787031045,0.0686683657830669,2.489235916259159,6.005663964634259,88.62630021494623,157.6144197338413,0.005196554888850402,Yes
5502.83896401519,21.067092086060597,298.98960663712336,595.9835063333976,0.7910000329765983,5.840620000000651,4.432224899848849,7.225248901859608,0.3805724838642029,0.5394533547737683,71.41313868711403,13.76735659948065,29.088576438840622,333.0005991379557,0.6767495558657051,3.04537534366146,1.1946849005792752,2.0422920675359597,0.45581234688304667,0.33929843948913807,11529.798348524959,25.474671720010576,438.13053581021023,1114.2053921202255,0.7607109259707219,10.078396285446026,24.103901001735156,280.08087664650014,334.56329604780274,0.6069183465281879,No
4683.578356365308,8.5938878655867,266.08104871419374,495.7944360566455,0.6485673265943389,7.136558307205737,4.310431668885429,4.9955836034895915,0.2922119122108523,0.8681008946326036,59.8687797127607,13.887010399701662,33.62473765549442,301.0432886533205,0.6471257680667948,6.7368568806215015,3.871251596124936,4.334344509867161,0.6736498008171958,0.9070800870208877,9632.281738450283,12.196911637254868,418.7710120131353,1067.330241106815,0.7116774425893639,11.498477957082406,27.401340706482134,221.58018402968509,298.43113757422327,0.8934559276799781,No
2617.45041777841,8.901956126532845,183.6611645989474,306.3392392224922,0.37180389336882014,3.3056658117117803,1.8137013656902132,2.31310841132285,0.6547274926477222,0.4191226463122907,23.55563154105512,47.287614906575136,11.40796306146396,82.74811164808281,0.501147504778818,3.044446196235369,1.4328857785863012,4.779974133558051,0.8794496510551255,0.344574246609201,3802.4061554042414,13.953069048148262,190.82805775873274,387.6931367791698,0.38554173007087733,3.594226394443905,9.500482843601093,145.47937412221884,316.3273673883358,0.1269604107145706,Yes
2815.9795056766607,38.368114457045536,204.2905896686774,401.0866823181442,0.8191498674343373,4.395122903670526,4.184217873925051,4.800987786365098,0.9601200757687185,0.43371585205967905,84.72158020896185,62.25425692579255,43.52351333643008,456.80300509715204,0.7090483646737067,5.108507348596244,5.170460536143688,4.494608805691591,0.6211955430921678,0.679940295851503,7222.22050582183,51.717792398241045,337.23034507076426,903.1877936793322,0.7318006610030248,7.19335191352628,16.46126044031001,202.99346307314917,573.8297497061487,0.5124285954188498,No
4770.777675777284,21.44749788906808,258.7485004784545,487.6300201815029,0.5239511418615691,3.0682347543457142,3.7945460159764783,4.372442937256184,0.7710669689827077,0.34317175276474043,55.39188054486826,46.94780862121001,22.84816049882896,266.4671292869135,0.2968297521954629,1.5664475725936773,1.8417878928072526,1.4764983788895687,0.23758181266173029,0.32060150786512853,9252.887691652193,36.53162896033709,356.62952330435786,909.078990329467,0.513814450470599,4.503258569798047,15.985864479042554,180.7216928157732,481.21887840722866,0.27391898109942536,No
7602.034449634393,43.5761588316712,376.5084688603722,682.838769176074,0.41693142473876793,5.787254321816383,7.782685860898202,7.7145893136165,0.8478207559123343,0.32629843669112624,91.91692121050818,40.8641247696413,42.89541232410619,388.8769684141074,0.6732980294945259,5.298980725575088,7.910263930880545,9.842720279035413,0.9348392180789088,0.7567397095081347,12561.65520066741,43.75582513106419,477.2113016712529,1093.0216610680484,0.3468379072310273,6.4686046150452485,25.18413210948485,353.60348847617144,696.5336202825416,0.24621193606422875,No
8340.435886190622,23.01819047707098,409.6247699385875,799.9132065337925,0.5590793037389237,5.06766969143002,3.6175437033190976,5.125658030661838,0.46793054668698547,0.39232384306781326,72.7396318977941,10.235957754274734,32.44420110507986,362.2320618626763,0.5945264926922995,5.475639620300439,3.052760711016649,5.396505109381618,0.22378701208273077,0.5367274298424297,12488.60108043945,28.791310860147387,505.5314947802619,1198.2137026803168,0.7207367728322192,8.84223284655663,20.19748579045766,237.65612793809433,406.64542123678143,0.4341373467280681,No
4872.282220195841,30.317369405696255,277.53150564900017,583.6242420716045,0.793592416116666,6.665820488122155,4.496861804290298,7.112568970345093,0.9311997981647735,0.5282486889257569,79.9794335549408,60.86268430400138,36.186148816786606,379.8967643506087,0.8983325455124779,4.971483490633943,1.3179985825760105,3.835558126868104,0.5749575384306169,0.32949811963581443,8619.991402366795,43.22485657389502,382.53085969251447,1012.0667405280614,0.8439925975746391,10.75408432353973,23.2972283774403,288.01312350404913,575.5840697188473,0.6911524513617252,No
328.3148399537504,6.406858652174881,82.69621473090905,160.26177282843756,0.8851918249716668,3.828028760027664,2.091741759957612,2.2455121160363816,0.7190061774602975,0.8847956845745946,22.38675312457548,48.54262453189667,11.480892777701513,111.00995773893843,0.9373880052017213,4.839432480008295,2.2345545067347006,4.755807617666528,0.7583163063551,0.6920393686299087,539.1063955583018,12.28617428231761,100.16441751612957,207.1212234860746,0.7826482951451086,5.510675470791162,11.857777444407523,124.36407089634336,268.1782011513266,0.5912312745853212,Yes
961.0472574126128,10.363467682958353,126.05052644649666,197.1774457438162,0.4968645375327527,4.456237205764763,1.6942753946334124,2.0616007503879774,0.2888250879229921,0.8588312907844339,13.594110185902737,21.351029068952432,6.928548029743348,61.34764409131918,0.23013454809567124,3.3677296872129037,2.291868856604996,2.576921678728556,0.5908938365565631,0.7609859494700679,1249.107557261245,13.561655821905735,124.89305856801086,228.28488841355295,0.35154380406250174,4.663250914981848,10.114445348452099,96.65170880653523,203.08113784054007,0.6708757762600845,Yes
4702.637189614556,46.09337959581524,253.4979830454047,483.5785264132186,0.5790378771387539,2.1925469364673695,2.745953180073084,3.8094478239227776,0.6717391934817083,0.11040264970514818,70.30481772035724,55.30476949651518,26.666309124895704,343.8817310664668,0.24719127541310976,1.4350398326838627,2.257581165858051,4.045774552722525,0.10485518087578682,0.3180154694398627,9966.79885754103,57.17232522273521,363.6346448100133,1073.3246066846987,0.48185981145142087,2.5753510103728203,13.605014467553415,179.02508471495608,295.3710585177132,0.19231893045590087,No
185.70894417061348,10.680196799334801,75.15530153403934,108.26193388530065,0.45706465419060394,3.8572610271133505,1.9297573035483306,1.1532232464213763,0.7537169278222029,0.831158758784421,24.822642009398912,59.98237623080449,14.659340487083018,87.78572746122217,0.9151604064815473,8.009919411755348,6.740957445941475,8.448126016969361,0.9919573982386257,0.959348788224818,515.3575483679222,10.970959795414396,100.53205967972855,202.57448178761712,0.22999760368921485,5.617802668666778,11.855244137919456,104.42755635116143,277.1901864747124,0.4992887284785366,Yes
1121.0551153368797,16.529455025645884,128.8445827390548,221.51298331143832,0.3329590631584276,3.729995124499666,1.103450545302429,1.1307954455996596,0.3665198025767411,0.8030626978888424,22.424355165348487,19.870101618075733,10.412192720220407,98.09097087823889,0.4649746830960838,2.7897035096396707,0.7063173022075058,2.062677929220794,0.37405942011601556,0.45589513530573733,3674.550315833826,26.399196399682655,192.12409511894558,456.8559559172434,0.7386042407855409,7.360158245088091,10.655268521440647,148.34119941492315,344.0832827060985,0.8069764905548649,Yes
7922.874726704183,38.002910080637946,391.3480182210012,774.8118841818064,0.7465684582344909,7.468201336078772,5.19330967373491,6.0491962755006545,0.762895976560422,0.3669536013645258,51.00798571420718,30.884051107674573,26.02801582933001,268.5128378431448,0.18091949646594824,3.6024302132640527,1.726720195779494,4.171146916979011,0.5065841685099008,0.1273177021349638,13365.071431391048,46.584128480749364,509.9698745094684,1306.1314579346786,0.5260787759016912,10.979209138747763,28.707689981331033,296.0834617930039,638.7270728156324,0.48591621090923515,No
7878.43048933142,47.250089492038995,441.0769475179624,966.6911793055363,0.4422431474856857,8.833114687835856,8.683930397261966,7.881088571027617,0.6753076650502269,0.6088285174416921,79.61010055157409,93.27319348064967,44.24714109725922,471.29563947414704,0.7577239707959983,9.765005742636268,7.774590329246544,6.1594427560056095,0.7586724488231389,0.9567952738058229,13058.776002642962,57.34906187262258,556.9558557961723,1412.9928249632171,0.6865864504623636,13.196819195253243,34.25658038745415,315.62327446767193,525.7679459711982,0.7904940650461704,No
1785.3704269256784,9.581913814052498,154.8895247020413,295.36470397580996,0.648558458736354,3.7952736294181224,2.990846204083805,2.538803836810563,0.5397811272076172,0.665834018912995,25.577892901792584,9.628202435617906,11.58391909612794,160.07793139665793,0.6624512971957945,3.54344096122941,2.2746440327113904,1.4882714337172007,0.7619055235150888,0.34248337589654293,3269.655987783316,13.078101922638972,181.90829984645703,443.80365930658456,0.679570677383404,9.626546862350926,25.41020085493692,177.96692700650308,631.4353237327546,0.7167284939258697,No
2217.7003964976193,15.408609451708125,175.7001141390337,295.8473301609367,0.505256277421639,2.3695147921676982,1.4197909985471373,1.4065608718088758,0.02740359566228634,0.24501890772628582,39.2955574042967,39.441261889885276,20.979890184297204,143.21144185232615,0.5056587177788336,2.368672159953712,1.6306821692150302,0.9772547273771506,0.16925998690875566,0.11735246670707628,5158.101363203767,25.488913696219416,249.2249699677456,563.1890516354458,0.617648632511964,5.469293801445772,18.751979563532654,126.96619162082207,231.90412599975383,0.21980367425685193,Yes
7007.3364526704945,49.08891520942504,357.9796543230577,633.3881632640985,0.49517141505048234,5.464826037738116,3.4761117173316793,4.841529953505096,0.5479504607253664,0.1136658996947868,43.90910799264705,78.80429489336123,20.866611606801694,189.39878962644374,0.4527390644327924,3.2402623868160045,1.575652200127147,2.8034234899598602,0.7722438175355235,0.08613974270833413,12582.10088280922,58.69019000773514,506.24370469053815,1070.6500245014258,0.7664608347633133,11.493225216023246,24.51745462812805,350.93051072706953,790.3542344271707,0.5458070185223404,No
524.3794620770234,9.355782833160884,90.23676684796197,171.97111395745955,0.29795464735641286,1.496349353764041,0.24565716022258244,0.15185626429201207,0.18787792906157796,0.323096865330586,12.834827956049677,17.454197534526102,7.379172422855699,91.5425675510879,0.3784940495173249,1.2433860272235997,0.2394941076220897,0.12371325833651348,0.43780335978811685,0.019357305461882968,1492.4499609967386,19.464756743705465,127.81501248465182,316.682313487566,0.5235758422192021,4.349825675406826,9.617601208698572,65.64407039585487,475.980216393371,0.28233037878822487,Yes
4930.723340892153,8.759459288782274,271.721277070147,486.1008457249049,0.42683237471421775,3.062772652905534,1.549983919487497,3.072649919810987,0.19406302632976008,0.04767396476981406,53.624433918563284,7.122541929900146,30.00825944961823,315.997307084855,0.08169050326220173,1.856231828239424,0.3001282900323026,0.7637325912374467,0.030534767131778606,0.011547836376311349,10323.605222677117,20.458602632831546,424.6032027149089,967.9211533324618,0.438650433417362,6.143767809143427,16.630441113588873,195.63552800844806,207.4417363789234,0.2990509227222189,No
2868.9573675933975,9.907741340211523,205.11511501800695,333.68699695215025,0.3034905310391541,3.3784277000457514,1.2408692743165814,1.9468154358213574,0.6772440387956488,0.30545155044336025,28.495705678696556,10.237546163822925,14.014704013937223,128.79679139695716,0.0687907137439957,1.7959092825376783,0.47528238255891575,0.37157983671291017,0.38009233759875727,0.1381271189434259,6403.5408133320025,17.227878008211118,279.30713414003316,683.5725301583791,0.3736440285985566,4.229820219226125,12.09968459726543,109.76256523566789,639.4816217767235,0.2652306932344287,Yes
2353.775842338969,36.89088479041581,182.58412622224714,349.75869292772575,0.6318762291864705,4.26242674503623,3.054340404009191,3.5367642683510194,0.8434246825514522,0.6887023128583889,73.01273199565321,80.72519824135253,39.564408637540886,284.5584265854769,0.9058725082210247,3.454544346771706,3.1700241842436645,5.384685782605583,0.9901072083781186,0.7931778940726257,5146.081680822866,44.043773573949906,250.57385069904822,634.597448839131,0.6506890149593496,3.592589410649318,11.492870619022803,134.4515636413136,604.2227767420175,0.49902101976936997,No
394.78293754000816,24.406565521456482,88.94024934261147,163.75677189238934,0.43564767126925735,3.4572145247164117,2.8313220712642013,1.7897104208089114,0.7500262159029878,0.8709173448208642,18.006301458795335,69.29343638430107,9.668143559489366,72.45383170842238,0.3880552580598175,2.9546653303967862,5.782969455285087,2.1766334904913887,0.6916699975416069,0.8335385875025108,826.8846697941566,32.858467803024226,116.88955362268018,218.3922118423111,0.34771293991066377,3.44485815943685,10.925667639012387,80.11690804997716,309.07113978349486,0.564577253390248,Yes
5228.344356839809,18.90957458623145,273.5454177047257,544.3425851106128,0.009495795965307918,1.3687894042222892,1.8810896737049114,1.528727558688799,0.036889058866714675,0.004590892342994091,43.707296656230426,53.681290730799944,17.892697124508103,249.96480685779147,0.23404204044456067,2.431600819468512,2.20825947952,0.6351452599714486,0.4333526300833297,0.29881634258356127,8155.585398626247,31.45411379533042,307.15590534057753,859.2750836843193,0.06667073407906832,2.80810991880665,13.783638126061973,93.94613435186925,136.80226425358796,0.037262046010689276,No
2948.061704481565,11.59582205552479,216.1281049751659,365.6349488468487,0.3935488766709048,5.701555108573103,4.960268507591685,4.199696636561569,0.754288281562455,0.5843710499350727,26.677204456648326,8.47247198686618,14.22283441409113,134.13479058469403,0.062270112874494354,3.107294622611432,2.5383710519440843,1.0201968737102307,0.10507412997417287,0.483634626503907,6089.069942430686,14.910271000719964,290.36153517819037,667.683617903079,0.3897365489176241,9.678467831081845,23.28409539264118,219.40040208960107,338.1935998950392,0.7171742612042994,No
593.2992005234998,6.129592022538317,98.15631195603731,155.88577494085106,0.701628708858135,3.3840791809391333,2.483258826687107,1.390030935156495,0.539121757973901,0.5835096039923464,13.037508885661154,11.242612381012567,6.614819899124703,64.29786190319298,0.7781159816547931,4.298907931868738,8.37278790844707,6.044689247891017,0.24539523123675294,0.541910897421469,1626.5487653881728,10.653497207534592,139.3438910014299,284.9948218741793,0.5872105131979426,4.513443860303942,21.08920846896072,148.3226394751644,315.12182293370074,0.45941292488811836,Yes
856.9451407101825,9.486650896813812,115.46260587126446,228.5699967006404,0.3324153753835715,4.318709572640066,3.252093040355857,2.2891533181281396,0.2675040661040121,0.8088799221211092,29.366627789106705,38.80780174029446,16.26845400945356,153.79618019207632,0.4449265360443434,6.679394476044627,7.563653639016652,6.568587997544524,0.8612037947527601,0.8082501948543264,2390.7697494358385,12.364331265313256,178.2473582261498,422.4385693433214,0.33366558176649264,6.0001638867901805,19.723853226942435,139.8482265948294,442.5083324415264,0.6071328487235709,Yes
9802.96194901978,17.683687787946052,459.03091871627737,982.2182472927323,0.08263955876515161,2.9787570715324607,2.4929147196894657,3.0479330489065926,0.47776411976613525,0.03137791406433965,65.60640987638517,9.128483711183923,29.790312054036555,392.51999438488707,0.022149476453530492,2.868378269209494,2.8208065814088776,1.874914090349057,0.6574764667480345,0.3438176978194999,12837.399372133874,21.854017707816396,476.9257741467622,1296.7064657451888,0.09772454202909886,6.652346713373796,18.459230753853998,171.16048871272173,444.4322663641309,0.18337975122949096,No
1591.6906747784585,7.024335780012046,147.38651515455896,258.4321052440519,0.07685079400024963,1.4981485249261992,0.6660572556489793,0.9281787790013231,0.08489566947176869,0.2566556441182096,12.00120230570684,9.334420094031838,7.306942424458248,75.22854653270963,0.2507492732411326,1.8759248554024244,1.0497811379409951,0.841073279688206,0.24647688584839655,0.31235837087082,2777.436861003028,10.365941225406466,167.01800040633324,412.934337673801,0.06319447910974152,3.5153889199617594,9.140514419540915,72.49480673259879,225.38177536035047,0.3731629299798692,Yes
5828.101368279681,36.225634609352596,314.6504101313611,613.2137100303955,0.19458430145800404,3.55383705866837,3.765318906342149,5.238355086953728,0.0796586431872009,0.2123494483130397,32.09082020761118,38.51367018201466,15.07150824370878,148.35465889415264,0.20727141491289913,1.9350861534677388,1.3820226668828235,0.7518853683195404,0.07161738803713236,0.4265715084115166,11661.600858503773,51.96213373790149,482.1301104031618,1083.6403795184433,0.5226193285247702,7.36670216107205,20.230005776122194,231.74669063272086,369.6824098535882,0.47865354745686417,No
3018.859771964612,10.261097226088461,218.31086334798783,422.8764571023306,0.9838602972048283,7.8258686093790795,8.271409864509081,8.08623471025284,0.969871318616297,0.9216577222397406,92.55203675062192,75.37789089449213,44.08733795685051,370.54907730383957,0.8415041369900458,6.454277587148402,7.262129075171959,6.625471130002535,0.8377483701257614,0.8795801511451,8750.676841433053,21.040730964735385,375.8487043316051,962.6237286335353,0.9431715988715343,8.443828345535447,24.415761388131855,239.21833644055795,498.00825894323896,0.72957787197072,No
2896.5311556131282,12.415870449355621,210.4486155582748,357.5270598278446,0.5527635900202023,4.468869714038152,5.48893753629533,3.0856839968432928,0.8967562887697829,0.7910684744055968,69.03929095739312,35.827817493749045,28.40108382947331,220.55912638601205,0.8597891768104038,8.540330083547145,8.303664632342215,5.0636814808068085,0.99869765030947,0.905935088310064,6032.261038662716,13.097599280536222,273.1378617180182,675.2906158908188,0.24699133402251738,7.289142820816987,26.38856961743802,111.30149712030322,615.530653558191,0.6628413266021658,No
1202.5399140293778,14.073901859084891,116.46426439005867,206.89758551222045,0.5649268047604459,1.5728434562377365,0.4807812051354629,0.6532853629742554,0.5021989615707968,0.32067554887309097,14.21488275385492,68.21976078874175,6.666787985650476,71.43846319650837,0.4404819757314152,1.5338325322911242,0.602701374593162,0.6626709467937086,0.7988787148356771,0.3247800764872651,1345.2654556999457,23.12936947179569,121.39245133288948,222.52289140733868,0.5433804815151991,2.6190685005711773,7.376509662686582,69.04503463193932,462.9254017131592,0.364844942470269,Yes
884.0538748108942,5.652039429041959,105.76511961883675,235.72114086133746,0.29803635336133094,1.469716179303153,0.8223569387806947,0.6653592529563496,0.049985638363685914,0.22418752996433183,20.202808928343945,8.340584853897399,10.756416404378614,128.70303609062702,0.5850159881983188,1.741196114469209,1.9256884640040188,1.4033128911494392,0.6723869083572545,0.265125249144468,2586.6407637032485,10.50788534976343,163.08855346373224,451.8065185446764,0.26635329565890326,3.469466421603716,8.85257818189238,73.87652952869068,399.96669632242146,0.2023136998082788,Yes
2515.873145181934,28.604689055774717,180.58775775441708,305.94702013143944,0.47548792389638056,2.9361965630163134,1.2374732723496824,1.2284699939184396,0.12004789826586049,0.5286716014593288,29.832599203830515,36.02000524956703,10.975835633388758,103.1858983117434,0.6376395662482983,5.46939615185322,4.450188852526825,4.500774686810494,0.19992745913775783,0.8629813147260463,5551.193507590601,38.95739625020615,228.5770990155589,505.77605157246705,0.4446213732595589,5.882337527726508,13.205018400405743,130.8076877493403,263.3752791649754,0.6415072015110397,No
295.8617501371725,20.175749898675974,82.23307690230249,117.67094813251033,0.5743083838545858,5.139310844223949,1.9840590608534445,2.020141537340475,0.9358322833366368,0.970773279748494,23.3214229242748,21.589048509415065,10.571198978302665,80.16616466872419,0.31065801829648376,4.245193281077857,3.339650235815627,3.3881324405881696,0.40132897235015647,0.8617356880054139,2047.9666362894882,31.966173320119314,150.26532281183097,274.1450092304444,0.7328933652144114,11.388320781630739,19.7445530448081,172.01852395369696,917.386434615688,0.9941775821404694,No
3606.2383066470625,27.04712636604699,233.36380116401648,483.7112791382931,0.505905697955825,4.535158038822433,5.820577178996132,5.3448158614163965,0.7538261003743594,0.7727008142859293,69.6810779875656,86.0737437520456,36.32465201812347,293.1509634369121,0.8661922466178005,6.760519364921907,5.770565300495483,6.046564087279569,0.9963125753904116,0.9315244911289331,6455.730853803871,35.55519099710422,301.63717153993315,818.8569960874132,0.4244506329204303,6.040168935477319,21.92247993891938,195.81125878274568,490.968994078846,0.5902427360779137,Yes
7389.074106127796,25.05069747681434,351.53911192093744,801.7870831574623,0.03279726733700222,1.6451285306191064,3.097523958878444,2.9260006631289763,0.02569638944646624,0.004720643343328557,36.64635179756176,11.126657920924947,21.0010447339503,220.72896314121058,0.29165374840094205,2.2916486373145806,5.0092417536079505,1.869312791698803,0.39840169911838313,0.019618390240844386,9650.252512061315,22.422745099022364,386.9786632499257,1038.3980806982624,0.007448536317141874,2.4384555711946025,11.348462663262442,104.43310584981586,119.22447629371592,0.0007535444096377075,Yes
3586.8618104807524,30.841872349463035,233.3223903769089,366.38241453071504,0.9520229762729795,7.060460022650889,5.444771902992205,7.072778011886755,0.7229722993062175,0.6993983046676318,66.49409318404162,29.764721228225216,32.50895105945317,189.7099936785037,0.7938151801947145,2.9782176509685514,1.7897322201389836,4.806115077740107,0.5139408294849457,0.5430265039621537,8310.35966736854,35.87960774617803,373.60352592765,725.7599736603748,0.9909136258061835,9.60734694839018,28.56355519602836,330.9602829642252,665.9089636295838,0.8410853223444033,No
7970.996767506827,14.370057368709567,384.55554763117107,720.158487278588,0.37090838232996165,5.161107344626237,3.8215166333186605,4.9141021640316715,0.20940067621820918,0.34531179891097535,49.52651209092435,28.5501554180362,23.42010507070172,204.91500371385746,0.06832457703865347,5.807135144215672,2.5417343035217175,1.6384845215756152,0.48267608805723594,0.5764104272621087,13396.878587531322,27.670485699276504,530.8363404493604,1221.129012283609,0.2774453879148864,9.667258049037327,20.297684475298684,193.65756542051415,346.2680649244883,0.4160607573286804,No
5728.801382193219,16.080702293201817,318.543468659093,563.2341385020853,0.40965974435536767,8.165801269343236,6.240448393812425,6.833444611932431,0.29691421857703015,0.4512302548933679,28.72805839177332,38.75622800672063,14.621318064166234,127.83344727011705,0.10903041510343475,7.944384723574235,3.5581599100452754,5.350914620907121,0.11237352839770637,0.5807961180867126,9112.988974026894,30.819806363554537,411.86707582596256,859.6006146576391,0.35974927793329325,13.203637267629613,31.68716552510904,317.6641750237768,202.27882397031289,0.6247425927720541,No
851.0827391823145,16.298694267874517,112.60380809268928,233.25623003113557,0.933836525353006,3.58291696450145,3.077667230416527,2.9270112473226164,0.43745230573690086,0.8175389698023798,45.053681759648036,40.52299603204558,20.045694049284485,218.69908186633774,0.8155585322260196,4.482601836840394,3.4691230803493647,2.808517487875195,0.4672792150683392,0.7541418486971441,3585.3743906822137,27.97552225704843,195.40933148485527,516.4609190625573,0.8720635587666905,6.308161924453192,14.639291779392174,154.2233729953522,282.37596492693405,0.7642380661819059,Yes
1912.4892432194933,21.518016316689742,169.52474799384044,281.82444353181637,0.37090128494769603,3.7632594962706847,1.7778669932862095,1.7499099902244377,0.8115060145073696,0.43631825461207857,30.96060465687163,13.73001440273368,18.24453176887661,132.54424773265026,0.4748560794876074,3.4681870593815076,1.2560018734899676,1.0605285954427919,0.5658195721361323,0.304545289874691,4236.942051660673,22.00100570329561,234.6441163895517,496.58183207578213,0.2753671328342919,5.476529887116515,9.22176669251356,103.31001312996808,325.7385975525031,0.27221311846066437,Yes
5928.30871632458,20.570887370226934,305.8785130125768,555.4168249179518,0.5981706958625298,2.7677959312181053,2.1257240177682566,3.2651045273971424,0.5063174762254256,0.0869322337857481,32.100486361863986,16.627066329352555,14.457131703876264,159.63520837949093,0.06938946409932123,1.509384604086518,1.0409304533723558,0.6975462839511154,0.4728446973682767,0.08406638772425967,10403.614939005984,30.959867863801435,415.2339289035079,978.4562200450353,0.6410000148018282,6.575864760586573,22.98975573132802,221.0620047183842,731.0670879432392,0.3639412689267515,No
716.5824977710993,17.104948928754496,103.31822025423622,183.9531251917551,0.6091498795926975,2.347406053896676,1.3404092042170856,1.215276409427487,0.5960862716450082,0.37463235659465666,21.638956430402573,24.455362019330792,9.015781498653885,117.32506180564133,0.8030616623700308,2.249004329028445,1.6345360967344624,0.4774553275822502,0.5330946089844322,0.20197606408786606,1948.7961493678033,27.810100845295675,128.70576648371994,323.3232255173513,0.8340182401820146,4.017370096589981,13.597203708378917,82.8030833662023,417.2331607276148,0.3918167544241165,Yes
1416.8068086293522,28.846604388922298,149.89521655558306,249.1808170186851,0.9810321507491969,7.728804150674224,5.202379242021942,3.8792128748504378,0.7278320443941422,0.9297945011901154,22.776624830326668,29.732754907203173,12.81609328798427,130.23702931750296,0.5010206462528014,4.649811426720541,2.0431918290604503,1.247509135072396,0.5210960951097379,0.3237840164992497,2910.9006993344906,50.11034438979075,192.80293786995094,348.25550203799634,0.9936708594589196,14.84478619655744,34.61538580049272,275.865016735164,772.1765108162027,0.9744681871554324,No
1217.242583733433,8.64364624404524,118.98607842126,212.94072623617197,0.34053055355504624,2.711888749408365,0.5997395430957567,0.7309254437620417,0.15674017423060022,0.48677880576886845,25.03338028409793,9.570701817049066,11.815766279763777,136.09268323117573,0.11681284537593273,2.4950169475686965,0.7736486090032588,0.9692687527010435,0.05505703119372385,0.4234752343460016,3073.384836432387,11.96660831457935,171.61344430378227,403.2219709684919,0.2053380566930536,6.046000250781046,8.742177422553574,83.66563624853949,160.85641237359587,0.6587015211355939,Yes
1332.1602798344945,21.251492988945436,144.72054828772568,239.34873773018063,0.7337014621496787,7.355732170527268,3.6851226843656417,2.38791793042414,0.9622765831497812,0.9246073716983345,32.37886472997912,29.482045896612018,15.980347652468167,120.78396594920329,0.4742680768768551,4.7501824455882335,4.587139231650314,3.858091290757953,0.7333438134239386,0.6147439184515828,3738.016599904164,33.31583321856969,209.63707505724858,437.1774700217609,0.9379354604944884,11.121489371404612,23.260469212790234,201.83729787499036,969.2728194345864,0.8817094709856883,No
5602.227245989843,13.843936773785359,311.90528769478726,609.2475327970511,0.5327104010101473,4.803185958282641,6.370204111723461,5.301688086094113,0.4445780291663262,0.4679308540856584,70.40359314927153,47.61559560575549,34.14658910146336,409.9109149503747,0.599052881236052,4.3731686274969945,7.3875735074152065,7.906988829281574,0.1767755932731624,0.5915163475233195,9271.974295443033,24.95430202672531,386.43942273009594,1007.2591928290467,0.5059639229698042,5.525726381447334,25.53821186683358,221.61462542433924,244.73956308615624,0.515580487271819,No
980.1982513979061,35.45390459180692,107.38288626115383,241.0235217907291,0.035129779680892426,1.0491099411265354,0.11683892183641885,0.30716831073894707,0.3507968462195122,0.12804163463682566,31.430553169625515,59.81606805350804,15.104346261552886,139.93668572038163,0.3832575439763515,1.784350908932462,0.2402878911516158,1.6753787965929474,0.7692638217046786,0.4500307022164577,2678.949542546773,45.38586530678147,149.33602112803675,382.6559119935355,0.1671495393005472,2.2201372242445743,5.369314791873954,81.01975753742413,282.8786765624086,0.12143079735434154,Yes
1477.1024603021272,21.60479240853316,139.87546331169344,230.35645393359124,0.06392081713573483,1.679037153235037,0.5073701842024535,0.3065050566901808,0.13798395239723033,0.07650791105907423,27.662406656304285,28.439188611279047,14.54839504424592,156.84539021837531,0.0023519484363367926,2.8503562785501724,0.4598871491155467,0.3403914436691775,0.21950155307600727,0.1731066733911522,3983.434900630945,38.334720660211346,208.4447764269789,473.0696541818818,0.19168943863951526,6.3550307022207315,12.944071862190127,82.70611168664048,268.81026228781786,0.31581086982681805,Yes
1883.9561536015353,7.7476177538089654,168.69939014944495,266.4436587859805,0.6353532313936366,5.002452635325334,2.3688767994687097,1.7806111030367662,0.3858608568637099,0.6547940177430736,31.772534745903364,27.409307307948225,13.20618068711061,156.2907085665737,0.7912385012612256,5.9556310669066095,4.4322725815652975,2.108997745088035,0.2627300327706325,0.5698120199736892,3615.6670836777853,12.536791452816532,187.17639810495456,447.41511476232785,0.5859245679482138,6.2918038431316825,11.92390300732123,109.45578685674465,260.4148313874925,0.4060009605257314,Yes
8216.157591928917,13.114625635776413,446.30544426079894,943.542370867859,0.9213478065287999,9.650580192410246,9.801547002505412,9.038489827120182,0.9798674590244197,0.8984612171573891,71.04454900603544,10.644384025171092,35.682713568653135,403.40058661461774,0.8357721403890388,8.664441927058393,9.83950006653091,6.068993909893069,0.9005544048750702,0.9662625619914662,13308.898536241155,21.705901625322287,541.9822484388969,1345.3765339060067,0.9310450429470918,13.014822144338549,35.109374147259395,348.11862579352805,974.6553623317495,0.9618330413552973,No
2077.6137692442267,7.279574434339499,168.94471076658402,287.05180611889165,0.5996941335130115,2.897154302472958,1.1256495027403892,2.298603821153622,0.5491138264558593,0.6267903436151661,37.75355835503295,9.481818924162168,16.567888720576278,129.87684881000428,0.7017674354491054,1.703145036371728,0.33160782318681753,2.515280059577481,0.7464972226273721,0.3024125168537744,4505.325410649336,10.075284272396436,215.98732494347598,465.8812179117093,0.5940153065324063,3.762930382422313,6.7930348888875285,140.67512215501444,466.3868505497131,0.42623713838087984,Yes
2731.928063117086,19.31981668918952,195.31395777842616,397.2420737844219,0.724352811043745,3.738261679556318,1.9813062006159907,2.820392725340408,0.2661017190737506,0.6899704986201197,50.48005173136795,33.9664743756481,28.393387406787443,318.05507446812646,0.6813704165217385,3.4972015147737037,1.7687509593758264,2.9820441550726926,0.4667566031838141,0.6712668732663725,6229.354723265675,33.40699918243267,275.55886188242914,807.3775591673698,0.9074645441410609,6.87180249261001,14.953621049870309,154.5828412780988,284.273096036078,0.831170512834289,No
9119.855457893469,14.12450046267967,490.25205871856906,995.9959783412136,0.7501175756692944,7.233337856229167,8.74871563529969,9.311515736779382,0.49780519374311377,0.38537761613491645,95.85433094392337,20.905475077291683,49.238126867499304,497.2314660875937,0.34942558394107015,3.360297753324055,5.966002301906327,6.354239457848197,0.6597960790151157,0.21382840002678055,12430.3315174775,15.852081637637086,522.1963311533873,1288.693608531858,0.6483177835565347,7.304963114264257,31.618191082538704,293.5551920416936,271.4140271142008,0.28257475504817153,No
6313.3137928942615,11.704210744000155,315.9754762866097,617.2845423769875,0.05753064917795969,2.227040210534668,2.459527948920451,2.477979588428645,0.02484689911876392,0.008250767083391619,53.141490431642794,18.76446202571733,25.120707006248033,316.21422812165036,0.12020159790387147,2.250717306895428,1.9838396615302945,2.5028332374303996,0.18743905147822582,0.29912362137852305,8520.41517138827,12.482099419502381,347.3298145323973,838.6654409385728,0.009636256815823807,2.598150487189606,9.174863700868604,95.00206086261662,105.85580142864238,0.0027327557844656902,Yes
2681.17045386227,36.61021220159531,182.8662946966503,317.77327693238885,0.06252312442639424,1.3196769123906862,0.40862905793535664,1.1327716066900875,0.37777146186905985,0.03091388038445364,17.914314232997565,69.73593665339958,10.839306451060713,106.3919518301804,0.4888119496191856,1.2414764200566821,0.14323065108352914,0.17192015350142473,0.4924816630703049,0.0430700966837157,4467.941388306845,54.66886525182156,215.6873273963868,453.21954563723125,0.44921710353142674,2.973345937559611,6.31479233032355,106.12876093025687,343.49060404643404,0.1176626902787632,Yes
950.6293131452497,12.171643120886324,110.31884688746548,229.07303992132483,0.2610651572226109,1.5950001607010724,0.5393548851457436,0.5891182209738564,0.08801527030861561,0.14652848297407473,13.67131186962828,48.05271344563314,6.498058622817863,101.67123312021465,0.1256984351519913,1.2532131631526997,0.402366540913364,0.10657661529514063,0.2645245028181026,0.021174913447124744,1323.661944545382,27.50187124489344,120.25355089708573,283.3251281032481,0.10599559556195748,2.861689082713025,6.471597672120862,51.488671390270795,229.40559236490492,0.029248001284087555,Yes
1371.7031380836565,19.93497099676527,134.5081751909427,239.40879045080172,0.3621151724046339,1.9459240603242831,1.0945113116794178,1.6079708998049813,0.3362804995407199,0.17941633944774615,13.2171918046029,31.507254272563877,5.586583034059549,64.29006491629863,0.7849534388912098,2.7752365927554004,1.5852950487041382,3.4024039400083743,0.1304788069207789,0.3876039342699491,3146.0172069977298,37.324603010982074,179.256693113731,423.488331175178,0.7758510936928018,4.693956792532911,10.001742927367818,133.45858200187286,335.05393158504955,0.26011953428092827,No
6615.305910001331,38.3048938648404,354.11991862032886,700.904316956066,0.379146062094409,5.986294001559671,8.370985927476998,6.163385751500554,0.4683783738797122,0.3668518509616723,77.72310186202722,17.144661350579174,38.27881051178715,412.4343663211005,0.25745710747423733,4.507746895827704,9.684683601662291,5.829624855201887,0.6610251075964635,0.6222877949111101,11864.674303070717,37.26974041958161,478.55739536563755,1200.8053527579561,0.18655918795877496,6.699163560248723,29.41203599470035,256.1557478156319,515.946477381603,0.3771051276461781,No
6400.24799673469,20.405530250357,334.5072626416775,583.0782615826189,0.568949782143455,3.6743361065960825,4.658366017237009,6.294528683649497,0.6620097485711668,0.0825948866120309,66.95487392927396,74.96208336789616,35.81718990230405,213.3450797167557,0.5582167087035145,4.376633566190456,3.009217557448912,9.135605981009094,0.7292737262188527,0.48927573265168556,10420.23925556415,30.04895484959555,447.3876347242132,924.0298225642861,0.2005680375295278,5.488205700944882,17.45168183577223,252.05289535383793,359.76053995558453,0.14480614906321682,No
7518.571250509668,12.560115299682,357.40021687983074,865.7133014004843,0.6413370252888306,2.92947810234259,1.5917778490975267,3.386964980631759,0.15317777740914018,0.3423963654611326,73.45068737782836,15.765964692730252,34.538166792024846,410.6670812972837,0.18911968353615932,2.244754487545077,1.0207172751927904,2.520591858885139,0.07743260930632351,0.44301609185200846,12970.889227156522,22.752787280503348,494.4958369298125,1370.858216855737,0.6160853517050671,3.9739386274678608,9.591109876302887,199.64108664371395,205.94789529847915,0.32582570510963826,No
2102.63270338523,19.977811304814047,177.52170888582,307.67235643831765,0.832093316410437,4.771536743123086,3.29023218709693,3.4267136437923966,0.7521423840943109,0.788278201456051,57.9921002941883,80.58068874297994,29.70416202699201,243.79464693440477,0.5659030628957658,2.9831685640682255,1.045998575502781,0.8182096819863345,0.9802616503732635,0.3156776969917149,4347.393495108668,30.741501413683903,233.79566867429045,484.0652935802578,0.5718789925931979,5.461139850425594,13.839346458521035,112.2420006283249,517.3277227216383,0.5061937580632498,No
1482.1767679169077,25.818503230834644,149.72979577332637,249.40843424981944,0.757369411753776,4.504033666314842,2.2929969789285964,2.720657192248543,0.8935897744882846,0.7197001453896632,46.61870044351607,84.7121578127866,24.321526293272974,188.97631069348736,0.88136317648144,3.0752327050231014,1.8073851969268715,6.715911724885144,0.6986749371168881,0.559465401831459,3566.0597332870184,38.92380380023305,195.45856380155345,467.37008289259387,0.6243195200654035,3.559654007951368,10.75287887064747,162.2914481683904,324.18507146378573,0.3672783660462622,No
1847.0760228725399,16.080025117529576,156.12066536400533,305.98730692058257,0.606926327260419,2.4415101352163653,2.602436129391535,2.0595966999901605,0.3114813525212371,0.35847090213431765,38.941428752293085,34.93102529212982,17.98814995342393,218.4093184085949,0.4421977024451726,3.0120637707414426,4.713793814912798,1.5202811065134523,0.7094078758324969,0.3393577052933062,5072.835706597561,32.484769905620034,232.34605944495723,658.0373855832054,0.7656254606828248,4.194286758902456,17.175506363043368,116.78600520558565,610.5647098650594,0.2417737004595945,Yes
2075.101350637119,14.519228832046146,176.5950496682666,317.2114861814712,0.6786781457961091,5.494714793176647,3.516287819094281,2.9055186379917046,0.822525556847541,0.7699199987719474,34.98232056405479,55.72203907290979,16.215729634732075,167.52255172976265,0.5042940858965163,4.982244845527543,4.151128399216191,2.113497798388162,0.9589913833445951,0.7785454476602609,4791.729956442364,31.704791768826183,240.0026679882084,550.2364899984991,0.7826123296968427,10.895116671423407,29.131032748602387,195.53226601292513,851.1935356134547,0.8471728818989384,Yes
6417.291115711833,18.692285249412276,318.617365460971,590.6792834036814,0.6218823914852244,2.5893312807009203,2.8083929581755975,4.813475804240189,0.06617652367109333,0.13617851651261303,47.75121568676985,11.88570310897074,19.580285747863744,251.9402084950569,0.10398609855885327,1.3300623174262614,0.5075674137786904,1.2757390127535613,0.04749029898698787,0.2827852175699936,10718.851340712727,25.494656769973798,408.7437153105436,1039.6955227646488,0.6297502140447333,3.324653683678037,12.206864673546367,201.1000309481103,219.760704609055,0.1332406282466173,No
1440.7337219147837,25.435398559650118,149.26694590602384,280.2792625990729,0.552796565955746,3.980755065221837,1.9215672440794842,1.8259656410210274,0.5619183915323609,0.545854826740251,65.91666568866313,97.38481579043284,35.28520819065058,349.4114659697721,0.5693608302292215,7.038524313913967,1.818754559211654,1.4040068649412956,0.49265991270797455,0.6647112796186406,3676.027017054587,50.8416547437394,207.41008929773056,542.4464556986906,0.49293204015072706,6.473200738067678,7.802489161648806,76.51402256242704,354.7450887640069,0.4277876982231268,Yes
2034.6703357812696,23.168012085213693,175.8140407057846,284.2669181363845,0.7627396135266347,6.837177837179073,5.49362821259061,3.9234491184028037,0.6685571456633828,0.916952552996385,24.32293897110502,57.91107371008618,11.801379231368475,113.2464646244702,0.5491083168947308,5.774954884406024,3.8412979868330424,4.655768038788524,0.1515752420663241,0.741730841070138,5857.294762067432,47.09937633169685,261.1486547794839,649.041217026065,0.8488007640495216,10.522086259175536,32.14179430373662,264.70307790995844,509.8308038399018,0.9807176482683791,No
2164.622408417975,8.538331277493487,170.9890204754528,313.58441196717166,0.3599757605231628,2.0712826043380104,1.4690643261615686,1.5479619427973406,0.2926240992432452,0.37414424897567505,26.171253407727622,12.170303919707614,11.264021355169705,142.1750231859447,0.4471899079220827,3.3202109356734493,2.515710167803726,3.589466617081586,0.11662502504272049,0.6872728018647742,5117.862710541576,13.40280361193556,234.52071353127792,646.1768900296554,0.4047218293557613,5.7792736037812125,14.043338974286824,144.04977456343494,269.34157530972163,0.5977397180769544,Yes
3060.834727973274,20.627960879906638,202.97910200128618,358.58831199584665,0.0958350965526637,2.473695419361967,0.5433864722721721,1.1725579992285418,0.014681593982164287,0.35871383951046903,24.336124253228014,8.143575313822083,10.174368157165206,121.4207448017277,0.37682334116844435,2.58867912581645,1.3825307949570398,2.2252969772215643,0.34148010457513484,0.6931386040716286,5010.3499775376295,16.468171093575027,219.16296395136163,535.7661129214766,0.11097012551480889,2.9619208990379025,6.151281431283128,112.4012591790882,113.87417957154187,0.14705538388834866,Yes
361.19627511961676,30.345613421193146,86.05120037235,123.09487472354768,0.9448779297025403,5.608970349010358,3.7074850068318312,2.0929558377854725,0.917027338597611,0.9332051670892636,13.86271947397635,92.8065076969863,8.18568305364645,76.47399263686455,0.5825377529827954,3.754156094862693,3.528642990174117,3.348087824857155,0.766719794395904,0.5837050116930165,1742.886884409264,57.379486000234486,141.62173890865503,253.14113217964197,0.9950761345827617,9.890291757481013,31.311329433495892,188.47014461024412,917.8521782802926,0.9733522485799846,No
447.6379857665276,22.116586541567546,89.25129303308388,188.4476921252552,0.8645056352652796,3.1727821104410086,2.327823647424485,1.3018256604787535,0.41680582950794104,0.6166203512667697,30.719584236465,44.055642461018934,12.337609109335993,174.3883305720557,0.7813178527575855,2.443055741729039,5.236214146076467,3.0455425718345217,0.7347561258887083,0.6294877694546154,1173.4511852202484,26.382033601204068,113.24008783926836,305.39542910973336,0.7781239055183617,3.0799282079476176,10.982671683942446,76.46133723617379,329.77427852822893,0.41045671379436344,Yes
2394.515525531478,21.756863641032833,181.76041021809561,360.2649897637024,0.8213307481441151,2.9987182018769962,2.23250256118605,3.4928179632486933,0.19514202771913697,0.5083583067832561,56.15229375299803,79.69895529738639,22.699209819934083,301.0007984733606,0.8360209600743425,1.8425078061051339,1.2463213547842198,2.562086950363108,0.2919166216353205,0.4796474659823239,5043.062112555928,41.01997539827776,235.3196356013686,691.180911821206,0.6878961004613624,2.7999562128589788,7.142731791577475,138.50030399511056,171.1858307406406,0.2906686836736735,Yes
521.2268892263012,8.052590292593276,98.04315712172306,133.77917657270635,0.43438868380533485,3.7114940521963264,2.1023452217066727,1.4793855220259484,0.1809020988608614,0.5234650921112544,22.569450850206856,34.89376327643611,10.41111662021353,86.43687994649622,0.2729521093615942,4.193780586207577,6.105667136458896,3.513906527819779,0.7681975816054756,0.7212663792845493,1463.7863354014532,14.731059740626172,130.34993935433923,232.77624099797399,0.1469983703716941,6.325415752219248,16.941669899339136,132.6086023249934,277.7199565376927,0.43618249307440987,Yes
7396.504790116088,23.092485381962714,372.6916320074489,697.6294028153435,0.38347125602070403,4.814890441019039,6.068210677331,7.313156859736104,0.8110506900379513,0.3223672469561578,62.642847117155405,26.36987365828492,28.549734665864293,254.4373649865185,0.04880581931592809,2.905103879259096,1.3129922514174637,3.5953426698328657,0.6581322676187668,0.4303061103373312,13150.993165119278,34.607605776430766,524.9713096821196,1224.1394010928534,0.3036112666287176,6.900692693433994,21.022449458980205,290.9011644286746,763.0920313511513,0.5275689923268705,No
800.8904524683036,33.177516914695005,101.24905034229107,187.5829488171878,0.19058355749369799,1.4926356108248071,0.28666183371903337,0.16403225619336412,0.5675492676514752,0.4732968725542356,30.75689228309215,65.68335240784107,11.755619825028303,146.82843373286968,0.2248672245369589,2.1713611263150625,3.1042655928165472,2.186922836400936,0.681934429630405,0.7770722009218444,1513.0471655418535,31.508996904696925,118.85584189258202,307.0904838961132,0.006141534630458856,2.4267359854458572,6.11819724604752,51.921900773371306,210.4354869007579,0.1797800098542089,Yes
6397.739419056727,20.22205046424807,338.9996185510651,719.7329099224506,0.7771948293080246,5.31048664630703,5.725530091430092,7.691205884655443,0.2990028015650793,0.5202996183351264,63.94428226744214,14.562506620621445,30.214015095205777,291.1257414195244,0.25934375752605743,3.994870059035804,3.5868911113334354,2.6514724922176622,0.05883702287411624,0.538934996158886,10828.272218533717,33.8217366478975,444.6985988863574,1079.0225472603306,0.7355342531969609,7.75180104188993,20.147924862248598,280.99860188800886,232.18892333590125,0.47958372899202856,No
3745.265748778211,25.69404469821141,239.29421117053874,380.0128516767657,0.784368782089792,6.985391559615175,3.5907030145848564,4.927547988734,0.3078885290973819,0.8481306636405379,36.81874651566309,23.532540538242205,22.978145082642666,174.30546224841495,0.422554980830255,4.171219276015593,2.1581842406613942,3.43881540663011,0.6058531604143474,0.5362466419399872,5981.41737826019,38.44845157263065,291.5090411627908,568.5844741590076,0.8253127672548637,12.948167570889714,26.89860321264161,268.164744368922,568.9651484181229,0.8884235599809717,No
2929.7699632647295,40.7316595651066,211.0051025831633,398.53233112266406,0.9130123831911133,6.100351853136025,7.209651253592829,4.345601195101839,0.5481853282921973,0.9442478467069959,48.927018277486,72.03506679500016,20.13760402418138,200.17997924907445,0.49418599046338263,3.745574182410787,6.110097172190563,2.164136590657704,0.3275833213083218,0.6008657153602799,8280.671469482484,58.124621538534555,323.9224494455482,879.8188044979349,0.9842114188046192,12.489977554321998,38.16666100840239,240.5850631506683,765.448974588072,0.9687050736927066,No
6779.01847526613,11.13394503273208,340.41189376749014,688.2603432213475,0.14172076281652368,2.753076080659544,3.2457506970394343,4.2686192415765944,0.46359874892551606,0.04911182441901263,74.74838473805761,17.515546007171928,30.790784402916536,290.42148338337273,0.620925246811804,3.505248429632992,5.200192344018059,8.109530374949802,0.7187480941680344,0.684302445871924,12051.261860513952,16.2141659406916,447.24213178836175,1146.6518999925822,0.16148939692837033,3.7517571994293233,15.493867681798303,217.41485392350876,274.3399676844777,0.055523434819645834,No
4919.335569322962,15.291364719671419,269.94992153529245,457.5877796963443,0.5716815427536611,3.676000536508416,3.929496792655118,5.280695624926014,0.821149517666655,0.18922427982581658,39.8688893997064,44.94035070104113,21.530971857869208,177.6788996012158,0.6902547131295937,3.948972555667163,3.0205212402397996,5.448738585566848,0.6498026937602891,0.5799064044013158,8742.68251527307,32.7712867776447,383.058099382499,784.9608920483373,0.8266571780623249,9.374581645608782,25.642689519892745,271.0438583870695,664.9539294464258,0.5542018497354892,No
