average speed (km/h),average heart rate (bpm),total distance (km),calories burned,hydration level,muscle fatigue level,injury probability,peak acceleration (g),symmetry in movement,balance error,stride length error (m),skin temperature variation (°C),recovery time (hours),VO2 max error (ml/kg/min),sweat rate (L/h),lactic acid build-up rate,mental focus level,reaction time deviation (s),coordination error rate,tactical decision error rate,maximum sprint speed (m/s),skin surface area (m²),maximum jump height (cm),total training load (arbitrary units),post-exercise recovery rate,muscle strength asymmetry,endurance level,peak torque (Nm/kg),agility index,mental toughness score,"injury occurrence (yes=1, no=0)"
2.4647717885797467,39.61239500926067,119.67443471459336,4856.1395025107495,0.6338575311154859,0.3925653775944191,0.8027034556122961,0.2618609085965757,0.667290818141221,0.07222508090869775,0.38822783507897884,1.8663152709475601,4.061078386802523,78.71017471250676,0.02287872193298627,0.16145832533676951,0.660613887606937,0.08478719943023919,0.11073647942448128,0.03877452380022064,2.71167410219149,39.194060796290685,275.89388341713726,7641.781970818299,0.1821204373131209,1.3074990618476199,2.333955330547993,0.3989558417121247,0.5210160842674249,0.19517934881510934,0.32799351648608
1.4150994355208948,24.248163877055323,73.51128707170592,1847.521802514731,0.66830573452278,0.31408353320510607,0.41455469414133117,0.08504382008367842,0.6968160836893087,0.12688465535480892,0.13793926401021384,1.0179083781115796,2.0229954570048836,28.18697292324469,0.012484959253864916,0.11670506561867572,0.3125271673181258,0.026842371874419322,0.09385971848598178,0.02187947749447874,1.3945245331796303,34.816250820641365,150.9976717305137,4538.140291115242,0.2580450215879905,1.5286737887119382,2.0477346332475634,0.23720036405079942,0.8336726785168581,0.26414614161958455,0.8974358139231274
1.5446522636434137,20.796013864112904,78.53525214238226,2227.7770435488724,0.5628164820488818,0.18642622280987206,0.19631599628525648,0.05743605904873925,0.6294032677191871,0.10619208707364625,0.13344411865565708,0.8163953517588863,1.881688815059204,27.809644894128745,0.013711099388047378,0.14122507639050055,0.36527559951958805,0.030942221525093655,0.06962137658130703,0.03850525261219995,1.7538480919501684,28.335499533221576,187.17990400282474,5385.920449516051,0.14682561437548583,1.2885422169071974,1.703480176272656,0.1435194521982505,0.6113476557797184,0.3064942074523638,0.8799608467586869
1.8168531741927094,36.099575642948714,94.26691361720759,3376.1256962442635,0.5170923736228138,0.1782577641997829,0.5615735225477883,0.1271967835297865,0.5288228738545058,0.08098353319872802,0.1938824507693867,1.3843183712308795,2.3717599854231306,48.93522497338547,0.013550344910955515,0.10175471325716022,0.3956848497218183,0.02567436585734734,0.07871569182421129,0.03315745838725763,2.1589119026736645,39.09130762689615,225.32229516839504,6636.4394607876075,0.15025707763008794,1.3744710386215226,2.623923405960018,0.2683365109166933,0.7414115587298709,0.28794517168457817,0.3762860717938869
1.3676446409617609,22.653551598845006,70.94446113243606,1875.2046397409254,0.8092082294141895,0.28876282216396554,0.3901120605367324,0.08404516418772265,0.5881881462717894,0.17438668746638702,0.1178471918860933,0.996891011555039,1.6213754651300678,23.449189072400024,0.022050460586808044,0.09988607954450757,0.3501020333960567,0.040820024817729894,0.07332383456748214,0.03554389663941091,1.4301830412811918,29.562122265778736,152.12836790220243,5076.627236411312,0.41294101520782506,1.1547987672107192,1.8485861069540084,0.2042946501997504,0.5127606155953597,0.319661868725712,0.8163467551726649
1.4549148132086924,25.382120233760276,74.11122491923443,2238.5168054129504,0.9142262993136915,0.22843490802804567,0.538052078684499,0.1207430926114167,0.7070612126146415,0.1297322117067795,0.232573402970949,1.2700711315999644,2.286180804809778,36.03717695773338,0.029826964144186,0.082493815936026,0.3535797413417647,0.03300584243937531,0.08193343052565291,0.027070083874208836,1.660406725881764,30.781557568046853,160.18495093392957,5417.493695338137,0.4776119620843584,0.9180445234708625,2.049943523177083,0.17028998714652896,0.6206742519272775,0.22641268623844557,0.7652375354470735
1.6576504583740623,36.10734748661557,86.25121075809804,2713.9330603293997,0.5493949440836462,0.15110361658583465,0.4225029447215483,0.08594791118748575,0.5451578388481643,0.09233486843775034,0.23587779802023615,0.9637747735864739,2.6912425908795665,47.36973420522917,0.02143277321787414,0.1290244615881474,0.47715986739524746,0.0389869531672782,0.11017000524161258,0.03349674143248921,1.8707757842474897,36.38345955702638,192.60978145509316,5614.964477823335,0.15690180652866578,0.8343052422231308,1.7244522467902574,0.15539686913855774,0.6289650468246121,0.17102795753490038,0.3429065882206105
1.9433325207975745,23.757365942253767,98.28931501882947,3281.3707978736907,0.6032375063390653,0.13576657358548255,0.17589993204244703,0.08859350043311716,0.504171301534627,0.05545583344257809,0.2600460588138477,1.3185999164296958,2.921615502838422,38.199566606920506,0.01283952933741618,0.05387550718811934,0.20174906806596504,0.021445947300331586,0.054481426568118996,0.0137955021130627,2.239804334886114,31.056871756531915,232.4796470767883,6134.527108686991,0.14869969067470895,0.6375951170704954,1.1921610783364363,0.13197797854334492,0.4463952665937942,0.1502810277081874,0.3590888427268041
1.531546631679362,29.49352084348407,77.70461684899695,2240.764278202914,0.7889391419532136,0.147817349966601,0.30820772803915786,0.09444301667066639,0.7266107871239,0.06949733298768339,0.15233795766392688,1.110517623182159,1.507807400353757,30.655458620260692,0.024863821597407666,0.06104802460355915,0.3074938289385621,0.029072634900725276,0.06825737346172836,0.019166438051446043,1.6221056296865937,37.01516299170029,150.48852456912005,5154.042360127054,0.4398441372050059,0.6607088088759963,1.52600905129373,0.1943570236447642,0.7185784437103647,0.1479786917068615,0.390264215031671
1.6900726160750401,22.260231747918574,88.533951075288,2682.1421331155034,0.708909075381116,0.2116097930005139,0.28547666876261046,0.1021223957560825,0.5495146716457815,0.09551933637919045,0.23711888434970382,1.4665815382205178,2.421530955932713,39.75304432429391,0.027875095922804446,0.10164809477243829,0.3792242228546625,0.05343449932620458,0.07941734912903098,0.03827040250577828,1.7815707010983526,27.307178807379596,170.66820865130256,5389.876900967666,0.2929697661390751,0.6625669209393881,1.4357088864261476,0.2077433391279938,0.42371570344865706,0.1534559255351976,0.6030602074959036
2.219780793479341,25.639842935373707,111.19338744165363,4226.194317642037,0.8912540174198481,0.3007365609906513,0.5312674369903434,0.23063884171534368,0.8659195889907425,0.077140559528811,0.4839613615103653,1.6443394848556037,4.649292105950895,91.59917911116013,0.023175689630916603,0.08530187014178475,0.2720884510623454,0.06247127957901227,0.14576876505291714,0.023646397594837328,2.671075522268794,30.886252492805546,265.18341479302575,7430.61556957005,0.3526178610937079,0.8141220328432694,1.5027950718545537,0.32851395549798035,0.8835122396129615,0.1538209327083775,0.4563552909281728
2.4283295543817682,19.302470861323084,116.09614916878496,4832.801367738077,0.8221103560978763,0.25896803109248756,0.5513284665429922,0.20872943320614085,0.5673986998252866,0.06910737070673682,0.28705407647196757,0.9310673522259008,2.7171515267502024,58.72347066795054,0.0173752857321025,0.08110239118984976,0.29831752242089293,0.037923717558709186,0.052501921390205784,0.025203600886349,2.926614777028733,30.616598703138422,282.9978488364435,7958.454817364713,0.3993686042663094,1.295397994085786,2.356681177929198,0.3569384929739521,0.5736860259730624,0.20760201529882114,0.09853239734003372
1.724706382253891,32.62354527133684,89.89640482734929,2702.5677408570446,0.6762876731352627,0.1742193072308263,0.43991141504644327,0.09081837580637031,0.5876383375905785,0.08578667041221036,0.1251478673401547,0.7409239241561422,1.3308448625160834,26.01275030411115,0.010451710578046784,0.06732676260264073,0.3471567891825116,0.02781203287672788,0.07258311194134014,0.026832539981066782,1.8459321137991758,37.42641442442668,184.5921410095255,5247.94089761486,0.25020720422999093,0.842599220167141,2.075304478275931,0.19586583891596004,0.7807506625646793,0.24409823483834392,0.554244301750135
1.8654912255574976,36.47403920393097,95.85892637492653,3388.7986860405695,0.6507120096528642,0.26593665414873957,0.6348516082252864,0.14848638508528325,0.7319543134091164,0.08769196253282407,0.42535563736589477,1.963382658651695,4.141987506546971,76.27697916994623,0.02870839295336822,0.16157795714189793,0.6999733833994926,0.06564055766603545,0.14515987358687432,0.035999520433766835,2.202996031121835,39.07487959678076,219.95840706030424,6578.448918526771,0.21603609562475057,1.2202347314090172,2.2841611111830953,0.2576169324301669,0.725268408204858,0.1888737219929929,0.3235365712975866
1.7213166132532423,17.1046957218749,89.53770927081491,2814.8736423576534,0.532539612304922,0.14498738374714426,0.20244301720296143,0.06693066922844203,0.548838759490767,0.05510009981003472,0.2726819146651701,0.5224584001793676,3.117255789821109,44.294290754702374,0.017943834760189802,0.06088969346952083,0.2870657257202466,0.04120635179543356,0.11090086852484736,0.01775651220697716,2.036527625882355,20.400792389484113,206.74902284775564,6081.357384517469,0.13929531977223839,0.5910300598453859,1.2973874330726507,0.15038447632726873,0.5337404899929197,0.10367843044878265,0.9049597033621256
1.8218830102644017,35.10741377945988,95.97787729861932,2946.8184491199054,0.706567417971895,0.3912596106530318,0.7384258324681542,0.19974291843721242,0.8128362476596701,0.12599067553460747,0.3290899332925761,1.8574773467295933,3.9611664256466073,40.81702651286311,0.01925683197463425,0.16652673882756355,0.7210603856910639,0.08429110929198223,0.13925685300462265,0.034745566807872094,2.1826683721035907,37.399820344562904,236.4170643291643,5924.768764040334,0.2153472449777471,1.5421517787975654,2.681031852250354,0.35708178404881835,0.8960925326754279,0.2534187469706847,0.321060223943291
1.4331312290713119,22.546106175748143,73.02451137095555,2197.1701284734854,0.9032606452339662,0.2879692916966985,0.420406487589682,0.11480612717339544,0.7614195669031921,0.18791098350374202,0.26183864692285475,1.439594877728507,3.3445482736500844,51.45677717574088,0.019257530766055762,0.08335268146198449,0.32280288871781404,0.045983285125148966,0.09899817716888212,0.03834249005126793,1.5834070444674142,32.8655390276958,163.03684784819103,5170.916556861946,0.38695393296802205,1.3085576894431221,1.8655041385123265,0.25125004247421656,0.7640389091830397,0.38185653294320215,0.48494623900040834
1.5781522832700636,19.442658003842528,84.12609190989389,2719.3667232926373,0.8523714505588232,0.29260612352011456,0.5282397863662558,0.1385274320421496,0.8243723118961982,0.13085836857975344,0.3654379721231812,0.8704613904713333,4.253930425136767,65.8075400646709,0.01966521261105171,0.12122115400707618,0.4603328907598922,0.06821305806442718,0.09890497862285254,0.036782359604381046,1.8828357531741053,26.85535497372431,202.94971054503623,6030.3235857569225,0.3069328255234068,1.0729114548765892,1.8234411334922693,0.2828882044193861,0.7622339589425822,0.19814001886367408,0.5435038410435874
1.9266019137551393,30.134699261780728,98.95090086227931,3655.9166199846322,0.7868448653220894,0.2576903753814749,0.5539380923703904,0.1565515785976944,0.6340884145630413,0.07871716503079035,0.2648015210568332,0.7822504897710408,3.2209041508748117,59.735399000727234,0.015644254693765767,0.07063092165601588,0.2729012895440298,0.03226973764979071,0.07757162816488762,0.01495084685985474,2.205344205915005,33.127912042473284,231.31751034208588,6609.218082801516,0.37652072274171344,1.14103105491639,2.2171045023254066,0.30682010717650965,0.6167111135417985,0.16806964281543163,0.48879775702151995
2.4398056742465113,23.452531263537573,118.83932654126338,4488.249022067761,0.848054891295037,0.4623202795809996,0.806342927131601,0.2894258226916715,0.6821363340596335,0.0892387759045728,0.2541542623904479,0.591061150353647,3.2057033154264216,58.19741552297,0.017394681588839705,0.09705054766105196,0.29891834441016735,0.05061356564400095,0.09595395977433359,0.017515356354980957,2.8865121481108718,29.612532786583206,294.4441630147678,7759.9028567612595,0.44013157641316825,1.8619730707941706,2.857966320850765,0.49743811227693757,0.8789325447180877,0.29706905811415735,0.30680430863464286
1.8940682938153115,22.00096916447851,98.63030646782826,3480.348471845118,0.7826161653453774,0.3866138361281988,0.6929605918733325,0.16867546890738827,0.7642374919499486,0.1381274946406245,0.40849722790513776,1.3565767466752763,4.241635324575024,71.07084516704116,0.024107747851885533,0.17561870248091943,0.6715180342744751,0.07167615696754158,0.12761590840168902,0.044785414467566176,1.9915959622923085,25.094804598409254,213.4998960781005,6094.966215547454,0.1643596136420655,1.2641607107495192,2.2863448917390916,0.22337580407476823,0.5835193138117938,0.21974598850108787,0.5321656680174539
2.359245392145118,19.32702127450041,114.88641020211585,4730.663852116141,0.8873613809777777,0.25143344195918094,0.7312226360644916,0.22668608812855626,0.5841414330652779,0.09418592342904807,0.29763389092803694,0.5896448307088193,2.9740728003120407,66.69034719232576,0.026629325782916713,0.08865598243717844,0.4412867756726172,0.05262339199553297,0.056167288553702975,0.03280099520522917,2.6102252899135765,24.640323143741764,257.0371038575531,7314.368488218154,0.379085219574649,0.7397207769751567,2.2963951219318197,0.3121077755403165,0.5016209172627191,0.2189088957845268,0.4868091590652906
1.9789068939652381,33.089980456678234,102.0260620000042,3742.006095968969,0.6433954173689035,0.3132893717768558,0.6613493915854153,0.21323188821843925,0.8315927960391811,0.07235858628776592,0.26993914586764095,0.8499227279187462,3.857829927419493,64.88018709217519,0.012765952557523837,0.12599155561300954,0.3271321820636417,0.040771737290250104,0.09951665496858292,0.02323098184861768,2.167912190588678,37.56941721992192,234.08045490355127,6305.733025997383,0.1788015332574014,1.6441186659294678,2.392736459773784,0.37534982209704104,0.9285293483028653,0.2521484943649647,0.34722060700384355
2.0768597481566657,30.639668263825286,107.8269782485778,3996.0414677160115,0.9350747193857335,0.4234371677258213,0.826955641019719,0.2718747636403613,0.7934494406585128,0.10521868499294836,0.3293115308420642,1.392248528921506,3.72130347045813,74.95636063372594,0.028394225062651574,0.14414087554316585,0.6022012454370359,0.08813774456635473,0.1280283020392984,0.02702080212662054,2.3906286453924617,37.20338326288914,245.57419745540474,6932.57065644615,0.4239715764431851,1.5969131655670155,2.63254731210991,0.4700635828085805,0.7865451062443868,0.240034737315977,0.04922203309869366
1.6048549483801886,21.82365513929902,82.89459045171495,2629.428744668661,0.5800070478738089,0.14306689804520878,0.15782121637757401,0.06666201283612846,0.5620226732636467,0.06480276251686447,0.25434528365950965,0.5813698618063615,2.4091460777506972,57.652500830218955,0.017273501907383186,0.05729209090160058,0.20894147281516173,0.02418437206873543,0.05764826779818232,0.012881507412664528,1.8744869413998684,25.8088915476387,184.1221155786722,5958.073248009695,0.202977274609547,0.6449868757075078,1.0706778265090433,0.13167656544953826,0.5110334042598752,0.13746321126536962,0.7523106220046912
1.7949593679075047,33.75298972403746,93.8871123045397,2977.3500087083976,0.816474297256058,0.3222625477693937,0.5321152878604822,0.17118453123943134,0.8221017633394954,0.1028088006670665,0.24048809185027223,0.8737893521667927,2.517588346951752,45.558294487756264,0.013117017563816925,0.06430114840486337,0.24985261120897317,0.027732590508475458,0.06718348282864345,0.022921290533603766,2.400150762302753,39.58970668244279,244.14491389326167,6703.531425218152,0.4807053052515249,1.758213263412697,2.657777002184095,0.44365359500254414,0.9901188899283375,0.38170977665084577,0.29913970528958705
1.7178789360315123,27.233447557728944,88.87801717403353,2898.504872359555,0.5990004582152043,0.16020985152505537,0.47473261392368105,0.10964111072525348,0.5717129892671492,0.06246262029631916,0.1927696924191744,1.4712311547705201,2.06503444609481,38.719842329686884,0.02081730675524956,0.09281279467347626,0.44033501443892686,0.03570214178168026,0.06121863528026921,0.01881254029267559,1.8051146321353846,34.6042913286452,180.58869491826454,5457.170923042508,0.20727819946947004,1.0665112198484965,2.167554741342242,0.21472362503859196,0.5948312962435842,0.17565339662830226,0.4361304030272496
2.2135611550359453,24.883248354827476,112.18441428455857,4507.7179144938555,0.8021963926880266,0.3881590362252885,0.8159679474810153,0.27641339219247557,0.8735718428916176,0.09287398657138421,0.48539929593932934,1.1215129677942772,4.906005034248588,97.64591448714947,0.015921197814904798,0.15653881954831037,0.548283512863066,0.07936558796614769,0.14056893415968935,0.04008985149830244,2.712113489439427,29.372190870059395,278.1416745152156,7769.786543279765,0.2805189889438561,1.5964296770932047,2.716742842828575,0.4399816663581726,0.852679937580449,0.3034038547148472,0.13421185904071198
1.649414658486665,28.50943101914986,87.92971602593671,2852.9869489894504,0.9036378734743589,0.43739057996891945,0.5831451447436214,0.16197374340274653,0.752132236474117,0.1963575452060996,0.23980073249601738,1.8110854378169523,2.616735145955883,37.98518716233244,0.024207737059746545,0.1502252436557298,0.5569211614660733,0.0788015407693351,0.1334858160514887,0.04745257088839227,1.9133628747382423,34.7054249284309,200.18894445386306,5969.701814325211,0.4148926846218435,1.2398018025851751,2.046430665120456,0.29369110846258945,0.7643046755930243,0.3337028415017052,0.5928871216670644
1.9605081195604854,24.552076693898996,100.46600899656553,3836.7687852512367,0.5632469086060472,0.2780201267283765,0.5271585073193847,0.15915119785648502,0.8195657807075433,0.09725453936909914,0.45443828853339224,1.353246867404745,4.729957955939952,78.55984584869242,0.019105498899602547,0.11921328845603658,0.37030177686211685,0.0520033137132706,0.11392287544001406,0.033701370368272865,2.2268488841694807,30.503694862272013,234.89105709783826,6497.7861680587275,0.11756546233883886,0.7837350595902872,1.389207111452445,0.23133093673345229,0.5657861970233621,0.1516873497896569,0.3499571653884354
1.8613920761760172,31.032330125919337,96.2965756415925,3241.194190913453,0.9040802839342866,0.4029687679805644,0.6487646381927596,0.21137172587096756,0.797670882496154,0.12993484316221934,0.24447544178841824,0.8894184341646497,2.5135119123029432,42.50784548216481,0.02017621941945042,0.15121443572644902,0.5996172711683143,0.06478043389041421,0.10758702234315835,0.04433247446139103,2.3893745041329457,37.60009510818757,239.40381857333296,6719.195645543326,0.475111998151313,1.7563248306742592,2.6466399784378014,0.44233192210630695,0.9518667755925387,0.3650829359531019,0.13153355699100422
1.34083820492095,16.119059640650086,66.8908470249133,1664.0080121320316,0.7857436978807534,0.14035917031120887,0.2061092031656151,0.06625370011977955,0.6638543722264186,0.10289722936304471,0.16295553051096356,0.5857723391091216,1.558368878872992,28.14010105382337,0.01977709631786816,0.05690701807482206,0.23013374421325833,0.023684628810124387,0.06264993734437939,0.015013356503188465,1.4215463394083643,24.424390814610987,136.71803139587934,4843.167061529311,0.440833208308711,0.7968618149954293,1.5369970554734245,0.16241249183914136,0.7699841989607412,0.24742295433181566,0.48336096144208796
2.0363403236270603,23.85396759820958,105.21094907392126,3753.382760403089,0.6413644317510819,0.34648459174021246,0.7013613866732048,0.18715203101039243,0.7759969442626505,0.09032457851737004,0.20275363799586274,0.9253566165212737,2.3753749641368502,48.17244495301028,0.022560695171352396,0.14452974032064878,0.6082479061465305,0.061013554609655477,0.10206057005212585,0.029860627105020823,2.1672135220875397,28.147261796046738,230.73106886320866,6195.4495187597695,0.15914246749071675,1.3497667797880006,2.5566818354263807,0.288766929134833,0.7268251053062003,0.19700953336951607,0.5545727052633485
1.8485029609701031,24.463711506641044,94.8964499996889,3300.402433768558,0.6539304233132522,0.16285838417293227,0.5289816112171818,0.14888359696710016,0.5927129519052918,0.07717823581723626,0.23635411234648557,1.6333131714962252,2.9079585904659586,42.44326079206691,0.015550921204036878,0.08282215100057629,0.44463448624493723,0.04291351245797217,0.09206761216507774,0.023717002380465493,2.0933444906660252,34.49391234448861,211.47606907319806,6178.880484627069,0.2991331118211806,0.8310108980404151,2.178880617312616,0.27999387536043896,0.6113680178680364,0.18871022997038003,0.37099237004950375
2.2231043220981235,18.63654586971509,110.02753338255798,4007.2222034223973,0.7095750690748271,0.170748346472488,0.2791625220186932,0.16052019915889346,0.5279408255822629,0.057683170785525345,0.36396813105558884,0.5822633675391757,4.004158129512936,64.26495371572133,0.013179080767934668,0.05380039981229125,0.22118480949222566,0.033358695376012173,0.08599849086746282,0.017657733925918496,2.7122239823665173,25.255233926771275,275.35952023907583,7319.641728603138,0.2734953106943852,0.6148048271430745,1.2264254112187631,0.3028350393401281,0.5314868999484967,0.10872609328217037,0.37622854314351234
1.9677999613928272,27.15487251969264,101.81144341136077,3506.9955227246337,0.8019412558425371,0.4701278527599515,0.8588894868223408,0.25769756052437026,0.869675866570248,0.17748083123637814,0.22287902884214175,1.0535261751357075,2.7267710998783183,40.606381548707674,0.020233843388579153,0.1595091509264735,0.6850047969642226,0.06819062511176927,0.1043961952299877,0.045479686722922935,2.4278358789590175,36.29822952814465,260.760478947504,6807.757295046622,0.4035512185532492,1.7755566934800657,2.8976026635949403,0.4663052102148342,0.9205902219574124,0.3734176988682601,0.08229303564864121
2.086334577602914,23.18232099559368,107.81650821039193,3751.7983611676696,0.9182079550279214,0.4148236623106332,0.7528277951261286,0.2362069193468149,0.8361065145470122,0.1366272666818218,0.21866053158661844,0.6027143718877802,2.3330952949975505,33.983977469584254,0.023290100906584163,0.1487572971308667,0.6113459049928285,0.056339679106182275,0.08967746820841835,0.04322784967545556,2.376029831178617,28.150564864506702,246.96601134371377,6434.176454505456,0.47536673003434493,1.7506406389298157,2.6456788830361946,0.43767497437630387,0.837629874349958,0.3184576875493251,0.2550146096751009
1.6165780772044416,16.275836656182932,85.04971871188552,2726.9973367349335,0.686676513490556,0.19261184989283453,0.3394693051781963,0.10983196409290186,0.6363476125601433,0.09472616762630504,0.2052063476656853,0.6629226312295048,2.526801217028673,39.3248131524708,0.013850501189853145,0.08822012092796797,0.31325825762947723,0.04266364113213548,0.12765770947787045,0.017476304687867317,1.6641303425515728,22.102841722783218,170.24926713811655,5446.857030144138,0.22786559059131542,0.808257051756266,1.7297105336128422,0.24782540620435778,0.7286466567119756,0.17533239592413594,0.5581531244929536
1.540060365059999,16.10295635401713,79.0519492981755,2550.277797006714,0.558238573033231,0.163169566333728,0.2551885793770362,0.06223867085084072,0.7568823205916946,0.12008004577454373,0.27810849329217213,0.7063133088985896,3.4573754950321716,57.37142749844864,0.017939829400972274,0.09119322433812388,0.36356055097447393,0.03341831008197745,0.12799340487508865,0.030425905249644516,1.6147684053354034,21.630182892514416,161.27833649636705,5289.9889099245165,0.1273847751939621,0.7289147550379341,1.3594372256285496,0.138154189901585,0.8549801481291561,0.1679689293035488,0.9024298775947227
2.0076148164491405,19.473135788167053,100.93150625981534,3748.741744527549,0.6791834404640061,0.12949446841972315,0.2640561628748226,0.11726071539061556,0.5652627171862666,0.052689324448579294,0.19367494851085,0.5009393303293169,1.8795044429403158,44.37261610690244,0.010576878411110751,0.05467144452863574,0.2244208485501874,0.021355051775666514,0.060692192896916214,0.011637412678322263,2.2291206853730796,23.865597555720036,218.65364608831163,6346.383604675864,0.1556809279595497,0.6558553638108466,1.317094728563867,0.22381843207793875,0.6739411913384975,0.132902320449798,0.3725814027038304
1.3350168621427538,27.080234115888487,66.92151914058411,1976.3440003236685,0.5549420428653243,0.14290154960402612,0.21220539217694684,0.05649569425037099,0.5160291258167619,0.09862513398432395,0.15081777612146405,1.0370793342312143,2.0474110172187903,35.27233275818833,0.01519890266430517,0.11251396071083862,0.4940703369703708,0.03289865910803656,0.11785510839677614,0.0262057040602582,1.1971803343081602,31.508130255053924,119.38587696554485,4527.389333470135,0.11756218543431317,0.6959522409223987,1.4403601215796211,0.1145503708598054,0.5139665579367281,0.14293541518595895,0.9961750266783695
1.9295758351931676,29.477651464024575,98.19914256049117,3457.566724650296,0.7444789699980896,0.21235161927757712,0.46507714723155824,0.12169147417718326,0.6250941546713833,0.0649552541707477,0.1630172277802959,0.5229736458738717,1.9055004100701987,34.66106612277448,0.010622507317619117,0.06488101069168487,0.2831204429937844,0.02155977788965429,0.05884580608218805,0.014095602033165806,2.393775651668777,37.46189506664647,238.39722504714717,6613.911293322228,0.4309192245317482,1.5455126976344198,2.470221437342279,0.34424234073062854,0.9541951006162831,0.24925354679351108,0.19075634727531615
2.050480008544834,25.012786459638715,102.70705624880564,3693.835508749379,0.6764517198592391,0.18367238630501936,0.27701103053990295,0.1538197973058826,0.6483077703735224,0.06979001587480729,0.30696976684590094,1.204888172483749,3.2806255000649056,49.3658335773549,0.01681313875790448,0.06865560382719736,0.20428486728535764,0.03718969719002564,0.07468390732585647,0.018201808486313052,2.270924027228961,27.46603583940915,230.39938960650395,6498.597565851909,0.11734175357398366,0.5756514719950514,1.0493442004543305,0.20828404467411626,0.4368457429249942,0.10307404957004898,0.6458190621078022
1.3403755859318809,16.219982171979105,68.72569433149562,1643.1550544535905,0.6071314546602683,0.18984149807174286,0.37358894405764775,0.07506869597761091,0.5482135334600239,0.09967024381359306,0.10218285317264628,1.1019375404129705,1.2223155673798627,21.518335730249035,0.012360462533142352,0.09892025817257916,0.5740562172414533,0.054100608184465195,0.0823654121403657,0.025257625890804023,1.0307042160330298,24.72635899631647,108.07562203900095,4044.6519908451633,0.1427828250052315,1.0693556557512218,1.9509282549636122,0.23789747938895273,0.5789364718981291,0.1806787884952582,0.9632830620988789
2.2102743232619524,27.735842621870127,111.98655377534267,4577.2138706788255,0.8347193312934721,0.3159767905354072,0.7403025000954989,0.24075446227921252,0.6539307574268965,0.09212901747318464,0.476915298434021,1.3008577546338718,4.90059341036822,97.52013798878424,0.0261296904489057,0.14822651608470844,0.47195609491548085,0.08126913225680106,0.10243829656823995,0.028543755920307338,2.4480493942244204,30.409470653211816,257.7269868724351,7118.60478694961,0.3486631906312787,0.8900166359878802,2.045299771399514,0.36103229259473996,0.5231349591237541,0.1748467535011351,0.15069854996395582
2.453047393580613,22.61151156175852,118.19804516790704,4911.945701195129,0.8783030196278959,0.3281112014001197,0.6351043559981726,0.24880106220341972,0.7529867710447713,0.11133673022677132,0.36845157960433583,1.2957723845260711,4.029553757663821,72.806377116389,0.027357520464623697,0.11524105598875525,0.3309270474291097,0.06705732743446004,0.09585507412768147,0.043128652727969716,2.6221511554891057,25.116990442878194,266.1946624805779,7523.762699889136,0.22748978336114745,0.7840178442649108,1.6377378349563907,0.31500395061110525,0.4439299036375064,0.1926751823110564,0.5012098171332318
1.5279089339943883,17.440587428813792,77.21812891807133,2164.7604047562304,0.5352094503895343,0.13867739955352373,0.13149828796895568,0.0574304453284622,0.5471952791974535,0.056400474020091476,0.12919352621255106,0.6973679901024974,1.7440004402948892,26.151977209307695,0.01646061636361192,0.057092922253629774,0.20652599701087937,0.021720769559377833,0.06062562031637707,0.011099264614358038,1.5036039166735806,22.04746126325101,150.28728205760132,4650.349798774944,0.1369643173250672,0.7114019101984088,1.1086729780394913,0.12875876264154612,0.47678113267678135,0.12334936754248074,0.6567050062994464
1.6431879349027265,21.067665099668556,85.35564493962963,2581.5841307337105,0.6132065807096992,0.16167458377521626,0.23677761493912058,0.09533149458416297,0.5338699681553896,0.08867308828131513,0.22278878923388057,0.7102928663812657,2.659328290047951,37.07967580438749,0.018699553550312907,0.07879320937899864,0.2778031530901138,0.04637684570716412,0.05826223867647189,0.02700451110237639,1.9764923264614307,29.324319088003428,204.32174300048734,5874.257063227148,0.20711521567431815,0.6949651640808949,1.4319364155236467,0.25348149988990376,0.5683732664211785,0.16822632217496775,0.721477449649938
1.9030521937869587,31.581456481850417,96.44646219791305,3199.4538534509543,0.5856048938997077,0.18589808512167819,0.34771252465410135,0.10532063704355249,0.5478951714017122,0.056139284936352264,0.21335818750586147,1.0246741985936183,2.5195619064835255,45.52142230075921,0.019528154286563446,0.08452610676454878,0.2456856169063845,0.03508554874637471,0.08045522312632555,0.012399876451038797,2.153463037324692,37.09351375984249,216.91895503081213,5937.5492779525,0.32544793299633057,1.0170914251041305,1.68712185882563,0.25484988348973003,0.6370619203076837,0.15874464560665286,0.5689141159684745
1.3624321392605416,20.93260060762229,70.6526749608722,1816.4445273373028,0.6436441982946856,0.18344873463441855,0.33140546058170933,0.06272855770819748,0.6605787032662127,0.09434129582691692,0.1795694867851473,1.2556227593819247,2.0701960720907886,32.16955341343867,0.015604305524790424,0.09127176367671119,0.4578229093684001,0.0268915260665794,0.12121310443798977,0.02053815091997719,1.3768930878765087,26.466273757381018,137.64971531980197,4917.116615674374,0.1358446372321861,0.6736206768863817,1.6914871354375414,0.11318611245317821,0.5436685486122058,0.156113978250382,0.812027049663904
2.1760166842107345,25.50906702870083,109.59947030316437,3897.6581244783597,0.8611853440174538,0.3402446789280803,0.5939703164924353,0.1943427176895528,0.6231891534057563,0.0907133453696302,0.2590685265695266,0.7263866695244149,3.380522184130245,53.06682398552607,0.017441043161928158,0.13051188667686228,0.3673286854147988,0.06251005103535597,0.06625254695019087,0.029386856741126607,2.500676902385109,32.7606772205797,262.05917634621676,6772.690070332277,0.35418535420100083,1.7404262799676722,2.532075810937945,0.4407287944569796,0.6909517641017312,0.2643348027562863,0.10993047332108352
2.437961450700593,23.236828623178557,116.67299033165459,4749.45610312116,0.8382932053204685,0.2365429201367776,0.6855940894838805,0.2195121297471539,0.6277710536275916,0.0576132193329236,0.467671286120092,1.3787063893246139,4.594169201229517,91.148070696283,0.025142548505759664,0.10495401618096739,0.46709631540945956,0.0505201385996194,0.09345467485974174,0.018882921124015475,2.9601643028713527,31.706744412375112,290.70072692433246,7886.862973753705,0.33857533932976114,1.036281464706292,2.438960406096229,0.346804861643018,0.647181462209526,0.1684296229631949,0.0874334637965124
2.1217294807817564,32.26594479726466,107.0331486912338,4097.356776569495,0.5889513916228946,0.2473857256126944,0.6170636463229254,0.1901707677673369,0.6041693786610098,0.07614289050717093,0.229024011187706,0.574881684827562,2.6646111792755613,49.33660429396933,0.012068825803254414,0.09882177212407631,0.519712110922746,0.0410247547231485,0.052249915405642285,0.02936172418796863,2.702440275924581,35.15409294225298,272.98485986943615,7597.746529095783,0.27074172482263287,1.5609845759783596,2.589052452591232,0.398719763771266,0.6993036737581197,0.30161555744014,0.14642150465061343
1.4915958034988934,34.61507199558105,77.98426306653856,2443.727461139507,0.908174937298891,0.34263590813341893,0.7413041477254827,0.19702508649886258,0.827889229034403,0.1869336883553809,0.24298462074512384,1.510733799594094,3.2835149177749887,45.72076650687824,0.027658491580918827,0.15484984433955018,0.7426241030931638,0.09144098978332756,0.12856492943467585,0.04334975962405859,1.686798655852322,35.5342818761775,179.7394902909474,5648.1410358487055,0.42115772228945847,1.069131839960078,2.4876542233736374,0.3641596735046671,0.8267105142861655,0.31008312683471245,0.4780596649228367
2.128794944272227,25.187456020885367,108.66877621967869,4302.8170962207905,0.7771670557368049,0.2863937724883336,0.8041709642058039,0.2258440070511604,0.8432891323140015,0.06911298030530016,0.4444656789885794,0.7896281689689763,4.254619389134002,93.88170043048399,0.026340387874134348,0.12520839300282582,0.5237609701146088,0.06483919248857326,0.09524526255274822,0.02250264503033934,2.484276575260476,26.778708565048934,259.08369361814266,7326.574988703566,0.31169189912242157,1.2006016404971167,2.635505481135999,0.3821909828256549,0.7597087850031653,0.19236483277309768,0.06761940129952415
2.257706693189519,25.08074873439163,112.5158506723281,4604.237740735482,0.555290540561547,0.19206219294985616,0.6568110247502001,0.20272465740386478,0.6840577280458119,0.06562329941351731,0.42582051460257386,1.7487898364295877,4.350038727338237,81.59721383149186,0.025941057946220595,0.14079196890573822,0.556147813655162,0.08217903010260857,0.12485320321060252,0.03839121283968282,2.62696007263048,31.16829968470326,271.3109833475532,7620.949876375362,0.16771098838533557,0.8570062975855904,2.3093101282885042,0.36109061000264253,0.6747737164221306,0.19264723610943052,0.19433184815939147
1.927327379813253,28.33314778151869,100.13169660897843,3581.5872256536895,0.7574839592560625,0.30437050723079573,0.7003007555862943,0.21831128576578304,0.834174522732122,0.12567179416490423,0.37230035851322746,1.7340778532970669,4.044120176263011,66.20855344970745,0.016369049788865112,0.09019081398280608,0.4311352143779623,0.05372018230061267,0.11183447155444264,0.026787628326756317,2.26109320397617,35.915489813132176,239.99989299743854,6796.03733543827,0.31659607524161,0.9843202541677364,2.280694982902499,0.3697279964242977,0.8566467290919793,0.22037335414408243,0.3260971836721613
1.7046522096875236,19.396178134344016,89.29916288643516,2798.0375608074773,0.8258350411389777,0.19284309942398806,0.46848086286241913,0.15236523427106133,0.7051565119755859,0.09608765934713054,0.2587807195098012,0.7483914037234238,2.7081004097726935,46.43257048560073,0.025276113680814373,0.10487123965677841,0.374075943309547,0.038927504485360115,0.11372137708144851,0.030029023096744496,2.041906489787785,25.005563615597424,210.0032008306705,6053.460190289349,0.400883987135442,0.8722295357262561,1.754457456490581,0.2582922399168936,0.8817689422962913,0.23717843348780432,0.2731619601020175
1.6591942589266435,25.966995181134063,87.40627311091228,2629.8696750788963,0.749638715505134,0.2033075191921134,0.34679617244116645,0.10492387499599447,0.589995853876676,0.07078416570551446,0.17634398872712045,0.7501487640623439,1.7993912238144816,36.73273975072673,0.023109145061830684,0.08379017970270856,0.29604099364915093,0.030593269920190427,0.05263582403939009,0.01645795054123379,1.8063500828672518,33.11875996591273,185.0863740707654,5309.705924870573,0.38668886501899224,0.9000319088877808,1.7225041568537658,0.2341755108199149,0.4808903071559215,0.18837828161372522,0.7055999071807983
1.7565806954135519,36.958147669421145,92.01325745423526,2788.5559674950973,0.7371554616733718,0.315722687666998,0.43547306994952595,0.1481574134719765,0.812030801814773,0.0955556779758346,0.31670654383739594,1.5230917470326568,3.3693201730009763,52.981189334298605,0.02057491998108229,0.1297228895810313,0.3154226489573602,0.06487406520379521,0.07938991191681972,0.03493697691341837,2.105993182839218,38.5599324295398,212.2616750756924,5853.917319689229,0.22834655263524997,1.2560340746718117,2.002230132780833,0.30719636197865235,0.7095553721707237,0.23156379879771496,0.36171921322863654
1.9171054401128833,19.716829905650247,97.63565325003077,3433.587726494641,0.6865140122824419,0.14699444466755904,0.25740700512972237,0.13997224449117487,0.5723503268383564,0.07406670118024032,0.22067905981757,0.5686347950384499,2.661918356841217,44.177904675548994,0.018901213504006704,0.06111742634977185,0.2143095417881963,0.03501453410782395,0.11250598988264003,0.02101694847556438,1.9918980993765303,22.33738070322403,202.08099129452697,5901.749600798596,0.17162302431133636,0.5805800099852955,1.1094077625766983,0.2028932803718209,0.5479970839775877,0.11041320822601211,0.37554793764908057
1.201542609050779,21.612465547285428,60.53737649234887,1643.3957601849256,0.6170197389692246,0.14947410607127662,0.15515034424201907,0.052201077050542596,0.7298336296169328,0.1200957581990551,0.17499509283634176,1.3818445387902656,2.1709284701559257,27.489180923972352,0.020629513289069378,0.09490037663040538,0.40220432769459546,0.02952101959101712,0.14699591920076324,0.02237846471643904,1.1310484718867977,27.01039751254303,110.9501587437624,4340.712972301451,0.13780618304451872,0.6340489179720354,1.2624122638500843,0.1038157613648135,0.7639175671962324,0.15790260542817314,0.9826167686831732
1.955677464178,31.54604980119482,100.21782553538516,3385.669031863434,0.836402056604406,0.3418388431872549,0.6291731596530067,0.19409043516812702,0.6699732401781454,0.09055068708503267,0.2816398575234194,0.7765220103500629,2.942184999853405,52.195679148474404,0.017439440401363308,0.11980294220828264,0.5600229229555697,0.06050641829433982,0.08713013148139451,0.03539437479041941,2.393540985535504,32.56801077155844,242.24805883557627,6573.61959444745,0.3331698221071263,1.225499473099032,2.17928268347669,0.3838513051518385,0.6618098603878212,0.20815261956373005,0.3190471537478265
1.5571631545454017,26.990840146557975,81.3135566288611,2493.45825324712,0.6109517473629458,0.2227910638021318,0.43036310697310043,0.11505596906560782,0.8045544913583189,0.1360153303269331,0.18113818840637816,0.714975714179574,2.1269485999403934,31.8017372205737,0.021391517173547085,0.07709317014567446,0.34482428744016574,0.03367345877270402,0.10419044727150607,0.026779397927382886,1.7674532602051127,32.12894943660908,177.92627265006357,5553.408770488518,0.3090023807887257,0.8996832005543449,1.7787071884702104,0.20439996572958252,0.910577452388298,0.28426700955592293,0.32653246713845513
1.6868744177704156,33.97895353355673,90.32068215264316,2658.5328068249955,0.7602919264714331,0.3608709213927066,0.5235955940870363,0.16779583685135124,0.8489266189690293,0.10136125984161154,0.24459669834827177,1.5730104796093198,3.100259733900845,41.85722298372384,0.021852381268502474,0.149004086362354,0.3314174470214868,0.07426123839026119,0.11214477417587024,0.026030784987978797,1.8581684208688856,38.07030945414457,195.65199175485307,5471.36141096565,0.36606506857085486,1.4767503715419048,2.1081900293384126,0.3458787956171897,0.8458941024214324,0.2490164339357621,0.3434481638277412
1.8994263471657358,36.88160250887548,99.34275976536743,3221.6141388498418,0.8922292219215086,0.48605539765125977,0.8845390144568501,0.27658197457600353,0.7318634620289207,0.18451601117495048,0.19692632867256096,1.8769741314281327,2.7576506677510633,29.6437551985393,0.027871546324496767,0.1966300805866265,0.7992876289525577,0.09619045416057101,0.08765903432771786,0.04987030086601288,2.0048718559578327,39.726180677373314,224.89154419632126,5833.8017590294285,0.4214706949367996,1.9551479004491572,2.96644054748655,0.4793478446229917,0.6589821154953205,0.39626507692868107,0.41565771406667196
2.0080554420775245,19.2810975081173,103.6210682178532,3742.298639241344,0.7851241902189406,0.39144610342775443,0.7285704052374206,0.23038573892786596,0.87690683673462,0.11960883155618035,0.2617016212171619,0.9465698150355852,2.8795151295870145,57.58578560403153,0.023311807981134223,0.17227572047736442,0.6629000795993579,0.0871336496483556,0.11290766462351948,0.046372680093187305,2.437110395528445,24.525044379171263,247.2984925146122,7001.711787823535,0.34254130617577233,1.293489825705167,2.395342569614831,0.39565489175622415,0.7789899780544475,0.2862986736770694,0.2936939234280177
1.2887687635552232,27.51039745100172,66.06935929994066,1834.8467978318615,0.8604888677096584,0.25057227948311744,0.2759849415396325,0.0745461037289109,0.7526244798548241,0.19304884104832667,0.24490638580121496,1.5051776954084588,2.6657723281475243,35.325676723396775,0.029966068848073374,0.14665008617850675,0.3402486585841925,0.04836693244578869,0.1291723825443923,0.046352491984644445,1.1241286659539909,28.89175321038253,104.08742330533568,4366.953889993799,0.399413620770948,0.9214101369416665,1.361927405013041,0.1401980112794811,0.5143994686372589,0.3084547192547394,0.9019113214275661
1.2379902952112525,18.494125274091974,64.00461855280379,1555.6831202569947,0.6650593974680384,0.23197570227975353,0.49401459485024657,0.08587283128802313,0.6087220918993154,0.13231535473715478,0.16532702953085301,1.314602421898908,1.7244487855743322,25.345510895875478,0.021956628374566023,0.1785467004924957,0.7121396185768404,0.08341580435672236,0.0799509233743685,0.045880358892119846,1.080958541910914,26.29080844440836,104.87989461638767,4108.219990564504,0.1729735986418079,1.215883121120478,2.324451343647592,0.22317858181024713,0.47380720911847063,0.25937228918213734,0.7217808012262624
1.8805936925545117,37.040137215042385,98.06783296580956,3307.803324807454,0.9330891779120001,0.46929477285195675,0.8583003284490007,0.2546675094761797,0.8880762465735056,0.16069277734239248,0.30493876162588923,0.9359875996820498,3.458769283284373,55.0275960740688,0.028761186935223226,0.1457356153073887,0.6896487861212681,0.09127328822180368,0.10909028105313667,0.02896803920569087,2.266027074241529,39.08508316580909,242.19649225065768,6711.132539681789,0.48039550254784336,1.9041076587336783,2.9601296272608986,0.4839164096814357,0.9778919836974422,0.3438935610583731,0.22377992067353442
1.6830165160242316,17.523148956431477,88.6572342061094,2751.9255034694947,0.8974545065158827,0.22631681733798262,0.31161881881603437,0.1336915888823253,0.8382221172615356,0.08958795209421683,0.30142655437529203,1.1930048763928847,3.4453002041256466,42.44421783599258,0.022827183947720233,0.09028151536434677,0.26595164975918467,0.056261052446597876,0.10801240196518853,0.029853580441304175,1.7886866376707107,21.462973300766514,189.90677524465409,5280.845623126031,0.2580076014610375,0.7133387416900059,1.4305480979840572,0.1892210994111863,0.5541568763431004,0.14941045359838687,0.5958573591589211
1.8018966319534806,23.709377960548895,93.85664742392774,2998.463113290247,0.7962569095108896,0.25835529342357766,0.5139116504140099,0.14058693500797215,0.7943963372456877,0.0972866261811274,0.31291769373308204,1.2023561622323213,3.444838989468774,52.69416449518383,0.020793302156386858,0.07451309359302129,0.4277805953826909,0.055120818998374184,0.10861000894561083,0.02722739502577373,2.209772303093606,27.871450521902094,230.68941660392548,6349.027374744139,0.3244506327582492,0.8048829241999994,1.9384526737339722,0.2951395134625832,0.7540941742990981,0.17723996099989595,0.34094078717597903
1.35544771050925,30.49604257557766,70.98029632347192,1910.4272961894217,0.6833335624903409,0.27422906057179364,0.3758725869244116,0.09022126248331869,0.5729205535517884,0.15580290050415566,0.24665615143068723,0.9364101212920377,3.0450867912730657,43.401875459221735,0.02003448328393282,0.1284061967313034,0.4086963812074239,0.06220503954645111,0.13032725888985475,0.03450141138548946,1.5103109358200313,34.44046062406348,163.26277090937293,5190.697101699421,0.1934231424203064,1.1056484095465111,1.6715174678262754,0.17849398583412682,0.5567926340235385,0.22585941379285482,0.6444977432004233
1.9955261615552575,30.658759772511715,100.72488976265824,3431.1050715068955,0.5910807804770015,0.2630101182740529,0.5481312907400252,0.18027385977242472,0.6738342951792429,0.06567634733324926,0.20464556955423754,0.625724667427531,2.509394851663878,31.185428465316523,0.01079637301942743,0.1183899452225775,0.5373459831660764,0.08841687744603263,0.10941051035487247,0.01777699824529614,2.3956825487640385,33.573067006073124,246.9040829597778,6407.9071284784795,0.14717253454054857,1.3627426378222787,2.4434988239770177,0.4345752709162788,0.9219262946414454,0.1845964220757641,0.2737939089258133
1.2815042866042856,21.61150046977946,66.63983861527777,1858.4749244564823,0.6136010150201883,0.20340360711281527,0.4416135028120066,0.06853048280607364,0.5472111251843231,0.1685956842800146,0.15761902465435756,1.368934581660654,2.3636013606155,36.080095065298075,0.01770637231445476,0.1288622261974349,0.6902767894003388,0.0652057307779839,0.09378334094243614,0.046260533481822776,1.0255552645215218,23.950356855035032,106.05649906838079,4184.961479217349,0.16371070668599105,0.767770027932138,1.6543870136599028,0.13133775777724313,0.49262300781501067,0.28141383682909044,0.9710424518386764
1.5948498259030677,23.639971008018566,81.95120762587025,2620.4150551710386,0.5358296900044954,0.14027630299001081,0.257543294749573,0.059086677680110784,0.5249667607557328,0.08001096930171382,0.13110740377075203,0.5751743557546343,1.4151866036922753,30.529351341255214,0.02122508198575946,0.06727195578500032,0.32915567144848196,0.026487009140448072,0.05079154243282591,0.02387476151431382,1.6330640369939973,25.34500587642546,156.42006585345752,5403.740212481594,0.248455675366929,0.6725971805203192,1.4706312669768449,0.1296665578153292,0.43834803092217445,0.16085648476325032,0.9373845937745122
2.05796309299363,27.179654726911117,103.92154048800046,3892.37584797089,0.720027474997145,0.22011486354812293,0.5981063380800576,0.20321258155877528,0.6165627204906666,0.06228559602582974,0.23752279400704698,0.7740780025621276,2.4586709382245644,55.87414224424762,0.017814146954332186,0.06380242846782168,0.3005982193750332,0.037995003675579515,0.05120586744322456,0.021636756166251624,2.5761148989547893,35.10410903075722,255.12646024799574,7191.455922986923,0.4351685523878548,1.195149088860012,2.2744580158991665,0.37810043534179927,0.7156520798675303,0.2582752929072469,0.08865588549296666
2.095729561547453,20.850367686353568,105.52453001090176,3913.723995322889,0.6913585490624501,0.2262748226829525,0.4997211081260203,0.16046413887011896,0.6193509777442088,0.05818304586920723,0.23380432079194755,0.7680284199711231,2.811340769416558,50.61892123028041,0.010471364139790272,0.09052372046058454,0.3021710124023805,0.03548446987157833,0.05310938075981319,0.013551757308952583,2.42132757401263,29.35978465774041,252.25866333650757,6733.759981054712,0.3050341549090471,1.5263480455957184,2.2405324629005245,0.38484653068345476,0.6809984028710176,0.19040626943897565,0.2825003410183126
2.0757614773797717,37.45663035309348,107.8638201365356,4150.611198604628,0.8963279257002356,0.4547861925793225,0.798329484661775,0.2622779914959761,0.7824853732789214,0.12892203943742783,0.42419130568869257,0.8954534400770602,4.578968007774292,88.37667026680332,0.022345235128537092,0.174130717477784,0.622330427149136,0.09253486197823059,0.11598602008277503,0.031898455948904225,2.517338251439245,36.67975901497323,264.69554912633055,7435.800153133014,0.41113145272997387,1.78794563328092,2.6135872300762486,0.4668293769214922,0.8902485580990537,0.30556254187808624,0.07881160628996076
2.3251195461147542,26.65703504301743,115.94111590573233,4822.901292473145,0.8441768651211731,0.40138938074670133,0.8552590860786992,0.2905987843146995,0.8521189999795434,0.13374092984755362,0.4978081293226241,0.8890261245609125,4.934708527512976,99.96090735768223,0.022197846780690266,0.12730747216632946,0.4991474781251275,0.07632382299965534,0.10517565601942548,0.03955927245144892,2.9621114297516105,32.11532323132919,294.88771576450483,7990.465405031414,0.40665021983269634,1.3466538302411075,2.572880893088753,0.4724865589478461,0.8981312592861616,0.26826571369222857,0.028523717437953455
2.4791599298208093,37.94497922683521,118.47883410741609,4451.068155738679,0.5882850949996606,0.35785509380696023,0.7971486102549084,0.2310585664063488,0.7309007684074381,0.06702488744752265,0.31903762066282176,1.0106892433091923,3.889511071679556,64.47100588003848,0.010004062451228802,0.15117598417027356,0.6747668046087951,0.0791180955815403,0.1029394483725474,0.028021179915812506,2.962023381441725,39.56382363043568,297.0700745204303,7869.663878559805,0.14970236937997555,1.7952964392861255,2.933717900544518,0.4762275680636606,0.9270257308258014,0.28307866177202223,0.23352119596872029
1.4859429919875562,24.563623327338522,76.35035812364855,2083.7535984839888,0.8183027653506237,0.27105800571234256,0.2813578796797974,0.08144216629309617,0.8083895536525891,0.1228675996861556,0.14867716098132464,1.170097323934267,1.6691226722358474,26.092581631535325,0.018553606613684888,0.092927007904481,0.2465668836439576,0.0221657259360777,0.1359698106598233,0.024249348302833432,1.578571811767135,30.339482931092842,161.53712928265435,5011.168930873426,0.3663164444562345,1.4207300157700065,1.783184019641413,0.16287879438520486,0.8893988737228876,0.2593438845701162,0.807323551149932
1.939858850654663,20.583105559315953,100.15959139549348,3265.486813568624,0.8668761910708686,0.35917750921696373,0.751343592101569,0.22980561808063033,0.6615827962494352,0.09700987049167634,0.18965046731489493,0.6465090151702932,2.192653295149267,30.082272056242054,0.012730532048857605,0.0869445679780459,0.5455547101617592,0.06813722662573855,0.10015472438340886,0.02970324183942071,2.116388298880196,22.358375365288396,213.701169052461,5851.4369354534765,0.24972774532452396,1.142344409748947,2.5349815512241713,0.3649860393420569,0.7086973286641272,0.19254974354076448,0.28102741973547857
1.2860433180357018,17.85874321831259,65.08706389373728,1679.0772727517272,0.8568239104986524,0.23172364837171075,0.3470625947138626,0.0703448187631258,0.8746246601507074,0.1390972132724649,0.19229320719136264,0.7126141142994011,1.8869363943013853,36.37352869475616,0.020641060549688017,0.08051734760454704,0.41861043766943073,0.03326264123661118,0.13441384710344992,0.030363946305489005,1.0866029857883788,20.45054742627808,102.01591090248182,4152.038379036133,0.23890133277176184,0.8512609448921661,1.594650051722582,0.1398128172399229,0.8028706368612993,0.22937921073435838,0.9320676004378085
1.6164231399321158,18.490313973223998,85.94580461221243,2494.537936813064,0.810887517710241,0.3919638883229168,0.6316058056811167,0.179505638121347,0.8731240339821476,0.173265025919182,0.2041203325100826,1.3545781985586436,2.701951378685033,35.99313326133616,0.021114253772534543,0.18291982480987512,0.5268861458775778,0.07042729516426986,0.14311658894205045,0.040481559274339794,1.8488469502222409,25.0162513315513,197.1493390271317,5548.691446290886,0.25222471712424027,1.7259731284407305,2.374233814534585,0.3228353730501185,0.9804324231676497,0.33316761509941356,0.5018923490993933
2.4761923613406154,36.69977330949815,118.23787773961463,4779.006744789808,0.8658658150602897,0.3640094619308147,0.6358656717038429,0.27165327932605493,0.688415305456229,0.07004988777789174,0.3590852626598639,1.1373840146145693,3.8592871123718058,63.22470212555639,0.01901599439093215,0.10824189592737538,0.34204027232455747,0.06341810045002763,0.07080712727291187,0.01762957893012805,2.8864830206112444,36.76596222798677,283.2296123685099,7733.10071900699,0.3068896828170889,1.1891882830551037,2.178994894800754,0.4342360964731239,0.5214553697974801,0.1782186187972081,0.15537401272151574
1.6576885820620617,24.826487644003212,87.00266089434938,2636.547776765879,0.8319034564024835,0.21746737090722335,0.32781675723619574,0.12511404778851642,0.6289403948994821,0.08005834138070261,0.2540789394790321,1.6478383982047833,2.6241889115780657,47.794554562558446,0.02674706603706986,0.11386418259712242,0.4069410049928965,0.08262112493705924,0.07492927444456611,0.03267010124439884,1.95769544581746,31.844172353918772,195.7520317375889,5916.915642464524,0.3250295664736263,0.9630703406378124,1.8446745579674397,0.29598442483950144,0.6019948914189813,0.2339624602031377,0.7042826009638682
1.8013797590275298,34.979164420111864,92.99834291727737,3274.337490063243,0.5201061614003847,0.14150831193037058,0.3606408810139907,0.0932433328450007,0.6361776337960069,0.05730798326595385,0.4180241765017805,1.1710543214200064,4.574666811156093,74.77002803903,0.02637270774289309,0.09674802080029493,0.5058576891865704,0.049201191883894005,0.13763111237682452,0.026954356778695763,2.0377442767916527,32.46515126725186,219.0352042606478,6348.428916342469,0.10466581014228206,0.6222758832114972,1.444957276970229,0.14227255492500476,0.6612299234494476,0.1115647405999479,0.5057417299996473
1.3449965700787752,15.23965561265496,67.9250856760295,1698.975156339172,0.7279861221396605,0.17139494557590404,0.14250558721480366,0.06141353827731348,0.6969050166506036,0.1056200377347121,0.13549753808170117,0.653583499462386,1.629540897427319,24.87970115514024,0.0230473939047211,0.10095209553271126,0.3143295485943114,0.031610002767918956,0.12276977253442073,0.022304118498034736,1.2768270728123627,21.132105416320776,130.48015595580725,4303.265486334974,0.37615269570787974,1.161822383411926,1.519317889448462,0.16597977746057566,0.9144497345388606,0.24032729856682675,0.9271296114186253
1.5675444069576139,33.89444598452382,80.75018874528256,2513.218294614309,0.5831674966886727,0.2183826626058072,0.5316074410722835,0.09664719092040504,0.5447066203372717,0.10845716328333495,0.2989869323676769,1.4418886149101668,3.59627239165486,51.55955448940031,0.024056840600563414,0.17974640408323186,0.6904608394142144,0.08599332320516721,0.13314991772828788,0.044201588049293784,1.647432516258436,31.933618972593262,171.56001797043555,5287.742247912612,0.11575146625777474,0.840964459992328,1.6985234225021364,0.1696565280358356,0.44010065995446235,0.1424832599433214,0.6622444527030281
1.2151681344435692,25.29717190008167,60.814494126257124,1563.9135100100998,0.6142352331219786,0.15553698200162622,0.22085253845877262,0.05406772145688998,0.6717027501777808,0.12223884326713375,0.11562593354324117,1.6883026183134693,1.306500098210631,21.65470293345434,0.01944580644071741,0.12165156949987227,0.47667470595076866,0.034929327953978184,0.08026776546991968,0.029512621603194622,1.0547342791755328,32.96830229362081,101.30047164346166,4064.340462144081,0.2308911093677597,0.7451621225522107,1.579187384621085,0.11241976665014689,0.514099058206935,0.2129636147449,0.8558257026363848
1.605368283778625,17.386087107579144,82.68688979186987,2328.3505615179365,0.5888250949196849,0.12265502140013128,0.12735064982284583,0.07333083655231967,0.6625947655751311,0.05227496136861873,0.1070436880052279,0.6108484724357409,1.1152478591626487,21.57119941223253,0.019280457863848213,0.064801790234836,0.21035713011239207,0.02812737297516611,0.09100613175506397,0.012744198518133316,1.4920782448799381,22.80609213146021,142.146589440189,4694.36721997534,0.21652506846922534,0.7664058995124825,1.3355837134796587,0.182966543204786,0.784056033335519,0.1099595901816982,0.7468080431641682
1.9125117661346727,19.089656572979006,98.12879735704985,3283.333729463859,0.747299820484663,0.2505669147902239,0.46789971524668134,0.1777847388801991,0.768281639107857,0.07303692437451789,0.3365029799784527,0.9000209567798734,3.42224487505101,63.85277883629944,0.01890482569706601,0.10166819451440741,0.34196615917200923,0.07511219473424476,0.11874431861366362,0.03152326076306676,2.2172623482499123,23.91208122809999,221.30016737104484,6536.790319429078,0.2296168330093354,0.838133441697535,1.46389950664434,0.33139961365835047,0.6836389552889598,0.16810845449447276,0.4006933706728434
2.2383533890242426,24.144072826853236,112.35601806304474,4271.443068835134,0.58623874201965,0.30030163061584103,0.7708777226337761,0.20060849698945163,0.7533922484367352,0.08548833707565784,0.26360073656769045,0.6434948542406489,3.316848274577937,50.374590316877764,0.01912278234704571,0.16423423491554398,0.7718776844594526,0.094772123742865,0.06467898199254096,0.0456673658237413,2.565796506254797,24.37414522337573,258.223168758376,7197.800869517632,0.14967407093680501,0.9538338304884176,2.6563351589906303,0.3770387077099972,0.4730935844432988,0.1978161297966723,0.254970877414951
1.2436574378230927,15.46380399151401,64.24941319349541,1669.7232416638733,0.8382217626548576,0.22800077230671495,0.21031902961064636,0.059028587227754274,0.835286203151891,0.13453317186084657,0.13073545010476645,0.5590140612807645,1.7613819762902143,28.30572483485088,0.02301227436480021,0.10416876190094611,0.36554945181782633,0.028454704606273078,0.14104091897620194,0.025008513512727464,1.0516238655195893,21.182903492681355,104.07344641578047,4108.14831805205,0.3344015691254742,0.8717560605893787,1.5211782660567925,0.12780275532440932,0.8739492696605199,0.21266740814884338,0.9758785509470771
1.9546168119253209,36.78104682942648,99.17149468507317,3620.730040357115,0.7199628004781106,0.20448769731630184,0.6113414865925452,0.19320279111388952,0.6483170214889785,0.09405311114768783,0.3888103503189313,1.7020166414815832,4.076045297962432,63.51326386744284,0.028072769827848114,0.08755678839345961,0.38014745781349557,0.048282090709850546,0.10051649504342484,0.01896621446662265,2.5944619642010736,38.97852701815251,254.92886388813153,7342.2231333634,0.42837703407997413,1.1409327477487368,2.3738219407751466,0.3802714084218745,0.7998109923428648,0.22240750551438287,0.07798198958229752
1.7925680198214577,33.87286895852866,94.05871559190025,2896.8654214194794,0.8296483926018698,0.3892730850240643,0.5329110070309032,0.18663881763647966,0.7050417926336253,0.12659628313764118,0.14821960179797386,0.7233707881493734,1.6288110543709222,26.29597960627279,0.012200437420400199,0.08864979975073287,0.2941288053133541,0.03056016485579199,0.0995184098004976,0.027999962323758214,2.0180701777609027,36.15424967342853,209.71734434938858,5784.164877802121,0.3673154769473628,1.5183092329667465,1.972751153153247,0.2998412362875205,0.8947509216544969,0.3105937877418341,0.4815409676992911
1.7457605313346578,24.84100301128333,90.56582382990055,2806.977857082027,0.7686358187752703,0.2781221721928645,0.5835359489748269,0.1332631205109514,0.755292912333425,0.09424990087186028,0.22042117284831467,0.7920009891021331,2.149897947860557,39.745008169881075,0.02113214310858606,0.0893003498871278,0.5019277555928412,0.0348469865038078,0.07941639982845305,0.029768269682341433,2.117772924933974,30.360441499813703,209.81792896593998,6026.041439824521,0.4261271475914182,1.5007852047266048,2.615237104741479,0.29455630135260025,0.8687676312784605,0.32973210404718234,0.22913232730043498
1.9600536110882496,18.810233761543113,101.26422069760888,3851.606828045298,0.6923762971249126,0.4054860110540047,0.8044295358172184,0.18751232022075742,0.6784516425241183,0.15665400520204045,0.40627349841692917,0.718813158502699,4.403726923739743,78.3983677261073,0.023567497567497864,0.17782428777220857,0.7077022947455786,0.07872989418371786,0.1048985780076295,0.04532097304597811,2.4050237492383535,23.70165137991361,256.3792671110986,7176.629290710077,0.3047657788683406,1.5862656691050911,2.8475635824849777,0.38717426121713916,0.6662527320047842,0.3586795592622975,0.5253538148657867
1.243917867221397,22.825939405296122,61.73130678820141,1561.0901924354314,0.5863425024751219,0.138497269028561,0.1506808414773882,0.053287417749924924,0.7063683807656737,0.07849157721221292,0.15274314894752566,1.632577727375103,1.566757391767086,22.750664647903296,0.028144100112799032,0.10455654425003276,0.42182599308216173,0.062495516768192844,0.12048257149478059,0.022319075813949953,1.0438343568824884,25.860067343212123,101.01741744106214,4059.441987134557,0.14573297954346753,0.5528884683111921,1.2373452263977596,0.10817415244267066,0.5507968996490785,0.10322943253291186,0.8928934338850675
2.3024754729402637,21.37381202241002,116.68981905828193,4361.252540847923,0.8149575247965293,0.44843957826020714,0.7956658130976925,0.26746781431906386,0.8896747903370467,0.1321599240342803,0.305272005248075,1.105341682622489,3.5998372804487793,56.736418506169805,0.025094431396588526,0.18435625935456604,0.6910306230014941,0.0978166853185696,0.1330587354977989,0.043999287977612586,2.638162135202524,26.35090427732944,280.1960368942068,7335.197799237188,0.2974565715715387,1.6903860214797302,2.7289642398221834,0.45567963535126704,0.9320966075709638,0.26295966953366195,0.27444293668473935
1.9496921898718633,36.7964221507335,100.50188576909831,3458.6167812403783,0.5810514477557689,0.3612319092190657,0.622979342030245,0.19503728706884552,0.7888009563946258,0.10546371578784877,0.29133997469297174,1.224736415262909,3.5629904712854743,58.08008955547059,0.017177066448476188,0.1169080361520918,0.37037112408992784,0.046514932291188985,0.1256131491060157,0.021056206956876725,2.1758414897554514,36.721262272130524,236.04126754295305,6325.445296324856,0.16951720261779415,1.3543982277123054,2.0633531810822143,0.312937959493423,0.7602476516165966,0.21446929770189693,0.4126199874630633
1.9273324947685972,27.39563571569788,98.02993916917622,3186.75270717752,0.6125281982241316,0.18660876735366289,0.3721883358337404,0.14810082569854935,0.6614324611000649,0.07671151751899276,0.3215235667642306,1.5829837369581363,3.3350424215266505,47.94584702359322,0.02463302731052852,0.10349078972084745,0.31541023776206994,0.0498239959369865,0.12461098215916827,0.03629511344010477,2.325338250545536,34.830442900906235,237.42701784047344,6340.280033986979,0.16935885581997362,0.8462408823745713,1.745973695046346,0.24268718640231576,0.7400842655540414,0.16397186550913467,0.16179806889229742
1.4154998318416478,15.129461736789919,71.96556506182816,2223.618535553392,0.565603640046897,0.14777864685743947,0.3809897955927586,0.06078885103217903,0.6061443145394265,0.14013805624592082,0.24057510884096325,1.3295877752089496,2.9705317107505724,46.528096390487235,0.02939704272876692,0.13647364832766282,0.7752889341087702,0.0896113487275058,0.14459489489639185,0.04918632154092148,1.1813292744499924,20.030304505582937,110.41087808348958,4480.31557457241,0.10481715406837012,0.5020114363845097,1.4326724938762092,0.1129798376720599,0.49000615278913356,0.12944020177062873,0.9800388533461522
1.246067468519548,20.618656916476727,61.21310436711516,1512.777724784914,0.6541362293028729,0.11329885036138147,0.10535826739419552,0.054424784866239626,0.6256151458059809,0.10235982933452387,0.10184514287732546,0.5499204873365905,1.0173512212762568,20.00865602522453,0.016345400525360237,0.05747543763491389,0.21815631651988318,0.029423869956176994,0.10783923461336399,0.02675645092044445,1.0251777758335368,21.9189214855204,100.1031983857506,4026.791777586813,0.14084956869319704,0.5122814186386188,1.009783529535982,0.11378409159973027,0.7249503224983005,0.1574303284907854,0.94564441437901
1.541008378747742,16.02114560424704,79.79720716219657,2552.765920565085,0.708165501867595,0.14748498111462136,0.3633062662299521,0.08216718954260946,0.565512569304698,0.10797524364334257,0.31003494055594794,1.7067242666411193,3.5962529574425885,53.50029836585908,0.02536630301404155,0.12638557873622974,0.6014516625752547,0.044927771137636914,0.13922300670033605,0.039819568876212255,1.6082469634744943,21.37697388475615,160.44274107727546,5236.986045584661,0.1434972637653931,0.5652752533842855,1.1974400664837663,0.12007546681163683,0.5058041522852628,0.13062177893760965,0.7638513608170936
1.2034806529246331,25.770950426754755,63.91463752669052,1518.5505167048013,0.7703001712422456,0.3630961114380693,0.4495860091549442,0.09569729885770778,0.8939199110808774,0.19901941632369824,0.14643891594732025,0.7955340590738667,2.065838278719263,26.149875855285845,0.015002900797886302,0.1561135849139238,0.5482376622082812,0.06113568183488187,0.09959283399584205,0.04638152961268949,1.0628909375096356,29.17803801622988,115.56573188821237,4077.4876636565505,0.19455268925905167,1.6081675783862674,2.266261331030581,0.22303983616422268,0.7799501632673181,0.3853552210261837,0.6885772402019601
1.370742654611863,22.114400179989737,70.19865154391086,2079.011555422946,0.6272467738807596,0.11999345818625791,0.28448130704543323,0.06063727138593199,0.5101169476423095,0.11575386094974549,0.2129820297989775,0.7787960223532601,2.474590169214345,44.63562960280489,0.02102347434169993,0.0966121479521939,0.5319728219727284,0.041005326138389676,0.0696423326970309,0.03606462236385047,1.3597191075490456,24.640095962332925,129.44673272945644,5069.513907415368,0.25191422319443685,0.5762907708510072,1.409652800856024,0.1310398015894448,0.4023170643050806,0.17637856245777153,0.7752616670742433
2.3859968983574418,23.94102300355071,115.09829876669158,4414.228575609149,0.5900109031376669,0.2370856931053157,0.6497228778702652,0.2045574486575961,0.7351055080790613,0.05679922077696046,0.32400071221069404,0.8342483005768704,3.505479318426299,69.11682063146381,0.010101513238261091,0.09977203769509818,0.5837030216358279,0.06206291286995673,0.11009676043937482,0.019841338416378307,2.5746788013503283,30.34041774857522,263.1729600563407,6798.3156248041205,0.13110740777934007,0.9479052841425166,2.2141977543931253,0.3712039240106658,0.8566036166064394,0.1475237779403058,0.4204466517205169
1.4554362495025188,17.3326747559114,71.99788118028064,1866.3475768410992,0.5197042138201489,0.10166076576515258,0.15622916201556764,0.05653321593562098,0.503589084327961,0.05458808496856535,0.10184794844992665,0.5063548550754451,1.0465421075045553,21.19798872055748,0.0100935255304757,0.05028060556426272,0.22313917551479012,0.02059079698633638,0.05008602100251349,0.011269440630861337,1.5227614832278307,24.544107945472064,145.74037132830367,4908.10833556964,0.12648380783834795,0.657392009688669,1.811098333224896,0.1731485570841626,0.5920962477142233,0.16247004445074104,0.7870984617213878
1.3513710350814951,27.092890585801303,68.05544634142971,1783.69212547786,0.6158077027583053,0.15306470262000388,0.2276285600700937,0.06934406046012068,0.7446133112227058,0.08632513485200877,0.2057215800494729,1.8119733100068638,2.5288260462808143,38.14124076692766,0.01607117951591242,0.08588284152144557,0.3177190434081531,0.04898513543034949,0.09684066325546536,0.02874445345784488,1.5072615658980064,35.40110852787161,139.57277209550034,5035.224732566454,0.21503938180479185,0.8068127806443114,1.4234365214013938,0.20800731300681544,0.7124198678448236,0.1925188263006822,0.5698161129193268
2.2319965584048034,22.612550452611313,110.68447931102097,3984.06529680897,0.705408927792292,0.17080740347874734,0.35659066199972933,0.15039291269964464,0.7144547924719584,0.051059912927136436,0.2897881809206087,0.5814286067611543,3.3398095501929816,53.788872972707374,0.01329471415276279,0.05468533737512811,0.23195745181251928,0.03741384196779263,0.06328984909293965,0.011877819654408962,2.745403242507496,26.163807834315225,275.127422537013,7388.028264786619,0.21747863674207152,0.6679820890218637,1.7716582339265647,0.2605417589320478,0.5619367082543911,0.1040135160102838,0.2947602617465094
1.4478085791201372,24.92938411115914,72.26845065534228,2103.205067566827,0.5257689027953679,0.11896225625525497,0.18492392461270657,0.05502617314230893,0.6634457837568253,0.061059652686252276,0.25573082593127294,1.156783617230913,3.4330556821049436,40.250239643692645,0.01737696838437992,0.06760053420071635,0.263332244663679,0.03221946062774008,0.1232025586656989,0.013901202043850956,1.4718252446481497,27.987797894290235,155.78061049681804,4889.289159988059,0.13170431936611343,0.6305175179303393,1.4068936619735808,0.12772591256935142,0.6318027091303094,0.11940304068936872,0.5969642366221395
2.496213268279949,39.74980170180376,119.89142547055796,4999.74894428879,0.9252313141104435,0.40345251898873036,0.7845301853259103,0.2780046839315844,0.6841100743471474,0.12479788569230776,0.4088654304380351,1.6327489733790475,4.340051024262893,87.56180068091216,0.02131523277191733,0.08644742754606419,0.39147391189577796,0.049772438011325165,0.06371417531921642,0.033949845352959654,2.7958144117804933,39.960883209567896,280.6767112079708,7715.559035802038,0.45706660784366027,1.5469010534455416,2.4763465470060004,0.4398720241129287,0.6791239162688876,0.34161805372203174,0.2170797031613989
1.3048000473373922,21.450842160820162,65.37387501121596,1837.1352550766078,0.8706752170953117,0.14986813734219712,0.2110937570012193,0.06609021501864934,0.8228518300897323,0.09508751209079126,0.16068873106872347,0.9428303005371,1.947182106458551,30.14471596053954,0.028902467133938646,0.08358352954567472,0.29796764227417755,0.03394321653151639,0.09613142059572198,0.01847775389091144,1.2161274815223146,25.521332468290044,124.2969406484498,4812.667045035841,0.43557625088971536,0.8100909216559021,1.701893834364266,0.17049761563156765,0.686210406278777,0.20877392931888616,0.8222550988682912
1.680568607768773,30.364386663177896,89.18118295313461,2723.284496431299,0.7766564190951388,0.3098000538206733,0.6809439974596965,0.1665629074333711,0.8141872181043587,0.13341311059484107,0.2330172137774806,1.2611162920005226,2.678309990897184,33.56604036027338,0.0273987325554635,0.14858158590858964,0.7533153707959139,0.09289451144062882,0.09985626618321061,0.04651506769441523,1.982782723308924,32.36655345774476,210.3894338339738,5978.2132501548585,0.301022320229292,0.9132581696514754,2.4855589375318115,0.2783017035041386,0.7166455133734027,0.19996705699093886,0.5072384396574976
1.3272962408938536,32.85922604659424,69.47947574872518,1832.0496163610323,0.6757961582739959,0.28917806540338326,0.5934818273831497,0.08463063468989741,0.8346799911439704,0.1354591612845088,0.18235805806953728,0.895812445111368,2.0068246689681777,30.215550828327444,0.02579187961662636,0.16784220417732515,0.6440576281659659,0.03999669192075786,0.14656487616855238,0.0388751062585454,1.4211715641088025,33.55242775581206,148.3695146903783,5046.878022000935,0.34574325239056586,1.7325334029156736,2.8222232601514867,0.1936516629758971,0.9907330196063973,0.3445507844220951,0.7140440610721785
1.6046850465907023,31.73696137443316,82.74658903400902,2477.766453728832,0.7000065823629541,0.13859623144600217,0.290914788757693,0.07498840526777305,0.5628806558676798,0.062311338826205744,0.20558098204598932,1.6858432887275907,1.9761502445412462,35.29110182463151,0.029005115954908255,0.07541835120036146,0.29586284380637085,0.03201505708383743,0.10258368348052463,0.027710071706035205,1.8097192453313495,35.73869463851363,179.14410999846288,5569.905865107883,0.3625596040679699,0.6179984609000956,1.3635149844620669,0.13212431601428484,0.5256537602310178,0.1227576889350755,0.7641094787383708
2.310224365820654,38.65659380613511,113.39233277935627,4075.752204329344,0.7166947397321723,0.20852519213782203,0.4326072227403901,0.15462387115067625,0.7759188627160128,0.05596852928251701,0.3972145110793825,1.38043740618727,4.211961020097096,59.399203872621214,0.020213804135436386,0.09251506513641113,0.2673907125281424,0.04882067413364047,0.11054339342167398,0.02647515389614208,2.611226692791601,35.52599001299699,272.1103977058963,6911.095118382919,0.1995875838762999,0.7410020104860174,1.4376099025341067,0.2239511976040989,0.6913125843318451,0.12792290628836178,0.17878640370259297
1.2078603932342913,22.64033245621235,63.04507464439738,1529.7668137365533,0.6671150450908431,0.25753236706813976,0.33580289201512614,0.06514461041789342,0.5790084005816433,0.13620171004389992,0.1118028267183093,1.4325596075282845,1.4116408269907668,20.66866800392474,0.01585090799662999,0.14758841860080116,0.400612293315573,0.03277999169287491,0.08025599275855981,0.03573164173141884,1.0243380361358634,30.55886899569786,104.73382307631226,4061.729485108592,0.13982849398206185,1.392398605592595,1.82664073418555,0.13102525785754948,0.46186100900471716,0.27061292424751193,0.8046576736724084
1.8581978649005118,25.97660724440113,96.26000502818253,3078.4089440212874,0.6702528442600537,0.31332788036229803,0.5851973558560136,0.15298589645571975,0.8395400433324289,0.08599815178165447,0.15640567545946443,0.5276325721357034,2.143278099983764,29.742428052522435,0.013277995563247515,0.12860110118843227,0.47542678006351297,0.03494126465338774,0.0692751821625962,0.023658927144784434,2.2354921455417323,33.7340055100944,237.83613161983408,6279.619186568009,0.37646914401191844,1.7723094416177756,2.8538335326002207,0.35150183333369045,0.9441358562788011,0.31952040862581627,0.38146514192617953
2.0752593879616796,24.064248845018813,104.40584828711134,4101.529611424645,0.859925426107604,0.23966886228976358,0.5154998641973324,0.1604801577156921,0.7931503228777343,0.07613995236160459,0.299319511976748,0.5638867438384016,3.535225151788901,74.60695038182166,0.02438457861735436,0.08201989357107206,0.252364787028848,0.02540049490585911,0.11568387153923039,0.015408165252987268,2.3135004412391034,28.722795390291814,238.2239775861319,6768.6346232232445,0.4473304420255637,0.9796250157559755,1.8243570309617156,0.2611856714423197,0.9143238161482207,0.20059425650109436,0.2098943284457126
1.6140845184015196,25.179585063025097,83.88822894010828,2547.4983479126545,0.5641466856578211,0.1275366923870401,0.17438871598537642,0.07754715633325304,0.5984578723610823,0.06325290423875873,0.23984550395359835,1.130733037809054,2.3555313931927895,34.36764621523345,0.018239595468309906,0.07493817444393719,0.24950552125514244,0.028819117493290903,0.09664368534030388,0.01949023776972604,1.861140490780983,27.971246606228416,177.7154725235567,5806.928231017151,0.10494729750212985,0.5966016125062196,1.1264039163753625,0.11298686163902119,0.49610854575777497,0.11994044935106432,0.523949952619329
2.049816325317871,25.63268910425791,103.52618439604647,3844.479522502995,0.821886537372134,0.29977092103509717,0.6342905738285076,0.21097054217576244,0.8204258765917289,0.09373162721710834,0.2526016106077552,1.2022585224705395,2.8767950719181146,43.542927635363725,0.02122615176544533,0.12234447437964382,0.5110375767982958,0.08018042939658775,0.12460447941641992,0.026364246279498484,2.229232804564043,30.66464125716386,229.2336574002687,6365.44615140933,0.321000002078261,1.2330320884750625,2.287194200411013,0.3772797767671245,0.8359067023558818,0.171107260664875,0.4282285043307868
2.000186543298938,21.30413895598114,101.13069036659792,3866.4056704256177,0.8482178250971127,0.23098298224416816,0.6643965132911116,0.21840001209917628,0.746124663947168,0.1221681028053955,0.45256526627384286,0.9097479036708617,4.214068857863885,78.76237467998394,0.029154863777173787,0.07604967431013324,0.6058519522589317,0.08380947149039543,0.12330392407873011,0.04181931441972283,2.4678735997590255,25.599474686260532,246.4008186842155,7101.493002946976,0.3565066614079007,0.664902113528337,1.9555246676910016,0.3137576422235712,0.7398376459485249,0.22686281871582833,0.21779913960074415
1.6273530071793485,31.41019515194838,84.48365223544445,2421.229887684755,0.5121974199774365,0.14185390421389812,0.12495969329988788,0.05791370208564298,0.5319158619192285,0.06141014080677674,0.1289834388073364,1.0361895168584923,1.471409370218242,23.281755925278247,0.0164677352505245,0.08835766113092579,0.29735177165535415,0.03404987580006986,0.09808319492097005,0.022263101965905113,1.603467461557814,33.65496579272496,157.97218014944056,4887.328228624647,0.11069338777035173,0.6474133130648851,1.081505800104626,0.13690346621981947,0.4796035999104874,0.1192135705744209,0.9398941336548251
2.4946601489278124,26.235634977104663,119.77925944515191,4963.028579831075,0.9077020371522279,0.4059888461211926,0.6761301174326678,0.26162531064334393,0.7938545901756502,0.09392983887407443,0.43261079611226455,0.6268632975369539,4.58894497272785,91.12122194502433,0.021549136665247957,0.13413862460489442,0.3082400703766588,0.039293749115539435,0.08846127541862521,0.030881095369023656,2.979686303002763,31.739035027410395,298.5082240092006,7994.778450212162,0.43944821925278393,1.4910823885497064,2.301614881042615,0.388937050303395,0.8117567227484699,0.2481814541435922,0.3307076321279367
2.410419024543492,26.800380272547564,118.38412540797589,4474.043890617511,0.9234790462175944,0.4676285547781385,0.8670143393933476,0.2787407770570907,0.837380498129253,0.11244691981777294,0.45125757835053926,0.8154951786914291,4.49045497699251,85.34582495633516,0.01331593527348562,0.15046478677706165,0.5169944884314609,0.05995105477955689,0.06377852404372944,0.03113003423671148,2.996361357810388,36.78897676608284,299.24718005388553,7980.424367124984,0.4680465466987068,1.9831497114225538,2.9569708571936566,0.48251368484781215,0.8973927734224699,0.37716487876921867,0.05279688573289765
2.230636951075086,23.90984837682557,112.68791364159124,4188.9475501127845,0.9343995196865093,0.3733582961064578,0.6200147109695865,0.2382519673602345,0.648078821482048,0.08184425957708626,0.458890334240022,1.525039300421115,4.743059870420471,79.93527805473477,0.027874582798072478,0.13078725127201218,0.3522147804976712,0.07751067764973445,0.12840194856780715,0.024834668147730082,2.404145582914433,29.58880026476237,249.99789098667668,6673.721068447673,0.30753062218893196,1.1171361105484134,1.7233544703525048,0.3238044100753806,0.478703332213807,0.13913244762949908,0.288918510417167
1.2274796037610411,27.791553773225175,64.91437652451148,1557.80753745917,0.779426309683502,0.3818512280881725,0.40045233817846443,0.07588168162969926,0.890370603729617,0.19418254576784164,0.17355408639243008,1.4524727792671743,2.185358754894263,27.437206617596416,0.024627497198112653,0.15400775447443024,0.44858029443881925,0.06460140497923253,0.11685329399184256,0.04719894173291238,1.0750092630943433,30.961866528286546,111.89349363847342,4121.936608957576,0.2648050590105616,1.2788278278214376,1.9269032371095418,0.1652120234265914,0.7899998227174037,0.3703781808996461,0.6413973039941496
1.790554916181006,22.9730454705298,94.68974550303632,3063.18898949175,0.926521358355278,0.3636880569370239,0.710213347674032,0.20320415811797324,0.6429455875996303,0.14366904079387363,0.35213224397136494,1.1583676708742838,3.6370214263073803,70.3783136150504,0.029419489789309472,0.13598824124441508,0.6635538501676299,0.07670216808671178,0.1279647288524996,0.043506034729799484,2.185498099392609,31.047314840144892,224.12494324647412,6500.190312255583,0.4627520679329403,1.009246270830225,2.3079698826525226,0.353767767514731,0.8060641080558039,0.29328375941239215,0.38740339832030374
1.7497169241129507,20.07746841714242,90.15501298424428,2896.5894100068194,0.8023639547001528,0.1815425715509456,0.4313889468579447,0.15107627965740092,0.6636606033593064,0.08347774637522205,0.13651711748171383,0.8774520404022517,1.495593139798466,24.550520671487053,0.014146005049133423,0.08273764006369409,0.4339266727513768,0.03881037493266777,0.09775235484314612,0.03082523097756045,2.1107000863728778,28.81722923498734,205.4967515354397,5980.470984337069,0.40846806310037126,0.7817257801309931,1.9323582633886511,0.2762943111961121,0.8556466537301985,0.22369807788697452,0.41990376063268203
1.6272783017095414,29.42515020014168,87.50423996101276,2648.1972896637526,0.8329064610433046,0.44316151558567035,0.8257034951198227,0.1886096298453444,0.7590890773503952,0.17762604990030662,0.1960854277187995,1.7242052215919854,2.8044846789561593,31.585277667039325,0.029302578311748397,0.19337418476149193,0.7994995063463506,0.09910161912783981,0.11911906379223935,0.04963875411003873,1.7300015807000886,33.702335829032194,186.2148555883119,5518.365785612716,0.36041970932173045,1.5766441855846292,2.9182072234891407,0.4188590278855656,0.6766263626837771,0.3623787436850244,0.583580089373444
1.6703663502624988,15.875369275987923,87.07862924991217,2628.391469696355,0.7886979698889973,0.17779147476860588,0.37979212343821617,0.11817078093409839,0.5679917494859648,0.12475949589032918,0.1370190544680365,0.8979480302821441,1.6214591318001002,30.05245437403539,0.013949221916310959,0.07027510496208045,0.43707165477294396,0.03798198414498994,0.05461479735658259,0.023116353738818977,1.98901298810804,25.067458012371176,197.60945776775105,5837.376559958834,0.2676734464349096,0.9200495758350999,2.2684020068902293,0.30642638192844657,0.5474592764001552,0.22926300314761572,0.39660386206948295
1.699483549172351,15.876957130433404,88.17593933251827,2801.2811571187567,0.8171958096647218,0.12905785843255524,0.17027847988999334,0.10881429909188084,0.5268076176423858,0.05980273318398582,0.1313234146945595,0.7503255707453346,1.4644904470038658,30.072651380121947,0.024955197493282916,0.05018148183047767,0.20034692214141483,0.02560298388761409,0.09268539802929152,0.010884426794760534,1.8635458857733556,21.17321655160905,184.9852679891708,5627.032956607996,0.37563379016507625,0.5361844754031352,1.04409357081352,0.22316187588592243,0.5105031073031485,0.10899675486532812,0.5181856839391199
1.9184477097219326,21.33275038124942,98.67807830652337,3510.0405345760837,0.9023535136113535,0.31879539556185055,0.6643050894348087,0.2077394275642787,0.8556597518363395,0.13379029828943306,0.2601536423905656,1.393161424527101,2.981639818640151,47.5819729110353,0.02745898845270564,0.1396261269328031,0.6160147005841199,0.0745170301092447,0.1381953384440432,0.03742227741107147,2.297098950339142,31.190128198914504,236.62500146475105,6721.182895633567,0.4724394730590171,1.141216155874961,2.5899647975162035,0.4109535640832142,0.9802648449104883,0.23432282077606167,0.12686315884416155
1.4658388488160823,23.717621867643036,75.43723374313485,2390.6286581774048,0.7209259062077568,0.23951775416169,0.5131224676791942,0.09385078120410345,0.5980006516729024,0.12398872955817,0.29188439394667637,1.272129568808696,3.564154243010613,49.558358752567884,0.02860942351917626,0.10874344634597857,0.6369379287278507,0.045540631347388776,0.13753392289992367,0.03386675290508532,1.3241421673548517,27.121375992434817,138.67149532633692,4659.710000703565,0.2108974599672814,0.7053706575697828,1.7984142591893744,0.15922319991060746,0.6359841589036533,0.16222260163251714,0.6552032628938024
1.5275484956867988,25.46952595893365,80.24292650947295,2220.6882838494253,0.7804503670808729,0.3257139659761166,0.4896655122791346,0.10927820254924912,0.8146280687690111,0.13688350271206282,0.21405934053408515,1.8267740853872807,2.910843413942532,32.86363270693685,0.025123693569711253,0.11239676978679712,0.418251070447478,0.03988332918580502,0.14792767110266894,0.026968497397978616,1.4151897342669235,30.724905259573145,156.60280603625688,4696.855351858708,0.2502171488034546,0.885420332601615,1.5161018887936701,0.16871013169037907,0.7447729819227461,0.18366384683660353,0.5787229949260319
1.9407297209367338,19.49475341348207,98.54623374962468,3574.3238116617727,0.7550182746087657,0.19796578551251753,0.5771868830148589,0.18391547017163246,0.7435541644416995,0.10449925041012398,0.33424557484830475,0.6053783298711977,3.0201085165705286,68.41714056856375,0.02199594611566294,0.058408542001507746,0.46175453278656947,0.04893623096739937,0.07148376987556228,0.019466686699857877,2.5259476915058383,27.576221652918967,246.14497786273034,7341.898000623004,0.41272652509351015,1.0059062931470755,2.537406275388136,0.36365363607592843,0.7669500916645929,0.24386269656033743,0.1692173382155519
2.312032576138429,27.896499859133314,114.43688107677862,4672.528294737009,0.9048472396212037,0.35158207528057583,0.8244019228765675,0.2723191579622757,0.6421904158696149,0.11129942463884485,0.4753718648364655,1.276544787263146,4.695290491363412,91.82842537400717,0.026083338970344375,0.16301675056364168,0.7523925909327833,0.0970773856026905,0.1282680255662078,0.04320733632087871,2.657621014453566,30.749401001000464,268.81034973350256,7593.844131095493,0.29168595682868065,0.9045024495565701,2.601883736702676,0.4173254695625109,0.5663263870459703,0.18395630958032583,0.1949622453168106
2.20178299318653,31.009286527912757,112.02368185768776,4142.365255573141,0.9128812627202212,0.4022365327086968,0.6755796385240983,0.23231433544782654,0.8785203797872981,0.08389934002113338,0.26059073351398454,0.7412961519822678,2.963543681894627,62.74652730886683,0.010701617691240119,0.06180205077327259,0.2924211935710788,0.037010107347816686,0.06456715918649819,0.013420491143832085,2.8377111580422576,37.721050341635724,287.0935193239251,7744.787660970719,0.4110537884256732,1.5854090357999342,2.648378583051371,0.4620147984146977,0.9639155496371103,0.2140186202669132,0.4074242932845577
2.19355377843703,23.447676619713118,110.8657482662145,4214.102686246506,0.6250236275141405,0.27655409321533125,0.6874562299626473,0.23137432766320223,0.609700521226093,0.05898062492860511,0.24095723347600115,0.5103530199473085,3.4058885199309294,52.32725160576346,0.010271933651649853,0.0925591619297122,0.3807269979436293,0.05154959851701368,0.05700504982715623,0.01507833021037686,2.577797520326444,27.187282103496223,275.26329237901655,7117.5350574121585,0.18991580994333415,1.2570786608739304,2.476684504781291,0.4542872561939817,0.7495875523777951,0.17303002213007804,0.37068718761815084
1.3700065555610184,23.319410626539867,70.13929174658422,2013.8240394051807,0.5669627757448448,0.13542946003707243,0.3106584178069139,0.06947241951385738,0.5447161872296693,0.07876346696886406,0.25780783898787885,1.4181940591257096,2.751542485639406,44.4289640601634,0.01958290703228077,0.06515712484728257,0.378668408933344,0.031314206005892034,0.08389798849625542,0.023326344222393876,1.4781024662190818,31.470623154622498,139.03573396981756,5110.36795395802,0.1785474357576938,0.7010656969714659,1.8819739835768463,0.1453775989081544,0.4625210417364331,0.18101238331906697,0.6439586268195551
1.2268498402159176,18.573171265684806,61.518591077520895,1509.4088530337617,0.7448556095939632,0.123052248576833,0.11319241776706335,0.052085225879046314,0.6810323688260878,0.07315332780845901,0.10573046891291485,0.9443425107085158,1.1031732979342241,20.227745311069455,0.015994021114603463,0.057407528881600806,0.20190792245820377,0.023248792682888163,0.06231902756693673,0.014246259467628197,1.0045399677935287,26.244478884911473,100.4485161746203,4009.090225009982,0.2541603782250257,0.602427086632782,1.031729375823877,0.11944232045753923,0.5389111731964074,0.1364725487016709,0.9356820766597163
1.9044483808106496,24.95353666085164,96.77772882930442,3152.807210618277,0.5833387126223338,0.1497067955864604,0.4991380610579058,0.12514790046754418,0.7188959095248542,0.05608197566952405,0.15054344377842066,0.9204343111092679,1.9442155848655762,32.856617533665634,0.015303198656533254,0.10095077748733444,0.5531109767115951,0.040029102144804166,0.07946787574533813,0.020559728212514304,1.9440926800172196,28.63717584886428,206.35385304867307,5632.523648228595,0.11638665248551376,0.7463355964982163,2.132561183970341,0.20391738462936207,0.7030969394779623,0.12526565254678373,0.6740464900280447
1.311694431514701,29.360497856079885,66.58327263432157,1850.0104410189483,0.8715244652822165,0.24695200320651825,0.44825703067533396,0.08019424257632447,0.8718609260371897,0.1945147759000856,0.30592375884979506,1.9438148491722544,2.8170667987913953,42.03491000836359,0.029747493043817838,0.12158282113412999,0.6689299777585527,0.04259897313801938,0.11886189724199736,0.04932330757003119,1.5077565767202723,38.197678481685244,144.3198931689477,5209.710308003042,0.43648536425567186,0.7922186187004827,1.9178585977854206,0.16610560279770017,0.884777894549508,0.32050864500978643,0.8673012005061846
2.1962656970756376,26.231095328999373,110.07421469235742,4385.79190506482,0.7461559248464212,0.2472274307468917,0.7618551257782256,0.24365122469761905,0.7134723377716957,0.07387054290311142,0.28548870084144956,1.61893164832965,3.4962802518556098,59.07656854908825,0.027886179392320645,0.1045504624410782,0.6211668852909095,0.0837622320105292,0.10141096947059094,0.03281269597057278,2.56311541704308,34.4975406997762,266.8467060797094,7392.025861162513,0.3084728548663519,0.7771958400094695,2.350614500417814,0.351908317892964,0.5774393979586194,0.13884421624216753,0.11480039729784419
1.6903291081433807,31.468654075378307,90.37593105488821,2944.5630408712655,0.7190698377997612,0.31517035122184983,0.5901334947425755,0.14385190780374169,0.6400261963205296,0.14571273125377115,0.197498293471034,0.9970761768868884,2.4465209706034092,38.74634668691502,0.0174304179534803,0.14461034986357943,0.5285936029457372,0.047212469114784744,0.061436518011611325,0.04666332240459861,1.9181599910193718,34.02760499041821,200.96373679834605,5912.21644406714,0.29687850944703714,1.3785922057267659,2.3455654868675513,0.3002332882989345,0.5205685128755336,0.34833576328166016,0.7621886348331434
2.1267705090960995,18.221028605961205,106.47036487221075,3909.990608364383,0.5205240252737092,0.13677630738710295,0.22857271658239742,0.09594564967249462,0.6302801327337046,0.05215577396374246,0.3711502529114321,0.9356455864094125,3.880659339581969,59.76163215063769,0.012749321510086176,0.05924679103366919,0.286677407929498,0.03281185263941266,0.10093614709382417,0.02201262638066534,2.253146363378715,22.111025218607463,232.7339399415393,6322.420407143748,0.10145475940877381,0.5138549464704851,1.0311153264041157,0.12563609444573845,0.4437874664288462,0.10164438257207105,0.4506053145728166
1.240253411768798,28.837273623064068,61.14148338898262,1525.7534128683546,0.5375664210962633,0.13775024453519705,0.14142920245638252,0.05633497598095746,0.7278967359174785,0.08137152312676632,0.10654741711058992,0.9593789390404128,1.093864122831532,20.61237427855278,0.01773403992222556,0.0818963026291728,0.2729418776236478,0.021598705734667007,0.08908167795351819,0.027481594444490495,1.1911377952377713,36.549068947407704,109.15622051064116,4232.495195436652,0.2598604770841754,0.9912979252578629,1.7703965396899886,0.15104302395009883,0.8876589662944382,0.3014200109640263,0.6104953384983134
1.6282653406873033,28.239368465134973,87.6528799499976,2690.3606792585665,0.8952405397952287,0.39308137514147107,0.5931821544526386,0.18300890122937147,0.8741405896818673,0.1633188028004037,0.24852207042326818,1.871129697467698,3.5527954883940422,41.45664479727068,0.02024342186058073,0.14881970889845467,0.3826397935934115,0.07603485612559223,0.12617978425631968,0.03063722835590892,1.8159025437030434,33.860789878599135,196.454587073807,5769.8987085473,0.2718638348771566,1.5145955329339318,2.277152782674715,0.34731169196559686,0.8321333161399979,0.30864121210601975,0.2916623933920097
2.133014330058199,24.03560313842674,109.60865289224267,4014.7936154696768,0.6712225132629629,0.36815597298359676,0.8113365310522884,0.2629158050032686,0.8769709957415086,0.12596868827943117,0.29995099894864313,0.640484232065853,3.2593978023403563,50.584794649435636,0.024939719088186253,0.13894430470475902,0.6065950391244304,0.07275901616974464,0.13082776001078095,0.043265434062921104,2.3705061520570703,25.822039700226693,248.1915881773731,6580.026686050425,0.21711659747586526,1.294245840537327,2.4896188294539026,0.36922729602113663,0.9341811681858172,0.24968864636930782,0.05892135203456772
1.6135593469367677,29.79155373025414,83.8982874900284,2470.7343210951453,0.6167873069023662,0.1689796872292717,0.41165155930101044,0.07196291771232338,0.5530354109927135,0.11884316743287736,0.138410192584141,0.8129388531882846,1.5042122770566664,27.506804267386975,0.018724210284263004,0.07921571859045579,0.5884718942694465,0.036684173087398804,0.07919330675660881,0.03639667832206235,1.8964388814927233,33.78224298545258,193.1995081052901,5705.94530071302,0.27434434167307387,0.8993179201983913,2.2775285517224546,0.22894036267413428,0.7734803247308167,0.27526805264515714,0.7577016760545575
1.5244744375456503,25.277360328365948,79.16763250602503,2289.199332318225,0.8076457315335162,0.3137817383593921,0.5712652220173972,0.12040918641665294,0.8801163996151191,0.14479993729486237,0.15853055745540387,1.551722901147575,1.957493327403785,31.053865107315097,0.02080315504888908,0.10555870602216738,0.6337626161593382,0.0526584502694566,0.1450819596543502,0.031310642801955196,1.6397463445497582,35.08820579920108,175.6855618134428,5247.5142970450925,0.3292808326894675,1.1525725126766104,2.181598550188347,0.2702432436599431,0.9805493045589733,0.2416289402265487,0.5675016416639782
2.155300726818207,19.36166597773903,110.61278488023292,4168.134401296089,0.9498898663274844,0.49512945242482076,0.8449217126981231,0.28176897919099936,0.8986937609505632,0.18922114433872989,0.42037330124336186,1.487439954802418,4.5610218816908965,78.05440267956239,0.021271418370477958,0.17682238275225592,0.5237078819634329,0.08902859791832918,0.1155961392098332,0.04887799403273908,2.4648015083437875,25.16145297489683,267.37054071298894,7109.776147802309,0.3459343249585533,1.661056619075164,2.620226136865776,0.3927692423667157,0.6956125505717955,0.37759243085684124,0.5266621996365553
2.0138019738902657,38.258046182075326,101.74752716696092,3945.1336022158553,0.5579151359735637,0.15964002663293403,0.5812822212923535,0.15032706754831213,0.7471046841495032,0.05201239087337509,0.4664500597429379,1.6743498432892927,4.377710232226606,87.4801026255083,0.014470047885927574,0.10432634265661633,0.6126419251400805,0.06388485762949261,0.12016022086294413,0.032861037376382435,2.285067884945023,37.01989021987389,230.476201660605,6930.027817190584,0.11279768871366641,0.5930822049933488,1.8997128208907872,0.2119625257962383,0.5345375169603872,0.10095763298374433,0.6644670251922972
1.2690036749760927,15.479655471410883,62.54855481743815,1746.6556067645226,0.5180289988576765,0.10051301665456426,0.10543124878159305,0.051162020734747696,0.5003069503458172,0.06600535444287109,0.10241306820580119,0.6011225274562032,1.2190032407246199,24.20268237457455,0.012538920274719197,0.05019942446506444,0.20129879706984832,0.02090392926281269,0.05018870576221117,0.011047656876265268,1.1925578544352082,24.981061508589573,117.29614665929053,4383.240434617746,0.22822881655583255,0.5631531958090309,1.058287628949515,0.1247647058643228,0.4186914070731466,0.17089452523832863,0.8545184179529118
1.333842811572526,30.800035154301394,66.89763184732716,1742.538262492819,0.5765292902996989,0.17627366766641533,0.15576561913569575,0.05181023363107936,0.6254471769724668,0.09283348430741484,0.14631044895660464,1.4646230901154196,1.568263682393381,25.879154582285018,0.019034579317679004,0.14461967353785088,0.46513427845219035,0.040889301493259304,0.13952059288348445,0.035535034227485676,1.1542711168900732,31.62213926284601,108.38115131529959,4165.851395145275,0.10954079122069849,0.8275387175899033,1.373919153863183,0.11294065170924508,0.7135919670260744,0.15084285215590398,0.7778403119013313
1.9456779645384707,27.38251329376713,100.39395722081088,3706.5247096892667,0.6197055549022599,0.2889250686901178,0.533582844880262,0.17933518250706665,0.6827681923696499,0.07297340936413198,0.35867602254161246,0.8548498039951166,4.307040340695747,80.91775017725077,0.01269800157729202,0.07787539208864545,0.2897390228368745,0.041248486440905494,0.09976232072392487,0.016231103141387447,2.4163519392118897,32.90197108966568,261.33521519260944,7308.962688697036,0.14589160315794403,0.866414905705855,1.5738627307827742,0.2834982145716475,0.7075073754364406,0.1340510777051057,0.4365462697908563
1.4634410259479165,15.443863222023642,74.37999110759513,2374.798775123422,0.6859984584655087,0.1629833650295902,0.40123421622306854,0.10259483784828854,0.7017422981648965,0.11943642103340586,0.27102258854149786,0.6186146686378737,3.282852300891579,50.30422702795513,0.025917241398382182,0.08965558144141332,0.5162446933658227,0.07025174897364188,0.13152068073014656,0.0350281967899126,1.2658333453598751,20.01514095574384,129.68193828503814,4911.286602625816,0.14066242778870242,0.5101221224724269,1.2584655647449732,0.14057165636533078,0.4515407759131459,0.1190196851365829,0.955182404416695
1.2361460103864217,18.282083531681305,62.893214421252395,1556.8777089174243,0.5529698509717652,0.2065792331824092,0.284534557585717,0.054131790635415705,0.7953371273475197,0.15034461856416106,0.103314742047786,0.7964727355786143,1.1619198113943763,21.4873588873134,0.013837245099973382,0.11291052234169739,0.44070789754359635,0.02455449426524706,0.06988497419462317,0.03395230282594731,1.1981041109504071,24.81245480586339,124.40114550499959,4274.618662027951,0.16210456441688864,1.1642307773298242,2.1367811012749423,0.13041416014558263,0.8876431743072215,0.3470929730840161,0.8307912887808447
1.8148591069411446,24.3960478150597,93.64316599412277,3099.907307714173,0.7439110773714421,0.16022234182076275,0.5106202540375498,0.1447997795708672,0.5597610322349941,0.08464163585711626,0.24505297476203336,0.9862393891459177,2.9322934550510498,41.874134224151966,0.018649542420928582,0.08263502680034929,0.5438069584872208,0.07018894799123487,0.08190684032052195,0.027601976427265494,1.9099593148922802,29.19628212544346,195.58344144418254,5589.029526827961,0.31396211969421806,0.6666065788633481,1.9797188164823198,0.26778108950808927,0.5463049686969779,0.14712256504081786,0.2962866007892487
1.6083756148222128,16.48850097138855,84.82659886667881,2741.5555270230807,0.7644027372975488,0.21472863648747578,0.33030437992448725,0.1033941913264217,0.6596260523962275,0.14849374015530128,0.2359527297859246,0.9232329675521482,3.1354110827144392,49.457517807040624,0.02741243317723328,0.12825609546032554,0.4852244532847359,0.0752152351906076,0.08559141817322,0.045482310914381624,1.5798560044845635,20.83084459619165,165.8989501396145,5443.905601730347,0.18497821893448627,0.596795436419217,1.2348170884653706,0.14503647612844556,0.42371587366338087,0.15316707367095458,0.9582809705288702
2.1474734923403123,32.040194240978394,110.65791122965275,3862.249773764475,0.9107654770385193,0.49937322131441186,0.8876546983551588,0.2894195022999657,0.8752843891470744,0.174656094444073,0.3311372188954336,1.438507116063696,3.6952467220162943,58.51489605691851,0.027289073738826657,0.1897751513898388,0.7896674715298378,0.09256209295858521,0.13773859468586025,0.04736001767424865,2.3783512924679586,36.24237719711841,248.8316304876418,6404.160482196654,0.414127171261317,1.9256746151936672,2.9850297518223736,0.4884286527208034,0.9242037903619977,0.3753262749380151,0.010332171431116866
1.519453656895592,22.460286958757173,79.66439216085153,2369.0470299864546,0.8738710871257124,0.3509332357147157,0.4817917813606184,0.10848070719305061,0.769143259097137,0.18921265544117521,0.2081962985703973,0.7530263248106506,2.7574227074310182,36.920345380355286,0.02620408852962546,0.16510855430626414,0.45484169364681126,0.03553145625929621,0.11755204954935838,0.046284959967824515,1.5603125001022287,27.56421091833791,158.51868805153327,5082.60582668285,0.4423850161351004,1.6576223862001516,2.0685412108548826,0.2355101675375016,0.8282331237749102,0.385962260822386,0.4239835288298248
1.7249793499627735,31.751307850754316,89.56705736010703,2976.905696304217,0.5345552587901663,0.16679283038673595,0.25598591824122763,0.0709896040192172,0.5572527146849062,0.06986380693064238,0.1719159596287353,1.4666267502564614,1.8581209668176244,39.66127883663315,0.017948765302583013,0.082655999555245,0.24469248573427352,0.02277484783277471,0.07651100762092604,0.015956205055435116,2.0404376028401883,37.75909172713535,205.23893999869404,6345.754445425459,0.17593854449819496,0.9117005787331648,1.751560728974231,0.15260123055750713,0.5708098217032402,0.19004053973297735,0.7779914558871951
2.058690361328205,30.16216117396634,104.54126639632881,3568.372651974526,0.6598941838814352,0.20810941523194082,0.6238215384621402,0.1752814543371907,0.6434320273600487,0.06591268631834742,0.3599880782806952,1.6705625400430544,4.107845849938101,61.96858023500504,0.01528727436101902,0.0864401694626079,0.5470519503007727,0.06596573478005886,0.12086670700441886,0.023539522347517796,2.3998589156139234,38.00309653309325,243.07683198338776,6335.160409248207,0.25280169900111366,0.8702297705279525,2.366669576472171,0.36021409688607814,0.8543896306259738,0.17531606875955186,0.33892242356226293
1.2646450978396981,18.823237889352864,62.356089359626736,1767.2867749781085,0.5877584413819442,0.1071048907695367,0.14132771916363523,0.05636585483594549,0.5953719394627007,0.10754970502540895,0.17382773420852252,1.2626576466328645,1.7799560357138093,32.31937797682915,0.0213827639688993,0.07088259359277053,0.3770165450970142,0.03366646424728741,0.08878557982771391,0.027881874495485154,1.1920438482855804,26.568042265129865,110.28782885925938,4642.617937722587,0.19040566001384826,0.5871255849683897,1.2914014332818593,0.12298532578365602,0.5357188154816077,0.16526973103701734,0.849266478256271
1.4507807448273358,32.25585735846879,72.73222792700071,1829.1677830028173,0.8331634099841891,0.1771480072668729,0.2395625008186531,0.07257569719367979,0.7485981921816796,0.08078966170644868,0.11161987866518566,1.390097490458202,1.2902138764956477,23.41824209382545,0.020808344997137133,0.05815236913042848,0.22545213305769274,0.02228166391341074,0.09152520005298036,0.01155758686600623,1.3255128259932811,38.5779264718472,127.19031639143549,4273.790087894119,0.36926423243356965,0.8569013240889289,1.6077697782615752,0.14892914575905425,0.84936509153096,0.18596958152371146,0.8039095993602221
2.2313883870133173,28.557157144252674,112.4281352901864,4120.482215934733,0.5652520216568698,0.29499163542533363,0.5854366859988039,0.16794414697876828,0.6243119499854304,0.0706144741786852,0.3968074538318254,0.9087148854381516,4.463377021362403,78.05323645549323,0.01856816268678301,0.1153473651282657,0.37849602262043014,0.05435438389456042,0.08435102074487053,0.030996367437159545,2.6810836016152075,32.44415468530924,278.1256926676357,7286.06810698339,0.21290665305295203,1.1024297006076507,2.0667378726718426,0.36103443321400736,0.6280848333223937,0.18676874812449873,0.43043118894883164
1.581343447174946,34.97514958785163,81.09791969583124,2393.226968017179,0.6351866584018475,0.13758520430278903,0.24457923275203358,0.08627416186632744,0.6193517498453175,0.06042907954275034,0.24542178959908348,1.9557331986185094,2.9585391211701886,38.85384687776751,0.01577948072214369,0.06222233578656891,0.23589658194695767,0.027101977114587915,0.11233422712254142,0.020170472818200585,1.6740762398609905,38.019503502979234,168.03763834743776,5069.013454888735,0.18454812348338934,0.5768691527343663,1.2616006243989886,0.15300322769020872,0.569444869683063,0.1266445718101324,0.5593990172143589
1.2500271605016684,24.068139129180317,62.31565747075083,1699.3271277239455,0.6883789801697732,0.10840443615215009,0.11170762120365296,0.05105851755050176,0.5095577017404523,0.06703356916384533,0.143498283489715,0.8110253056708862,1.4628855492260668,30.188353275857704,0.021089836373286264,0.053760286579144424,0.213038732053058,0.021081864909650243,0.050589804224106555,0.015763246430945052,1.3607568260745997,28.104320324089617,131.72360334785475,5045.917214111553,0.32796645722256623,0.5340228616076272,1.0937682095217085,0.10994153695898806,0.43055795511801187,0.1514585057596952,0.9875531177319818
1.2393275099589272,19.47404758794623,64.45131482961212,1671.6349317257566,0.7102493810660375,0.1953247696431546,0.2824232098848226,0.06511535330927788,0.5996130424414892,0.13980721987592173,0.12314574184005814,0.8337753483952107,1.7675612095007447,25.894942755354172,0.015735674351944187,0.09604637990690779,0.44655489226641026,0.037971086327163596,0.10920824354435493,0.035613616645503075,1.0113749276877677,22.44529095726779,101.17509726175267,4060.4308345901545,0.2560646333041845,0.7704325114786348,1.7740754089856918,0.15633380875276856,0.5924677724884875,0.2004095209569554,0.8450079457695597
1.456414542467695,19.112738472795776,73.99292808636231,2203.111270394627,0.6128657594751443,0.22856326868921686,0.39384247000335304,0.1037292333321398,0.6763778527713826,0.11017770362458096,0.17168020944327309,1.0018808705908369,2.128932632013112,36.30191258861572,0.019069161841842333,0.13320222526671424,0.4329274191295512,0.0633011955045241,0.06855075446935084,0.0405890702731272,1.3635633442895174,23.476627054786068,137.8674806591192,4868.627163608145,0.1431767194371679,0.8561629353248108,1.5803902680199462,0.22218273189764504,0.4459698040753818,0.19194434990086084,0.7463653698284576
1.6619133983264376,16.170571545876804,89.31456306082207,2812.233637104162,0.8953470881205657,0.3658301573487409,0.6626717888816845,0.16388267629509998,0.7221063881766437,0.1641637975803949,0.33610600485644654,1.6929144497604194,3.7790019721668253,57.7879805235501,0.023854086795634263,0.18073571960060253,0.7005390657753451,0.08614291369952545,0.1446602185774178,0.047295240192792354,1.8284484907868919,21.443102550473323,195.56748567878972,5800.687799454296,0.2994740954898343,1.061834643973596,2.0367369916645606,0.24971921214506823,0.5719317375586473,0.2457221959769573,0.8279918140371135
2.1043984546641936,26.940713931057527,106.79297181550199,3912.6575958028766,0.6211802219986692,0.21865423249871388,0.6378719990205685,0.19959523191910936,0.649534392548775,0.06861468223662533,0.3125324771972025,0.9194287081679692,3.0013883589942596,57.345727512585206,0.022494506776483677,0.13910962459232296,0.5290155262022899,0.07258127237216133,0.07279490718000334,0.03025771732521672,2.5554400418206016,32.7933064966388,253.48286511681454,7091.656164577581,0.1743970535039796,0.8619878642580902,2.082750703985999,0.3136947577277667,0.6132674841559411,0.13933304584075548,0.3434222522933134
1.497632555170123,19.955533582610585,75.90112829734937,2266.282442434466,0.535807488202273,0.15810091959288092,0.3478560752132327,0.06164566508222245,0.537632419371796,0.10496427457757805,0.20738043497808842,0.6061453663132301,2.2642065280345967,38.25713508998381,0.0241444664318798,0.1126039140134848,0.5113150123111524,0.03929046259194938,0.1251403459627617,0.032636882635838645,1.6636476383919268,25.06793018190088,169.68083355408507,5282.177352954034,0.16496985171600956,0.982304605673247,2.0045268944730172,0.15134921974983004,0.6815582481965057,0.25766084835547803,0.8437814054701691
1.2599119211612573,22.053822296231402,64.96193680992424,1778.0979191690951,0.7095434329732491,0.18610955407287685,0.28217426372699694,0.06235077496942135,0.7516104835500704,0.16905557483994374,0.13293383717668356,1.270178037478563,1.8378020318865709,27.290516047279624,0.029243632331178004,0.09679374792108787,0.35284890232604993,0.03216063954285998,0.11588549354985982,0.04127192262424197,1.0129453955559127,25.322583303622196,103.04033902927226,4065.2607696027553,0.32091017785008163,0.6518030280988956,1.389461250473536,0.10733000367677296,0.6900664263264973,0.26091833528837816,0.9363311194037229
2.3413539649212503,27.79102875681443,114.75494644649925,4721.412936898516,0.5788289544345906,0.28953478880415034,0.7142276947800466,0.17905389429276067,0.5277020364592924,0.08599602747575064,0.35954601497463523,1.39518431676354,4.196144163205991,73.58371129135433,0.014301732426040395,0.11287196681297285,0.6350302051563089,0.05584946509427941,0.08084246314327877,0.02904595707509448,2.7530059310538144,34.465103492574876,277.8378012962383,7589.4829664584295,0.20516114927382967,1.1568484497057678,2.6848472720448364,0.3123302057493215,0.48077119397035495,0.22325612139297155,0.47531802405033774
1.8012207429075557,30.324066560062683,95.37064014726944,3211.7987044415413,0.6451233844110629,0.36915554414707585,0.613298700343583,0.14644090299402998,0.5870733848740332,0.10372781787937346,0.25468788973683604,1.2739723358697126,3.516042401027514,64.13623129253935,0.023493714743099144,0.1328767039526977,0.3365324334639528,0.04570273438543189,0.10899077555140042,0.026766967693865443,2.158014969654575,35.095528554646044,230.31194044295665,6502.043278401107,0.3393235942724736,1.7569864473838517,2.5305834381818437,0.2867005502230214,0.7611454669566656,0.2939888350145187,0.6484618152141972
2.281236945795514,39.534098657760445,114.31437395279566,4206.276078209437,0.6317640372524098,0.4284448291541833,0.6769280104737146,0.21634890008146118,0.6522502628699068,0.07623867815188042,0.39529737490673833,1.836445387157194,4.569088191877147,76.56737819756717,0.019579019813649803,0.18711677305075114,0.4850565105509592,0.08378317417926918,0.14375721480350653,0.030820027791297566,2.7581604885496,39.803024836357935,282.862688449365,7349.5705969508435,0.2570649057136733,1.721822479317354,2.3329691517767412,0.4252835160815993,0.822433304082276,0.18479081456116284,0.18644296451232567
1.6273997607786832,29.34578947070916,87.48270400730624,2607.6519748855426,0.7268789462456184,0.42740818428015215,0.8045598142170163,0.20947732777049563,0.7310859184191779,0.15009970102434142,0.16186572995321302,1.43684199726757,2.245890571521563,29.545152962753505,0.028380869142130175,0.19525244839878456,0.7901337462796008,0.09218381694496887,0.12956568127456256,0.049566584525076486,1.5820207050691442,33.410715388254054,172.3275263430042,5066.160215657691,0.2802361469165545,1.4596925944084174,2.71564541790511,0.36120130559607133,0.5934778044601214,0.31679715954880416,0.4714635960668109
1.40538018043572,24.96235974132259,72.25759461219009,1960.3013904208851,0.8625641795616005,0.2948535442872552,0.47320316047103084,0.14002764059791845,0.8563620123810727,0.17651860547427223,0.23824312409642678,1.2904601685437953,2.6083424880441166,31.800067227053212,0.022842534266657655,0.11422928798486567,0.5503345150885237,0.05574321455666952,0.14268569357740413,0.032295310919710496,1.6131366506717204,31.97031104310474,159.0681713602749,5157.691132995969,0.3508539567837734,0.963291883218778,1.7584372222741842,0.22736521819473554,0.9738256244802468,0.24854060036289782,0.4604602259096279
1.4943655965113725,26.77437804489145,78.50798311060464,2435.2442544386363,0.9100785978861669,0.31483125493473785,0.5551390475983615,0.1350463995727928,0.8163896685598142,0.1610682486824858,0.2808906381266029,1.9409468879368752,3.716304362144495,50.74432111373091,0.023897119398805636,0.09997200732027739,0.4821447604959092,0.04145397471788634,0.11151932386234145,0.03294039013894725,1.6990444109567804,37.99906604356219,178.15188918719582,5567.940159574067,0.4212834917494286,1.2711675619210872,2.1389283050608765,0.2640783507815583,0.8688068971362279,0.3256702502584811,0.6161761664894788
1.9796848265714084,24.552043252879134,101.15091973803068,3509.4010126065186,0.6834970584508613,0.3131259744200102,0.6870823884378592,0.19623095410882777,0.8254550370189361,0.08249394934756099,0.3455589345557743,1.0923195742118939,3.8678294993131868,58.17101362284324,0.016774304807662115,0.14357548028003075,0.7342720378297712,0.0898184697664667,0.10592594708076325,0.03323745149519765,2.5574819121226064,30.083847026785914,264.36300471303224,7101.431306609485,0.26718658812828894,1.5722172902354759,2.691120567634309,0.4082141155833468,0.8291856302934667,0.22751821658366544,0.2777250272131963
1.9630257405994085,25.33662690890787,99.33261964475412,3621.184131024386,0.5345451604090198,0.1715705249412053,0.5120030663491438,0.11856777644475225,0.6169836402761518,0.05614927433004161,0.34545765471499273,1.3022542207423453,3.5694691011824347,66.58949903665747,0.020230639504538434,0.13100728269260783,0.6285131516462381,0.07896116525137868,0.09208082476686215,0.035522697861642596,2.1116155633393645,30.72151312804659,205.94903327722207,6193.123462580495,0.1023814069683405,0.7661795929272955,1.798731289383926,0.2087596954472048,0.43312609409801966,0.14747387680367038,0.5346119110390893
2.0815427301901717,21.249216213319023,107.88928617965583,4146.75226626634,0.9295032553363971,0.38307393414743224,0.6937849482419721,0.22804592029427345,0.6854170526225897,0.11360882329070554,0.40129925155677665,0.6242306462802819,4.22850685678618,75.89830711650399,0.01552303488151734,0.11178842711081714,0.3216565049508478,0.041042125915439195,0.059823513732907924,0.031199180026564563,2.7702096504480664,26.15498633931993,283.31133468288647,7742.40791489057,0.4175479147744287,1.6694688873477177,2.484638716616277,0.4331812630935261,0.7021865973631749,0.31622505510776033,0.19996072583788893
1.9752421938445446,33.0721940050593,100.75946896495361,3536.1922259264315,0.8402061923408389,0.31650744879009846,0.5269607240985644,0.15463285572950497,0.6839577182305744,0.09544939319943803,0.3112768922661438,1.6806062545349234,3.7995740934705466,61.156537750094564,0.013848246296430118,0.08670491914806205,0.30405653973051266,0.03710096841778213,0.07916292849216959,0.01602564792454711,2.5576938259750976,39.278241094915366,267.2638586347106,7078.738543744608,0.42504490506213943,1.574798535639064,2.598031044471834,0.36071661071745814,0.8900816507250983,0.2646195148161821,0.22055660827890528
1.9101719403603694,28.587056728879805,97.09922790308379,3287.096111752872,0.7327054087449377,0.25050102546010544,0.5372473655031018,0.13578035920236156,0.7336671120278785,0.12221902629061952,0.17477808617791804,0.6135359906028341,1.619987441661055,29.571469361938373,0.014848557682760461,0.12221925072992422,0.5389761545437565,0.04943075320821971,0.07188987462033196,0.04340820472289035,2.2625153266821574,33.505452178282184,226.1985300899299,6615.138083180605,0.2587844064475957,0.9862981989429296,2.3738485717496065,0.2508077757177105,0.6645166015647999,0.3001271027928253,0.4114870114385587
1.6723239638260916,18.081779942569124,88.94979121370322,2729.4815550944504,0.9357416090612031,0.41518422855230175,0.7139454527029203,0.20241067581492023,0.6815011580590791,0.16532756268685345,0.2582173773612317,0.88020585597004,2.7542739699546246,36.316370218447254,0.028629021018239307,0.14154217494877827,0.5511333461717601,0.054808709307198354,0.1258440361693237,0.04212568334191648,2.0407317545598826,27.56200247164886,212.9107761873997,5954.456529074069,0.4712834515017446,1.429106496097566,2.5468583119725974,0.3390545228776696,0.8348759294673499,0.3396109616042944,0.3483429775608205
2.0274579056626907,28.05613760229984,103.16037560331112,3627.1061026309917,0.5776757893876239,0.1678091713571074,0.4171326288543788,0.1548687060150009,0.5752199893404705,0.06096270656427815,0.35295614564650507,0.7512916975830322,4.088582599347828,72.1640154462112,0.018310948233516325,0.06230677771869345,0.22430508254120138,0.04014323838244602,0.1134566442355594,0.017489709638699284,2.42828490996704,27.57221261340563,253.1531744347807,6745.679120068461,0.15141736462042493,0.6768377164685121,1.5687987891294313,0.27002624817230997,0.6134435520040453,0.12238607104865412,0.4015125083673506
1.9002542280884742,34.60087103187397,99.25632688682423,3150.4536574956232,0.8489449588770817,0.4600437089326213,0.8600281685258548,0.22418563201012828,0.7922123237560825,0.1651273408682322,0.28580395097244066,1.0430944392909978,3.4625054791794776,48.52087818160127,0.025308340408562897,0.16837819234174112,0.7881943984592596,0.09306879093177897,0.09436782487536899,0.03954598738629421,2.3200872927504586,37.82588060812413,250.37045342558002,6391.9270061157895,0.42406193660879027,1.8794088706970613,2.9669553016863013,0.45889608432851164,0.9203303397425852,0.3644731252109913,0.31064221257393004
2.281685549693521,30.08655772162418,116.3555738999779,4827.462374998907,0.8725334946843841,0.47827301845030984,0.8638254199066506,0.29182328427759474,0.7038390504628909,0.13941593908082614,0.4958005853951332,1.0685728071570506,4.9595455522506855,94.14804890016612,0.02902121090756759,0.18206724434092894,0.5026567524985696,0.06624422159968345,0.12706105525512695,0.03415963401403268,2.8315477566812612,33.84528975207802,287.01548234471244,7855.218104322014,0.3961176272826121,1.8142971108841615,2.625614994209896,0.4014802473107783,0.6471036818753089,0.32456360993680694,0.33621702463418357
1.3248506001720042,20.917590949931,69.14273208802864,1840.3129965296407,0.7529567311234253,0.27464489667701386,0.45419539605600656,0.10754691650332125,0.6765225553221056,0.17575056186383578,0.2639106982469427,1.7998120583085047,3.582284246769016,49.48055356176123,0.027999713303767416,0.12327412835888951,0.6015859101428075,0.08875531961775135,0.0927896940492229,0.036887934562548935,1.3954305915470597,29.944699835456042,148.48255695661064,5028.677324260523,0.4108478815493615,1.1401783504737482,2.05290593101439,0.25266914148456826,0.6551391165777402,0.3116945581495993,0.6116720651239734
2.0072768922556876,36.4876631561606,103.10814018881044,3708.28679837464,0.7727266298914471,0.29624490683348154,0.5403936742667305,0.208545129750979,0.8331615972657216,0.08934251642389218,0.44854835939218,1.5106822750578874,4.419203373733318,66.9752282896287,0.022435880779987392,0.09170869760587778,0.38250538875773255,0.08494059566789763,0.13565000866900953,0.03775487923894131,2.4106175850604004,34.656356971427925,250.47148641318267,6889.38507238862,0.2979968979307924,0.8081514057395941,1.7995552519356264,0.3316937559579509,0.7426491216586709,0.16902775062982348,0.5028587841229519
1.5408223123803,19.677155049326466,77.16022797101253,2380.223503224625,0.5016749765614159,0.10089307643243595,0.11806452940119555,0.05254137699063605,0.5195122751041362,0.050898801526934705,0.11889193582068971,1.0094396946084991,1.416661708108854,25.20574303767298,0.014342329376014516,0.05922120151012546,0.2475801130984927,0.02144272433318899,0.102758463014298,0.016484902014218802,1.3221285536844756,25.342547148401113,127.78345428446877,4608.0558428270015,0.10111874702373629,0.504932034925514,1.0147090118503745,0.10343393987940551,0.5230265793528109,0.10056659092898149,0.9944386707537822
1.6199704466254243,15.535655313812695,86.18553212868966,2541.2964837064883,0.8569013762379628,0.24854040025497767,0.36787502487031043,0.1160771009750658,0.6903729307321819,0.1203462727878008,0.14606230702167236,0.5794767843529256,1.7270122560867462,27.61044628834426,0.02567881375769126,0.07706051896586859,0.25004147101477026,0.0244948929913128,0.13156945247385127,0.022827140872233403,1.6986496624511251,22.26374873164146,176.53874080026117,5122.146871196953,0.3961465994714751,0.9613981752117582,1.6514789886445445,0.21173484498538708,0.9203083875314999,0.254632951729389,0.40542246268550836
1.5990839491689266,22.340953405649962,84.09640714691112,2307.0042736708524,0.7205130376740669,0.1777879307444584,0.3821488613682842,0.11875269342754524,0.5992441998923806,0.07636019087517643,0.14268368500550016,1.310013791424045,1.6669388927023854,28.05998538606088,0.015698383834917267,0.06331895167143374,0.25458135350708316,0.03409472783325857,0.06456892028187966,0.013890053724025464,1.863259999839662,30.82328844731365,192.2339195783907,5636.951812650971,0.27297223520288266,0.8405505626910911,2.028033358664586,0.2522798510469577,0.5176896735072585,0.15502999525397373,0.38223617836374063
1.6661485616730292,32.63836135737911,87.0636852635819,2923.9523781184216,0.5453002469861019,0.11273237222925325,0.23812961239716168,0.061470584258157504,0.5404188278301117,0.07584502450364485,0.22665078200493816,1.1439188571073247,2.6273304855706843,46.66344235218758,0.015581745666725232,0.06424495989778614,0.3119406996035521,0.022396589705858477,0.054928533100687814,0.01923249190589283,1.905791435877025,37.243956892065746,189.80640607955613,5982.338697366983,0.2232932375418776,0.6292247297388543,1.572056476072341,0.1362743522583138,0.4358658273346154,0.1589413143451381,0.5474501076410161
1.4320682833157563,19.077083383569942,73.92120228673016,2081.5675736353846,0.7935185757941478,0.26658107694143385,0.329255831812338,0.07789597037864895,0.7130396384293448,0.1506284027188955,0.16725359666375392,0.682570487097468,2.2209457813208644,28.82462994431421,0.0220020006648029,0.11277340177996249,0.3145822363918661,0.028189098160844816,0.07350878260029134,0.033473318716049194,1.4448762090734881,23.998083652091715,152.19294319244128,4812.389399507367,0.3590748240645334,1.3160325551730956,1.9887662634298053,0.18240204957583933,0.5993982142981997,0.36065540166471033,0.7925395822246675
1.7194125914090512,18.654796786660814,88.78523504558413,2946.2795649314653,0.5548440159245163,0.11878787571609507,0.34535860083509196,0.1009373601229942,0.704004305306336,0.06710671358889807,0.295071386600044,0.7044933137443803,3.531615014621539,63.298717498006276,0.017954438689457553,0.05490588476454812,0.3868853205800628,0.03321808002047839,0.09982587935345921,0.017146248038307305,1.9805404859961937,24.974836520094573,200.705693226842,5953.35523725254,0.17604354237134373,0.6276477806690891,1.7763385348554768,0.19209165643989873,0.8275990141758842,0.15194028706156593,0.5268605640394937
1.534813914090747,16.34324726993276,79.11158686092513,2551.9758009805328,0.5973659898853589,0.20816439612584192,0.29198092797017344,0.07355204394906914,0.5315110368727085,0.10620423264261825,0.23977221024009782,0.8015092037401862,3.4613970846413467,47.99177561939198,0.02322776152696952,0.09954801959195754,0.4245271577783126,0.040435003297414875,0.06813237607246937,0.022714204997762253,1.5134357444052131,22.20800780797601,169.27931744234343,5169.082809223712,0.15698210703414583,0.7016575568865112,1.2682432986175742,0.1455824328639096,0.4539173370961406,0.13880896585936484,0.8552187238061508
1.3266588994261255,23.303972074584756,69.44883342016215,1772.6060376284852,0.7799137426738926,0.3465909799383561,0.5847230033390951,0.09215704235617553,0.7875219277423966,0.19907338326526305,0.21377027000835394,0.9216476932651668,2.6942364054329087,34.61762350254242,0.020446254034160168,0.13930392598752872,0.6174165483065024,0.04530415231415297,0.11756218803288397,0.039696787054179394,1.3593482838878455,26.078529999568484,143.9964546037276,4653.949116878688,0.37366247591731183,1.7323790041636498,2.651477890905374,0.217663919089573,0.794050526598043,0.3878576085447025,0.7721284772038103
1.2381357126437929,18.581975817260773,65.266509865079,1705.4899193558665,0.9475213999081801,0.4090621225582674,0.6282458211184037,0.13293190928758322,0.8969795039841361,0.1998354363911672,0.3151331383713605,1.2255918467601454,3.7850682148147397,55.04213890708139,0.02933691625916287,0.1448265776660172,0.6593077417159948,0.08151744334500441,0.144445940141456,0.04372958207920508,1.2604913652959802,24.178148805178168,130.23481501605093,4500.800031022353,0.4821895495442197,1.3606036797301806,2.489445775315613,0.2955941525891456,0.9720528455221636,0.3482940544029915,0.7883552476573873
1.3320725827902862,23.33884701009345,70.57018786578648,1830.3869684952303,0.8249927841514004,0.29740156410147883,0.5886865904248195,0.13719912243047583,0.6542844913310772,0.19617270696795974,0.22550613928958588,1.856853848364905,2.513182659124146,35.79271289952195,0.02958082344649981,0.154756598391698,0.5732093001734405,0.058442292187638176,0.11116704619641138,0.04852011060027441,1.365463527682805,30.33303584184216,133.9478028390851,5005.370641201757,0.3358099512770995,1.1146188210789023,1.9631123821815688,0.19542879879885125,0.5763255724388304,0.33702285526583986,0.5354227401331402
2.4518119180530324,39.73544928095055,117.19632958447431,4923.283767760961,0.5508468697445945,0.20426999946807628,0.7146359132687162,0.1884558377377209,0.6749563027088764,0.06770386599248064,0.39373718691567566,1.7036952332432538,3.8432209009783977,79.05560106508415,0.014921599077016547,0.14579154539251318,0.7447951983743265,0.05027456217348802,0.10694972637036104,0.036052471518309606,2.87522299484774,39.89269016073574,278.2677403253799,7874.910294812706,0.19094111240094755,0.9216779040164883,2.5100133100346733,0.29314900150055545,0.7380207007725514,0.16561929206237697,0.42207200529587197
1.2461969948846918,25.54670927010658,62.263844572627015,1526.9768092452666,0.501276773949902,0.10569403317162208,0.10315764596313687,0.05008081643172716,0.5442274835954757,0.06104403226302692,0.10082413260144198,0.6475443415481758,1.0749984970680857,20.110860856646113,0.010235452046037069,0.0687674562082721,0.21551408359423985,0.020465252586449708,0.09005757565042463,0.01226693978246057,1.1646992768189999,30.86921946951598,106.24408336052181,4158.867233140924,0.11990982310362473,0.7816923662064716,1.2244474425799208,0.10515471361913535,0.7723588786108578,0.14468229427529675,0.9945468840601503
1.3792954017721062,19.438072653184832,70.59132126156663,2106.135100511406,0.6617291146387955,0.12414673531915732,0.32047924883888435,0.07111569838274072,0.5936267549509746,0.0851445793328245,0.15506616380083338,1.2429135920894274,1.540310244050152,29.563676443330444,0.019912838934339535,0.06041053527731034,0.48586617111997965,0.04790589360476765,0.12402610559064058,0.025843137995060644,1.3967730053180043,23.96909613632489,133.30927647406025,5103.328298302164,0.24042769186355856,0.531090425648434,1.341943648264626,0.1678333955237054,0.6943456864820954,0.12940286569846005,0.804687252392629
1.9129537370890783,35.54174743116195,100.0471412292076,3302.7680558769143,0.942104517122426,0.4876444331980853,0.8748353825252134,0.28264779951351227,0.8565432469822432,0.19868635054237446,0.32510003397036086,0.8364926927741402,3.670229692885122,52.04403627894739,0.028083670259970623,0.17976865579853654,0.7503029437113944,0.0968441054388072,0.08069412873623799,0.04775264224783881,2.3275548522406417,35.960193211324864,244.43326132809412,6665.989857138369,0.497393842986832,1.9825167201768195,2.979729723298379,0.49079811603751716,0.7659455945804581,0.39898677393394233,0.2510379941738359
1.758879601368,29.575877605394144,91.65357014385573,3131.3469610276156,0.6932469223868971,0.1768576802412298,0.5266639658171447,0.13601266376814147,0.5462516770691181,0.10265054808914587,0.21024918063003892,0.8588153544179212,2.5702053163955285,47.97190976995026,0.0129883124719345,0.09616721306134272,0.5678045570943244,0.040986970198953476,0.06421368034146618,0.034417353223369154,2.113193739553976,36.647572688164736,214.58271260949013,6494.789072581154,0.268125193078256,0.8085611033064034,2.066596064519944,0.23939213779470128,0.5099765384754569,0.23201889556164842,0.713529028623559
1.5510770501171753,29.845436188918317,79.93016679236491,2410.597774341794,0.5722503117022626,0.13811629104078868,0.2475902413800114,0.08206198401401335,0.5420679040669044,0.06457348076837381,0.12318548893836236,1.1816725562172583,1.4724666183488206,24.61502855880618,0.02293872529611033,0.08720951365876349,0.26618801233417905,0.03879257149888605,0.059024106479786245,0.01719303593116349,1.7160443873815205,33.46294421372325,176.32641513891232,5496.600450875553,0.20791522838846438,0.8222976818633522,1.4549676499329516,0.20045780873425767,0.4306091056978254,0.1429495979502756,0.5027724709048822
2.220886853684648,18.747927201357435,112.68428239176707,4221.000657319249,0.9304281682590466,0.4155704930191843,0.8661416048925891,0.293955390274266,0.8249330550072888,0.10413566942399431,0.3600412345711098,0.5596565407059304,3.7277406107636137,76.64058562737051,0.026287007854558165,0.10007350031350544,0.5160105346829928,0.05778817621194117,0.11624496984881419,0.021753900153945033,2.844835118553813,25.695219516734557,283.32397440339963,7743.06199065296,0.45439652444595025,1.3661403593138617,2.654192454050802,0.4745462244792306,0.8993153302113295,0.19798627222456588,0.14806923713643916
2.4909503266345356,29.147186168783374,119.79418147806311,4993.135063911511,0.5983066236588305,0.27913615271227515,0.66154716887129,0.21305464542494504,0.5725161997287568,0.06212100585668471,0.4246001777707189,0.8615502986115974,4.359914787351942,90.23247747966577,0.016642203460925268,0.10541469738837872,0.3509068071136184,0.03666494221696334,0.09058140393709359,0.020684998596652567,2.918979604977618,36.7228584798639,294.92103479199176,7914.6444286475335,0.22073119704695776,1.5826687650407785,2.4142631804813144,0.3557404351697131,0.7773423068679507,0.18837201774290144,0.06443899001371067
1.4938829010705112,22.36198797686299,74.74900678858212,2248.0822712739455,0.6119777592725826,0.13545346133094713,0.2202057692933464,0.06093897099938534,0.6414623648851815,0.08000035104502767,0.2397493230305838,1.2206007770904186,2.888233740534325,38.598241978198175,0.022170666694624457,0.07485441070928012,0.2949507119054122,0.026171849602328386,0.14188908776320444,0.018066504003766887,1.5032030401317142,26.301454412035213,139.26233725129413,5011.4277582644345,0.12094612866198379,0.5524792479701023,1.049074520022628,0.10571788472040006,0.7435225187060275,0.12594975518122034,0.7480569642481438
1.7400903697260983,20.559522794844206,91.98869135593559,2823.6570744756814,0.6389618041384763,0.2586843744505115,0.42686695083598286,0.0979145168141856,0.7104711033843307,0.10633667563795626,0.29917386068657237,0.7506709672498123,3.6899547829096253,49.992321807904716,0.013043518259018082,0.09030850317308017,0.2787380303953867,0.030236291285715585,0.08095829745806694,0.030141987092182465,1.89509080018587,23.34635645166229,201.07141324780147,5538.857470442765,0.14693106587888036,0.8395496678421502,1.4673222807487014,0.16157086922972627,0.5557490604768214,0.16291918358111018,0.6540767174251353
2.1028884655897295,37.30596269244597,107.01264021119547,3881.082400686359,0.5308075237674906,0.29223638469311375,0.5136453532326981,0.14815613726685142,0.5499573434855022,0.06571930073243586,0.4053096125470405,0.8936808370142082,4.02049109621979,72.99731898956404,0.013058460518742366,0.11120904033989382,0.3102231804627509,0.03208759893670738,0.11201048254066395,0.022302103914481453,2.543498024563741,38.11063644559583,252.3210991972343,6828.913287624905,0.13954694886156116,1.5659971897837277,2.1595980393222636,0.27069469074569535,0.8246869480797265,0.23950029306481305,0.13117013209414274
2.365962725018707,22.33984489430261,114.62623316274811,4589.805062334423,0.7468063753622002,0.18868148408849,0.5367793438685027,0.20815221198171324,0.7779561131854135,0.058159934374520716,0.26114466524253693,0.6265595495243284,2.603280401422342,59.655232025935334,0.015064818396600151,0.05172193594431758,0.24079586392177077,0.02455367710319484,0.08918086058582819,0.013040314171348537,2.5934389952634893,25.34596410986005,258.9217226840261,7163.242099880369,0.25130403663863304,0.7384947179999509,1.9552840665637308,0.32174381672686025,0.7929497790585488,0.12279793108268451,0.28116285041807165
2.4433199518164903,33.64343866005244,118.32508288066742,4926.9421184696885,0.5930789748612615,0.2981262476536074,0.7150251897275786,0.2125008483342352,0.5336555901186009,0.061022650085576516,0.37292004751099134,1.3369272258239626,4.140571765726223,80.87270177971318,0.027140459617733363,0.14114648218230982,0.44941012311617873,0.039073371720166235,0.06313064027475845,0.02883196736789081,2.621554257165684,35.17259779184763,272.13251812264133,7404.7674679014535,0.24034658809195553,0.972381576408287,2.105051828296739,0.2521073504179599,0.4367861690260495,0.13348505368635336,0.3668720173979913
1.6736309619129726,15.670728292427343,86.95537300389478,2939.0071581709244,0.6963839833374095,0.13937690420277674,0.294494132158001,0.08412474559590413,0.7399393666293271,0.08164865082390223,0.17020294852362322,0.9536008900977947,1.6029054163203222,31.020593779598528,0.01676558380410667,0.07949477660623319,0.46769601546180584,0.039228951917356945,0.07597185694619765,0.0288402604644587,1.9036897828784438,23.47614165163227,186.19170737868646,6048.058870740046,0.30787612539110604,0.7729457945173509,1.8351544199212426,0.22765903587811132,0.7111227198792458,0.16680584866928827,0.7035530598952705
2.4118728647691063,39.53421555256663,117.00149390454874,4889.207296518687,0.8294713839260806,0.32317474195932533,0.6396735708420778,0.25433745903393057,0.7475757791655395,0.06926798701506663,0.49263682743296594,1.969912705890021,4.9208298036515465,89.17032787989396,0.023847449005778426,0.0841704018259245,0.26409900432717753,0.08085822701605373,0.11721551728717458,0.02067410540897958,2.962294752714769,39.864158990566295,295.45840100393053,7974.906151211096,0.3457890589397309,1.055423479213995,1.8939042912418902,0.4229713767402393,0.7260207602451014,0.17339019777971493,0.08133494038077305
2.2672441455933714,21.35503161380209,114.25311747744126,4057.0669169770194,0.8728315988614893,0.3725313604924762,0.6341226158706854,0.22345490179749963,0.8046673325522355,0.10536236688303638,0.3097001798643954,0.9347169087401882,3.43967802629707,60.397412396736314,0.01704543813421773,0.10011005321281259,0.4330607247055224,0.0430012275568234,0.12793478641701003,0.039481446249706356,2.4000512254285824,27.080841971665986,248.9178314905629,6376.300245080169,0.3780294970077129,1.327882489378201,2.2756959463304884,0.39230263243425706,0.9472638022943756,0.28706401802237563,0.15903986819442595
2.1698637211998903,24.05228467329648,109.73871641114317,4168.950612298404,0.8571411188268705,0.3113135767122517,0.6947683145192496,0.23053287137439651,0.8343977231707115,0.07954749097290977,0.47702414177571084,1.2279945198814433,4.876447882033119,97.05792310945833,0.017147635479743233,0.06865212752564563,0.2946776591565125,0.04868845211041476,0.09602759969274799,0.012211051748303507,2.6327725754142337,28.116969002125337,276.5774475950047,7518.008482354006,0.351480045871031,1.0989948715946753,2.0669327839436793,0.36235949386912947,0.6932232458640578,0.16590012712677127,0.4115026446992659
1.798226884174668,33.1270672838156,92.9205025123574,3285.695552407047,0.5746588904887773,0.1278520085526277,0.21963277873957154,0.09350097562246772,0.6082424528923763,0.05079021443880103,0.2743599201886332,1.3928105510472657,3.042431594384503,55.162527839873135,0.019349457818669952,0.057092659543785375,0.21170810993594746,0.02380828282068446,0.12061513115228904,0.010643707113579152,2.1456360648400645,37.43816411772606,215.99305623644764,6616.33087676201,0.14256986206277816,0.5493002008598697,1.1209092047158005,0.13920827881681822,0.6280528909186037,0.1004946175397201,0.7939968593821964
1.8577658071865109,27.049545308864086,94.94884009733202,3241.2465855108153,0.5636671231014738,0.19522382861422866,0.5803996940691784,0.12555672086453049,0.7404253627206283,0.06388445486028037,0.21157370704089726,0.6602574193698038,2.4015781125216495,38.872474852922196,0.012092129699500057,0.09332120739121924,0.6805289064226957,0.04755624455149538,0.05688895555454539,0.015835884476510943,2.2085561518909453,34.71575308827861,223.83028147317492,6451.493510273123,0.20705222297090498,1.167918935631385,2.7225450021239492,0.3390430869243061,0.8612302265709534,0.1752711371651694,0.6361491285224948
1.3322739316845675,15.185642694157352,65.70315502604326,1780.2017295621413,0.6337065980618668,0.11088487484647368,0.13021773675725795,0.06231731549327061,0.588298813692559,0.07712702441706609,0.14104187625552142,0.8995978762295241,1.7548824291017757,26.255509049373103,0.016958639903547238,0.057699185442202476,0.2560901675179748,0.03679635228409045,0.058699684350029604,0.016807611485576045,1.1646750449462053,20.333930566353427,107.82746167143065,4341.48253920079,0.16265725062509748,0.5067367633810077,1.0221505127524444,0.11320095790192476,0.4338855079294032,0.1018465148085782,0.854170329546821
1.5604027041188993,34.54780623157796,83.22119021891099,2645.58488073573,0.7148145120561485,0.32567238836962153,0.7385968398451952,0.15402025198218044,0.782352162006287,0.1548662038371621,0.20395014154933952,1.6161712697059103,2.863565940111078,43.092607688084854,0.023665545622310408,0.1292123505951219,0.618538465341514,0.05470190258136281,0.13157172851533597,0.03742503760537646,1.5692945503926168,37.624727781110195,172.45253382210035,5390.298107560531,0.32533665812547863,1.555828699394752,2.7946808334671944,0.2912091452000415,0.8472319389489609,0.31495152310312835,0.7247578430711881
1.3909956440109892,21.169188042344977,70.88433550282055,1780.337821558088,0.510761510509482,0.1111439286573197,0.189728586758811,0.061814722467988865,0.6085390525646877,0.07159917664408098,0.17289825567826775,1.0113288194677312,2.068950709622457,26.186429671300488,0.02500235951227875,0.06685193158922344,0.4068332845635325,0.0600885523082271,0.12235560095863036,0.03050783242021168,1.2621282167761585,24.613166390934264,117.11545941210066,4277.091734292997,0.12038849622798117,0.5031040175764041,1.140759343528715,0.13748951972566825,0.49146384967322276,0.10876981846682748,0.8063529375469349
1.6172901710067384,20.936111677590585,84.97689045693164,2646.428570556469,0.7669050812780859,0.2283257885292944,0.5438848604335014,0.12321681878112566,0.8153595201186885,0.11993140296539646,0.34105072235513373,1.848866500936016,3.7690680137987767,54.14262545434426,0.02341528091686382,0.16244990158835765,0.7224655231962687,0.08933121050591078,0.13322203362156326,0.03915463489381352,1.6938170735869107,27.21776909297367,167.03275995396848,5135.903110293956,0.2245447650740521,1.0609933414392936,2.2928299352113948,0.24532961012684376,0.7792027460126878,0.2230464903106807,0.6396971672033722
2.458305146184542,25.679232631962197,119.56454820966646,4861.09904177961,0.6246596289725066,0.431183091655734,0.839683217611142,0.2725695475571674,0.8054826576011833,0.13112748253471643,0.45894986576511276,1.5140490525481765,4.853054027082962,90.5113355593478,0.015442021347849829,0.18227608923191993,0.5970832394651275,0.07816524764741449,0.1418235165235316,0.03668121698838632,2.9025817465560952,35.50026891573665,292.32477309356887,7836.9786319406985,0.2588901545518671,1.845505676988102,2.802932602643314,0.4582181790890221,0.9768145123950276,0.3276994012287559,0.2693856772713797
1.9817217152869568,26.94850380917787,101.46770783338707,3719.473322311987,0.869525243895427,0.3510846281871269,0.6338441519926951,0.2108364669184157,0.697000029039006,0.1321248535879239,0.26847531827046844,0.7918105156964896,3.126011537880999,46.00280009392724,0.013894297911671658,0.07410298294830837,0.2901446804879135,0.0311978295987575,0.09089437073460906,0.017113404048471406,2.6045219606860144,33.60230137263198,266.27067169342087,7231.820501455106,0.42501432921231946,1.702356614259927,2.580922801657608,0.3714502078372519,0.8994392645151741,0.3196518083791611,0.15938038804703303
2.3584554058000453,21.09288243866044,117.17142762652855,4263.364358220874,0.8279068737078853,0.4129644877777526,0.6712427314494372,0.23241068102662804,0.8644989481516213,0.09203637643844086,0.412984895099164,1.2489330603631286,4.305942850454485,74.95475542270648,0.02492162475750118,0.16890177063991818,0.5070689786901273,0.08668989602301738,0.14764117981856148,0.045772518881535156,2.396852257064314,21.073263276725324,243.65925139882413,6616.281660967329,0.13131478460782942,0.8668199568658564,1.897478573376759,0.2511098937570947,0.7373287905911605,0.1593872667077349,0.3036407814838903
1.2687776345540593,17.41696503610413,64.41888906761903,1621.6093001454099,0.8635422960877617,0.19558894923118117,0.14450112147941369,0.07234236460227955,0.7073797418944613,0.13527230571447077,0.1308232937414538,0.5764494281394469,1.3243441622401197,24.14133135113034,0.020869408258473224,0.062181496822740503,0.20242814478078464,0.027153557508323937,0.07372790014868211,0.01945944081561149,1.2929934603133642,21.155669287049687,125.57362198290049,4649.239453161195,0.4118800502316986,0.8102637090411761,1.1328292951687002,0.15820171385814774,0.6988560321815606,0.2145898372927495,0.9351452158910394
2.290855951761808,36.8032895961886,115.96418544009725,4817.360978380704,0.7888845920940963,0.43839119601943477,0.8857931829047603,0.2937452199492848,0.6783378938378238,0.14922267171009748,0.48575827414147194,1.2754950302401569,4.8767713763702485,93.89066407302107,0.02769901737157423,0.1869689414727001,0.7775356943963934,0.09710018329027269,0.142153263301104,0.04621351349966821,2.6292854481083694,32.21258356674045,274.0452852431784,7643.2124378154795,0.2941630379268636,1.20461599159267,2.6709979939460045,0.43418734632361916,0.5533939472912266,0.22552452291560232,0.2829763067943797
1.9969384478521897,38.52776120342839,102.67191630312192,3713.8704897372395,0.5794381504657169,0.30657602773745785,0.7623777589444536,0.1665929718648934,0.7626429872200193,0.07344023259753232,0.3337900656655495,1.2438886956774762,4.066951655636888,67.26406771000168,0.024793339045730858,0.15289653114652163,0.7339733787714021,0.07987118689366987,0.08825178989541523,0.029890394738202136,2.4068989928620446,39.17453994570754,256.2496385926036,7011.653126005834,0.23679857745864763,1.4779022730700195,2.916471283780393,0.36562966988843704,0.6322601977737861,0.20583541831307,0.30778829907130395
1.3106820178612384,21.335960087190035,64.43257997424386,1753.1249523448132,0.5091690052667914,0.10143488958107935,0.12223513607666492,0.051352634779385925,0.5099768139724699,0.061350637744767726,0.1433078590004946,1.4917561082328348,1.9843819082730254,31.39269611106058,0.023241855691108742,0.0616427174577506,0.34888173885088714,0.03886528058620814,0.07359689841885182,0.021447882667873105,1.1739602530250388,27.55592137862024,114.40134867769123,4396.90731261186,0.1485588319861253,0.5138892888631766,1.0488142375584202,0.10600428173527558,0.4352402436460769,0.12158366262535472,0.9619180463239771
1.3715358572728593,25.115664482493713,71.22794591335486,1765.0297701472125,0.8146522859414383,0.32654795742948295,0.29501925015367636,0.10261978498882274,0.619185513402188,0.1509861781841802,0.16870067067640468,1.2968251464581495,1.9985561053714962,26.766181959037095,0.023829275054359892,0.12638664753043755,0.24650935995397316,0.045142305226083326,0.07469302713550038,0.03159692304652655,1.4701521362034482,35.138814787272764,148.9063972033049,4681.146598473152,0.4395629988429581,1.4941982731356458,1.6286699987594306,0.2577422441232027,0.7072426419207565,0.30215811475435367,0.6071137891999983
2.0002266992027797,28.223549198450392,103.37012509626666,3884.6505486277215,0.6282498791449905,0.36772008741223233,0.7019385593528085,0.16953065668209508,0.5871411553158055,0.13999476509558154,0.41264186816653303,1.7746613386140795,4.579247609485656,76.22991808141704,0.017261139013029923,0.18530364346902994,0.7586490186366355,0.09447620042453152,0.07865865126291359,0.046086869220013114,2.2971645675053742,30.89836027512926,249.69877506124382,6853.121495004434,0.13421526477051052,1.35829518384065,2.5209573111871437,0.3157837020813739,0.4065371218181245,0.26134781006844965,0.6670593916362352
1.6055964571509425,31.964645953838154,84.61122947865655,2549.765665056796,0.552107833312282,0.17687896117993257,0.2932566986215308,0.08923190925448937,0.711114446455441,0.06750299597045464,0.23361489766457832,1.8901166708633073,2.8906572003353084,33.123172510443126,0.017112345464479425,0.09942057505673468,0.2687574963092243,0.029185646534109575,0.14632697632571467,0.023651717388751152,1.7490380995655732,34.043101110002105,183.21070793834366,5462.334091038881,0.10353499634373928,0.7473426923145237,1.2767619180204082,0.12126950900231594,0.8143432606371256,0.13978040128007096,0.837770704153386
2.0887894928940103,28.750428836142348,108.8369088543626,4028.714980326414,0.8863873818760175,0.41461253131567366,0.8546351948810897,0.28411027790996507,0.7219231524155809,0.13805384337251647,0.4813669890064836,1.0339888660642533,4.8360381890142285,87.72674573430957,0.02649519656529511,0.11355009562262852,0.5192650599958722,0.08627903935722057,0.1318816868810238,0.037732797636675364,2.54821115736683,31.043046955698735,258.249770960595,7136.36568783566,0.4043865743005316,1.2162636598556413,2.409068480886075,0.4427973819427593,0.6497330592324126,0.2153118929499613,0.21605238429696633
1.6859183174319274,15.577882998925823,90.09004638352192,2883.59915443391,0.9278866991439407,0.38802505258390874,0.7330312038187339,0.2249078997054561,0.8999237928359266,0.15115126662736922,0.44106599914123,0.7687917192156626,4.33832102264129,65.32915321245495,0.020017932708806464,0.10086355960978642,0.4235787060275046,0.06519652933657791,0.1458031975788706,0.03873076913179325,1.8841584468030372,20.606842633849677,197.46475044588362,5752.995260088435,0.3893363605719933,1.341529636927067,2.506151025762425,0.39063364500081477,0.9310017508276514,0.2792502506828067,0.5663505196785756
1.7447040961125047,17.469942972793827,92.47124178956035,3139.957514995793,0.8332743239910826,0.3777382426118838,0.7919171522371287,0.2238675288191557,0.7911380264363894,0.15700065114678993,0.27218081085949647,0.8271001526158767,3.578531856998139,56.36836630803508,0.021665149377794853,0.17504527082463656,0.6713972283903765,0.08877493441743155,0.13922373587446418,0.044905538367670896,2.0998028095680907,25.054541257244406,220.7650392115415,6543.557674160731,0.43166804232776607,1.4891209407717425,2.6223149959296963,0.4556023347134212,0.8889752286027846,0.3148079305399067,0.577245366426468
2.420744793387083,19.84512354212936,118.1364631947567,4929.640970550376,0.6660116659813157,0.302550722426575,0.8408075961804777,0.2612939916296313,0.6058831229481552,0.07473734486131785,0.4533685280795406,0.900996897324833,4.681633487202239,85.04748896011553,0.023667409770723253,0.1049733614117111,0.5863703171122666,0.05879629912684959,0.11844737660777967,0.03416210618075367,2.6277843825471865,22.18048862450605,274.76836352474743,7451.645499714544,0.18477816480817202,0.7358615254886111,2.2787888215541905,0.33888112153288275,0.5311080674517192,0.12748047563893858,0.3020406134151029
1.9719158362539775,18.089926716356498,99.3475059715156,3549.957583836841,0.7072876883729821,0.1401815648340353,0.27132420659216216,0.11937961657961763,0.692486511982279,0.053779315952695944,0.34003206369356853,0.5717073764220308,3.1182571157890977,59.285641221891346,0.018277501370922822,0.05155948837922866,0.22896714435367885,0.025354764766784173,0.11892222795278598,0.012101929256407285,2.313326062863847,21.931724771773926,226.83514465760655,6543.634544569621,0.23978157647600554,0.5552893131852529,1.207595458566716,0.21155573129727873,0.7317915614278909,0.10934483151627475,0.271126223566556
2.3539446151233165,21.721241248880116,116.35343982442967,4686.136591736125,0.8461695824433261,0.3934830887363912,0.6934489567844684,0.2242124248821467,0.8199082210324047,0.0815404531713373,0.47648976196852416,1.017007518645168,4.8022666652262735,97.53668067590708,0.01690864235408569,0.09474448887497981,0.41454702773961816,0.07346387001082832,0.06974463502823376,0.029518651717768345,2.9476901020427055,30.745109853501138,292.33008306773684,7929.047120624848,0.3803869357084441,1.4516928737419768,2.555276889722194,0.46019974021998994,0.6938759834662684,0.2747055230752095,0.07009223351612193
2.034243788941861,18.786471359988138,106.44850332434838,3759.3994625115693,0.7133225418234695,0.4641829274042914,0.785570660186107,0.199312324816167,0.7505721318342095,0.14528542026596664,0.37710041397772126,0.5543682745384482,4.112669928968227,68.7489785018514,0.01769206093465487,0.19276216242379615,0.704145059371252,0.05668899392762608,0.1305293084819412,0.04367380060265194,2.5996892882661493,26.07595606907242,272.2142099950298,7138.3237392347455,0.3028646161906807,1.9546097618739695,2.940597699513493,0.3711174334172331,0.8889254264128779,0.36459574724937815,0.4727122619391272
1.6218553298216156,20.403193624494353,84.41606005695111,2420.9968830252665,0.6338824132119474,0.14922295359664223,0.2204224930275262,0.06795719252472864,0.663774283190866,0.09372862042069725,0.11173724137142026,1.1563550908716116,1.1922836706619069,20.863109642238093,0.022948783973906716,0.08694591654759269,0.3024892383123259,0.027384204504490493,0.10024728462277564,0.028783379776105067,1.6353923483624482,26.643007006417253,155.05832367388183,4958.908734714955,0.17262485750804402,0.6179906754969757,1.308677728959841,0.13203311693591496,0.6402693709331924,0.147252677487094,0.8217636122321103
1.2972975280160661,15.10272925030543,64.31188530742594,1758.1699898142522,0.5426492255442893,0.1027477739739769,0.1331707944627889,0.053643018188437704,0.5012953061965689,0.05836098470085153,0.12984613405561699,0.6904051785452988,1.5375708276121867,24.774926237410394,0.02230722188455039,0.0571788163634576,0.2979070727104229,0.025024322068714806,0.07567118773905297,0.021162158925592645,1.0416055509272204,20.053876248452717,104.0397845715693,4124.6533574952,0.14706854793860605,0.5060039990170864,1.1004682506886176,0.10445275132021647,0.41706341871309144,0.10180700559795614,0.874384942271917
1.8146570220489153,18.46090551397847,95.78882351772886,3317.854659951937,0.6935651636786718,0.41107337076182454,0.7831163489455225,0.2071366457937665,0.8271500104062951,0.1531642196825858,0.30927502617025865,0.6175289153176058,3.818463532201806,62.44264122448381,0.01985300975673048,0.17405621235174287,0.7544453004234208,0.07415404232542878,0.11147750130376108,0.039907672006605,1.967768196449073,22.5101969739,209.70367824136346,6031.88536438594,0.23661757232162156,1.5908305218638905,2.720213861842655,0.38273910414070966,0.8982226949455009,0.30876935663914673,0.7469371149119657
2.0585730695520774,21.626961849573128,107.13734337926084,3707.737618129491,0.7311831373642702,0.42550663336364625,0.7045632092539559,0.22483409156503947,0.8440817139420067,0.09907466802738348,0.38982117721156606,1.3595371798553786,4.446544188343246,71.07173645925845,0.022453592122194548,0.17248616421302565,0.38798763798048663,0.08744198286084859,0.14823549822460186,0.04252225728210016,2.4282299108733985,26.02503457064526,254.1708716013711,6834.213620172228,0.27149845318599686,1.2305328358988061,2.0722730117744237,0.3437802908003061,0.8694508559141936,0.204443874934743,0.14477067064964788
1.48490668734833,29.29344475172312,76.97810358095579,2260.913926182087,0.9157846774205302,0.2522387136807973,0.48448736025471467,0.1464097198533309,0.6340222200296388,0.167716508301058,0.2512881388035223,1.7716083903613982,3.447421219170013,47.927846918315545,0.026098292180921988,0.06813840768656575,0.3144434131975837,0.03434710747830518,0.09604176518238249,0.030223976162295014,1.4008530071783425,33.951677693986646,147.69785471531543,4803.893248724823,0.43809666443799905,0.7107993461026119,1.457745450177141,0.21605278389844282,0.4856654168294908,0.2498165088718355,0.6012046618572867
1.5795653690448295,25.20503383737577,83.91059341765585,2341.5485134631936,0.5779763022057928,0.22073778614874617,0.2778224756544313,0.07701926843332925,0.5287767959937791,0.1291147237825067,0.11571511451737913,0.8432604403055949,1.5021766840273385,22.166259533130045,0.019585313638167408,0.10012388970920882,0.37197218531652615,0.03276533000403123,0.10136945932357184,0.029323131020469406,1.4864588940873618,28.427929053741327,149.01388749651488,4682.767967647735,0.2135140957948041,0.8780513857336485,1.4506082864163123,0.17851425823746617,0.5165115906853167,0.19981677404684672,0.9250750560747465
1.6840226709829107,27.83333667931026,88.03829404293722,2861.2706939917152,0.8207912091938647,0.2447056027677309,0.5001010141197026,0.15756717919794727,0.8338738512620301,0.13872263792952932,0.27927227446803143,1.0176278935974343,3.059234989305346,55.00831005043576,0.019965626031790758,0.07054530148532528,0.3873033254074887,0.04595485523280547,0.07552061832327402,0.021443971182468335,2.163105260442389,35.80879948913043,222.51436857678434,6445.699035716891,0.39165145138611046,1.0098201442431833,1.9171330082449434,0.3568996415941803,0.7868062803918912,0.21478397548659536,0.27928853328322023
1.2207002175896309,15.295864413693797,63.65197084768895,1673.624092203949,0.9422196603708806,0.24289220815666507,0.41796401241739595,0.11167804567746235,0.6315560485579311,0.17869885867462554,0.19589368517988412,0.7521587734351912,2.6050676759192193,37.38675870007221,0.029482954309561868,0.09034542667775856,0.33388916138786984,0.03667163984395186,0.07438198373355018,0.03131057160490465,1.13275481838821,22.11676026670041,120.1847504573946,4337.217398746154,0.46062414778343036,1.1082700114399096,1.8361209207377807,0.1935851726250291,0.5957528985839596,0.3003243393924943,0.9198824900678721
1.2240298150175144,17.783334941589903,60.24428688491472,1517.043146354348,0.5803472475358856,0.11155359099787998,0.10908158607877921,0.05038907261399333,0.5074763951047611,0.06437061048960833,0.11282379160757358,0.7237822464358062,1.142439029257017,20.578136975303842,0.022621055275335148,0.05707552717840922,0.28903573302579494,0.02248283047182227,0.08743149984486849,0.01646137082916342,1.059985568465684,20.919296951034624,101.62568418132327,4117.564788149564,0.16593375368877644,0.5214717230727061,1.1259521518911921,0.10241574037231731,0.45410089860726705,0.10776442137876047,0.9948079456878414
1.757234022209939,18.972573361471902,92.62112805165529,2952.720395112909,0.7380405135458731,0.2816260063155194,0.6427684076263801,0.18942597377477755,0.7885212580526528,0.11009477360011287,0.18666867402725842,1.0497448865258379,2.5169055982796964,40.3392114880134,0.014748397996846897,0.09658788482506926,0.537982222061747,0.04548342431154192,0.13047944410164028,0.03283986249162594,1.8479337703590888,23.23301100387309,198.2230112076461,5694.58203838578,0.16579472398503198,1.0124023145070575,2.3857275469834014,0.2650659646468796,0.7532787630240397,0.23941822355866346,0.7398222243622062
1.706113360627543,21.769200793190457,89.98065775324801,2840.0331885556975,0.5708016926963242,0.22542983605297637,0.35710493605469484,0.08570874425357064,0.5464221416781189,0.09553197477701462,0.1316108649725139,0.5279269560731277,1.6170863084077092,32.41935982145646,0.010282045160344769,0.08526315798436573,0.2733970242746349,0.02102996854980933,0.050571925414070684,0.030202604931677698,1.8809055620208464,28.818487283426517,195.74316528565944,5711.779720777263,0.17273979405470338,1.1718184107724932,2.0268600589438366,0.1974661025711376,0.48287624638607163,0.2765951061359241,0.6437000808242455
1.6621500129861002,25.64240232131507,87.72749538237726,2645.370819615951,0.5972405575400686,0.14721082831188037,0.44463816367977144,0.08999406957347977,0.6993798958394589,0.05955504001916365,0.17012209889278496,0.9060408508847254,1.9591803169735007,36.16998445647331,0.015108916660438624,0.07191178646170009,0.42468340019634865,0.040389652236333805,0.10755395647873016,0.01471202859236307,1.7692667679867737,32.98819441694606,180.30883208481646,5242.734178451727,0.20213976487152813,0.7991327804387498,2.0493954762070263,0.2418413734384521,0.7655116434656968,0.12603429135829092,0.667698388985466
2.260222060033756,39.399682019376066,113.0638490885356,4199.606998254132,0.8153241295160166,0.3151996147620555,0.6589328037072516,0.2010320474791765,0.5884883510755925,0.06686067165493388,0.254611791222448,0.7563769017240803,2.7613145547228726,54.09217768885309,0.012992778983052365,0.07080109505530739,0.4034391873517789,0.03335823949972097,0.06392339132229263,0.02010256241272911,2.780753315890878,39.85193667763654,282.2945932024684,7577.949774682119,0.40048640145661957,1.3360535395918094,2.703855573022507,0.4192289641316488,0.7067982728510203,0.1949202063622908,0.367043389816803
1.8191440905189937,24.12964065079414,93.3995189434169,3331.059166824275,0.6182721663293331,0.12147724276725186,0.27984315826385514,0.1192977284704423,0.5490854889714119,0.06440382284639978,0.18482266414516685,0.9370921849823086,1.9078822447995731,46.674946617316856,0.01866822916163067,0.050869371217930975,0.21703064622031218,0.023926116298858102,0.060757759417136,0.014536936984052371,1.9043534410993979,27.44690189620251,188.7806969563689,5935.580257062401,0.2056211820689719,0.5215187446697018,1.1663582706073194,0.15675827170409345,0.4256970793391993,0.1427233014248534,0.8874878567323283
1.922716611790059,28.862659876524766,99.39121944794655,3566.277978132481,0.9020550498285697,0.420160804215099,0.7118293679703522,0.2229771332895516,0.6517166566536585,0.12651727889313846,0.2703784571743714,0.6732033804474006,3.1467570032778798,63.015825676570635,0.012800591859085064,0.13895799306283965,0.3894135539196469,0.0489461190066753,0.06523722664898579,0.03242655577633161,2.4896475910180516,38.619177969860935,255.6877514218128,7285.101299799677,0.49195684728388006,1.9940800227122029,2.950098243986617,0.47142160188790905,0.9237783309203025,0.3922046008125508,0.10730361443809355
2.0146755410880415,38.25712855291924,105.59707376324874,3831.1333032213483,0.908643353621431,0.46515057110378316,0.7928830981709929,0.276601236497787,0.8005206142897651,0.13304893586541086,0.46895960918086715,1.5057274010350108,4.642934526745715,76.51432500608104,0.029439886406435314,0.18638542250016218,0.6703380569137095,0.09746521452139192,0.14659272129800718,0.046135652082891575,2.568448127370984,35.66563246636287,269.60236596957003,7019.928174077226,0.4274972304672248,1.576333055608064,2.2996867348351566,0.40497386074148556,0.7654951183755745,0.2689001036490218,0.1111969107839228
1.3285614924179892,23.817075021125586,69.03509346342858,1806.5777011303967,0.7480086593501069,0.3144810687940823,0.3493903495971502,0.07608895758294176,0.6491167477701878,0.16873748628406857,0.22308706297417094,1.467062517730261,2.4049293379183188,30.400483077565475,0.02082885625613994,0.11090060079940992,0.3835947013464218,0.051433665117561575,0.09635874557589712,0.04310971798536618,1.228260920594344,25.762356145251374,119.00597363750701,4500.237880029554,0.1613905558792901,0.9985961934732979,1.6251905323512434,0.13721983709959265,0.4237278905812089,0.25063257331756283,0.8953221640682567
1.2684591633546882,25.645667829921855,62.735682325473974,1599.6401688165256,0.5024582936084752,0.10732296374378555,0.13338590008205276,0.05133039401471016,0.5065514713702589,0.08825951527133304,0.12001429927881697,0.8792445812955714,1.1860572939400005,24.248205119691487,0.0206886488874732,0.06763103340998346,0.35124597181979006,0.03377977702565229,0.054036677518508325,0.034938100664593616,1.2194009162709292,32.61351394630232,109.5986830639845,4474.498243856122,0.203417864647213,0.5801599708174956,1.2358157991708176,0.11477338576323459,0.416012033208472,0.1762627472267445,0.9611766669506152
2.208848572139204,33.25505686641886,112.66143250684269,4142.9460189736365,0.7211167346758894,0.4756315624686539,0.8024199940780928,0.2441845992801449,0.7763678385259396,0.11458075248444417,0.2957230194566469,1.5552549874677477,3.4823983272032635,50.44344737844841,0.027533007856739365,0.19181765090402844,0.668532102855975,0.08767493633279487,0.12699887515321143,0.04269053017577461,2.7078771431895023,36.06866328242017,278.25138846805555,7565.260856399603,0.3143428577439685,1.846955761291742,2.846639963798298,0.43466093410514617,0.7396816267743791,0.3144700198420869,0.20569336786914771
2.25559682436693,38.99312203649106,113.82585563382912,4168.019858373905,0.9028290492005246,0.39326771522588133,0.7416260280581461,0.2797605147583184,0.6784852209693595,0.08586818510406889,0.33463588764834484,0.9142979027361504,4.088694081187891,55.664266052219574,0.024134487082023724,0.1168156206181656,0.36878899376599983,0.06665997913348376,0.08888343058091808,0.02530735184370231,2.675458306368894,37.32450588704495,278.79462060894286,7134.818082803262,0.3998401658197274,1.3205411643226046,2.462126929884464,0.42364674930426405,0.7355280691874478,0.19668930427575174,0.04596208560911941
1.7387436593933945,26.61498795734555,92.0874591725775,3173.2079976777136,0.6561758781683982,0.3582067104382528,0.5722365889974563,0.15626391022694158,0.7620224025284276,0.1419506362645228,0.3601310514181507,0.8266673434095856,4.1817405045408504,63.31207667579706,0.028528569037376564,0.1425160114332937,0.34307926078845274,0.03910149754136382,0.10026428718324679,0.03317369210065155,2.194344398209498,30.93014336307854,238.0927350853965,6658.7617072279,0.4204361860284006,1.4418131539857115,2.1108320547378456,0.28405343657686133,0.7924867655066175,0.3289702785339459,0.41562323741912793
1.2173556260238487,15.253156593593685,64.1433113030901,1587.8554614474162,0.9334298097945465,0.3591086644364245,0.4380444381096866,0.11527273606063895,0.8304059227736464,0.19824043943538022,0.24722587739007906,0.9861215430370079,2.6101719771344722,39.84062634210481,0.019430638806893843,0.08604877878668887,0.37916183834265155,0.037777384997326136,0.13371603142167532,0.03856976724812409,1.3066768107383697,23.958568242904157,127.14498191008117,4676.774080402442,0.4613835845178231,0.9367650587101576,1.5996086655722985,0.22973794140827367,0.8835187984901758,0.2855865596240124,0.7880646140101872
1.5500067282495202,32.06936610399253,78.31628432105568,2552.79210874208,0.6311056438945573,0.13203330567151916,0.26677528791698113,0.07185179418514352,0.7536466006765826,0.07006538326608598,0.36492638131957716,0.978608885944173,3.8919688977620837,71.78967925204996,0.01748851946484178,0.05531155333717687,0.23291968280416825,0.02971537845388153,0.09203320688381039,0.011385670329648146,1.8357432242462128,37.596035657834484,181.42515861512516,5864.037073705107,0.25600490201687776,0.6839880466947004,1.5843151576135985,0.17378108475374615,0.7119223703582679,0.12469664918982788,0.34076097890055523
1.7500389545006858,20.6973687099808,91.32795727013304,2891.563097116763,0.6608072835212985,0.24872631800640788,0.37467505261522016,0.12468694763673552,0.5512876826202362,0.10989796409748238,0.18594930821882724,0.8963184793938491,2.382006159947583,36.57948218935334,0.02428717233703062,0.1177340105450545,0.31553700167579635,0.06116782632005727,0.07143585060458713,0.0393358313981841,1.823475012369567,22.301270504119532,187.8112665385661,5611.101492780755,0.20572551467022498,0.7956691879882315,1.507355177075657,0.24288592274039253,0.4132396982220186,0.20689717695664334,0.5802127693468413
1.3782603693712516,21.92002703035002,71.02847073471364,1714.021678580932,0.5588617424111522,0.195146438777567,0.2441432451700668,0.0655778314731596,0.5955567702632943,0.13074372165485845,0.11694815842389882,0.677350516530941,1.465799452976313,23.834706539469135,0.012809213088822696,0.11580180152116842,0.4139658322818324,0.04106119717482449,0.057521647381127076,0.03490140814167201,1.4543590852865051,30.860072594086358,152.11094985991235,4865.299663163925,0.18062723163541233,1.2304193153384857,1.9207266553756372,0.22850074769417175,0.6626447407626719,0.27698485729758276,0.8141601840532741
2.225076130537359,39.17692859557246,112.0241080661621,4412.229568860263,0.8199286240281116,0.2989822781755238,0.7878925520999545,0.23703288351304178,0.7530451787534921,0.06749155144657377,0.49223960107627185,1.911690595041095,4.849241841108591,97.31785272324026,0.018233971394334806,0.13734797058831946,0.67085128321999,0.09160519994110568,0.13958131094863002,0.030531218740760407,2.7116822299726313,39.22589694323878,275.0280493365894,7591.909629203489,0.2569917646772487,1.186646799429746,2.686272656362115,0.397951047053427,0.7292485911633305,0.1568264518182746,0.1489325926784102
1.546524509386871,29.378470201067692,81.96574962597667,2285.34744683003,0.6557181267420867,0.30717588016327574,0.5505569592165865,0.13711262515929093,0.8323545342475835,0.12724186965007617,0.23457902915886467,1.8001383689680543,3.4056113238620878,33.17314247468318,0.018901332751746002,0.12292278615541175,0.43216583399852254,0.044706769547799015,0.1064101448400258,0.026009056857282324,1.5529778104115552,34.29306099364392,170.4471586722663,4792.527266130277,0.18605743383011672,1.2038856175598303,2.0186793948559445,0.24474386437197954,0.6632725122369697,0.2240790720633879,0.4266167580277702
1.3881933594466054,28.675674068348798,70.80405431321184,2001.3552878519088,0.5384632037271143,0.1207978350941717,0.2514775790875262,0.06068441254502799,0.7400657494156279,0.09495571356772509,0.11775180098626235,1.66383119892806,1.1673507454293297,24.916901092680092,0.024278035768677216,0.11046827831121253,0.37907336415768583,0.02463657823679854,0.10727298810148024,0.03448064009122166,1.1705183826564975,35.784779124336914,106.78549196973293,4240.425945904157,0.223262277782075,0.6955596403722948,1.5729562188762585,0.12928806153881753,0.8161745676796373,0.18448003958439332,0.9045739094140811
1.4325201325247676,32.68460136199456,72.42706489182561,2034.7639630343258,0.6973957866446084,0.17305575849645236,0.19769921367820725,0.060538213888623627,0.6190664901122218,0.11136236942199684,0.17654814360010482,1.211058808011136,2.5475509689697846,38.23691144340561,0.015321279710163008,0.06008380996929372,0.2337386427554108,0.025122740073841875,0.0660312120252082,0.01885278566430255,1.4024032874937982,38.84350002720402,150.25233744778978,4676.0537260301435,0.2692984691489615,0.8952493745144439,1.455540498519945,0.17560442720969618,0.6763411519712729,0.21164947173804058,0.819188465419046
1.7787812086078776,27.514253558373333,94.43960448480557,3073.5779850899467,0.8151080670458898,0.41689002781951284,0.7828413834176371,0.21546250663255442,0.8863958396244782,0.17681375604128297,0.3033247187211929,1.0543830200603932,3.087904152471912,56.292490156043236,0.01750691350476221,0.1671559700607005,0.707939061733441,0.06879976849400113,0.13126298884767862,0.04412549727446933,2.121068638446623,32.2368995534459,218.30343791052246,6135.027048338713,0.256284981292019,1.6776909055226759,2.5777802989948735,0.3616419608734791,0.9752768610605147,0.3383521956493229,0.5990188733316517
2.3659481583980315,23.34694127697808,115.11001027596902,4363.947357262284,0.7633128127831834,0.33497271885466084,0.6610418386594791,0.22937394122445764,0.7896301065635625,0.07775386775751121,0.23424243813634418,0.5444005603523439,2.465460945953757,55.72791697839047,0.01550149640249288,0.10524871488807988,0.32255436955572353,0.030496014117696785,0.10478930531932613,0.027143651598372738,2.684754623406141,30.75229565279559,272.8835999101647,7068.1007232374295,0.4120702033643479,1.7459289906179853,2.7532531551204915,0.46663944081751335,0.955066779435898,0.3256974335834935,0.11824994478353545
1.6185484872428175,21.446817501821034,84.12416216866303,2512.366966629282,0.7665354010490973,0.1671656630284699,0.4172774860433908,0.13397636303714233,0.566103337941679,0.08139940680913256,0.22664191991328375,1.1305420459898199,2.275913245732837,31.781220955942533,0.02838116494174257,0.1168204037257643,0.46101611644627793,0.0530631366970073,0.12178763100553949,0.03733577986037192,1.7264564916103267,24.287402730167827,167.95753528363025,5143.440322379312,0.2201229358034393,0.591767320762147,1.5079330187088595,0.1771801288307957,0.5453902039545816,0.11900527760049269,0.739639445784932
1.4740239925113445,23.160303724439206,76.28814154465627,2116.818113826074,0.9084214464253664,0.2596394067685763,0.5527777872993557,0.12017028302219238,0.6287407230647216,0.14843654043652107,0.1468645553222051,0.6736455276742384,1.7841886490613719,28.255692365467137,0.027057435856849346,0.10912767045149692,0.6233262829460068,0.0461460036596262,0.09506729057730308,0.026997850539443424,1.445125248921478,29.329548728517906,153.56668023644394,4663.619838044084,0.4403542171362858,1.2757584736167207,2.4039465705560037,0.2569078437815106,0.7594725859628768,0.2966087035839841,0.36538358765883916
1.5352005631036783,28.476177773307832,77.285971300192,2177.776649170819,0.61972465114069,0.17595903597565338,0.31967544718415564,0.09149536738153603,0.8094809113314969,0.11235153119658259,0.12604465862023018,1.6700790549261315,1.3101980186644553,21.964283573558976,0.027492296993270444,0.1281407565950626,0.504797634006294,0.07005053342000939,0.13287146114319237,0.03665639519309256,1.5921023371164462,35.265008160782095,154.7141858776738,4904.678120030818,0.2733521335828566,1.0900352889759028,1.9652233652949658,0.2707302431592575,0.9023734518993292,0.27805970850908907,0.5242500024132097
1.5085016174173633,34.08383557755907,77.80427821530013,2426.622355400079,0.7196587902037883,0.26210356120759326,0.33500690315296067,0.07581786172884919,0.7745601873316218,0.1445254846427063,0.2302239176279956,1.221121003170277,2.625899033554843,41.84249377027198,0.0209027595443521,0.10421670509516101,0.30770563334198525,0.03377256660411786,0.08009876055727355,0.02609982052955103,1.8374739067566719,36.74742378709323,189.4840823884806,5882.493793511476,0.3602460524835724,1.2328653920053363,2.0400476953864493,0.21094462928870977,0.7587060742923619,0.2780897393147082,0.7260114512786965
1.4470227756275469,31.002020655837477,74.51549924668109,1912.7133502640222,0.7114365576155831,0.43768364479706734,0.73732593549028,0.14406175541277508,0.7566509532904936,0.18275773085840788,0.15696125213401038,1.3079222857471313,1.9917989383498105,26.983177056963516,0.027741691321202234,0.1984649791441313,0.7576942317814378,0.0923237081950747,0.13047513898948318,0.04990612669568034,1.2717109541337104,33.57920136589444,130.5638751725878,4194.175416450885,0.3715206296790041,1.8726731534268943,2.8066454974516586,0.3258128393759929,0.7663083025371107,0.39869167851284265,0.47102758086380303
1.8227425810906175,16.093394155211765,93.5162294441788,3281.84114621281,0.592561502184974,0.12301835775829324,0.3750647518318182,0.10431049109294406,0.6452482725317576,0.05484094530402505,0.3243491704676088,1.2105549176039934,3.5728266705886638,73.75572352586114,0.02472003358345798,0.05846101120602525,0.42333865848043434,0.06079395431184955,0.07080191565350055,0.016553205118598036,1.9589680392267625,22.310294956929035,201.99554955025087,6021.112225806089,0.1456672471231144,0.5923810312142965,1.5509342903022973,0.21591502538505697,0.4266027297058907,0.10386696771565525,0.48686224289017854
2.3257633051334117,32.29311684022083,115.03102689069978,4793.962794381034,0.590302135229021,0.32364621499365875,0.6763838886962883,0.18281758707841156,0.6213294310709597,0.07732780084489635,0.3919911389294731,0.8652440607337675,4.1859919945889725,80.89612818161584,0.024495086663144174,0.11392032259534178,0.6039131796172112,0.048568682683882224,0.09364090511427685,0.032533738509291484,2.5527081434481596,29.402656398364023,266.97590111474415,7236.200238750611,0.14901782123857024,1.1043887609421355,2.179163139209691,0.2737495747756764,0.49695990096740855,0.18515885685763722,0.6611784183003904
2.1737212750985013,24.664716725950854,109.48387407680445,4371.835171228178,0.6778938680371334,0.21566877015852748,0.5026049826361696,0.15110720199345018,0.6191980005695107,0.05750110377113951,0.42460184698351866,1.4838253762640579,4.476111171547724,83.30761460766861,0.019841439136992944,0.10029086947102661,0.37975155061892557,0.06365783914504239,0.09638619061175699,0.025518271006517823,2.5576795965774637,30.177986012126343,263.64343309146614,7360.8772159885975,0.18618279890776882,0.7397414405341546,1.7377312098793958,0.24914185024788232,0.5661452892668033,0.11369187341585263,0.6741143243541685
1.7916096067709777,33.94784057386371,94.87604628408648,3102.0279348098143,0.6953883598837081,0.4083434597083021,0.8147693997525938,0.203656385522814,0.8196884664978072,0.15115020487823122,0.4343698295058839,1.236965242692002,4.3022695924112675,78.55390810029736,0.02125158732516283,0.17071236970753265,0.7609115601631274,0.0660492543966237,0.10584088555704094,0.04699023504306525,2.1253952079360667,33.53466966416665,223.1074164017203,6182.126634280139,0.26955549019146624,1.6458976972676724,2.911790779783378,0.3203925302620339,0.7571146566845871,0.35514659688591305,0.5734969282697608
1.4551058173042137,28.598072693598798,74.18763592127397,2300.415189281382,0.5579075513613635,0.15526150432505573,0.3036662407650561,0.08037821023749847,0.5240960182632387,0.0748016845247555,0.29769010359441533,1.084675546098417,4.006418374869736,50.712702406167466,0.020777860829699603,0.1187849543547588,0.3261094427101383,0.03722011329562289,0.13189326936922316,0.019833239718727226,1.4886741004051711,33.32376983607438,162.60124215826878,5107.3896908708375,0.13917582014646854,1.0095390037503424,1.540487615351092,0.14550543368091926,0.6326087526823522,0.14818363180334765,0.7388798675540448
1.408834044529209,34.14007687788127,73.2363891158683,2096.4299803751,0.8407999286121606,0.34754090097434437,0.5694131951109144,0.14561937390853688,0.8034840646382045,0.18649408480498383,0.1913158373097385,1.0908537958482794,2.324156755261688,34.49358599538892,0.021310545576410485,0.14723385641904338,0.4427140352449393,0.03809944837150029,0.1216848941727516,0.04492246212847306,1.638658728170172,38.64687736888497,175.56960413801664,5414.112969137387,0.4608274947983612,1.5991531156406114,2.473532770935591,0.29897382600537786,0.9787589464117901,0.39692619746680485,0.2726554029607332
1.4408778001642908,17.733007250373323,72.38173026291986,2293.012332205651,0.7425701538772393,0.19932678749154092,0.47321599510501927,0.0786351070328341,0.6081002875065981,0.17659113823210154,0.14230708101827633,0.5533551968351396,1.614231323350115,29.90970636790669,0.022343009170192697,0.1230722141573434,0.6004488769481231,0.027722814267285057,0.06202665462656382,0.03854026285540998,1.583264499800516,22.686003960623314,150.55024366890282,5305.141338743414,0.4088827352288198,1.1037367226600674,2.093254340915702,0.154748139726619,0.5529380794215661,0.36300041703056174,0.6464765120051258
1.338922964993673,19.42038149686263,69.5588975794459,2067.391466157537,0.615755547137544,0.1693308647035168,0.4384161461257278,0.07516801649840854,0.7312719495037409,0.09519249311909089,0.14949244834415726,0.7554684468083502,1.7352015970625532,28.44261191653107,0.018584091867748738,0.07524632846162134,0.45464943902976257,0.023785054940320335,0.10398060148329746,0.016572463707418265,1.2097828373142827,26.43568995566734,123.04718988828861,4487.774665275874,0.2940393944296051,0.9097620403946315,2.130455424258058,0.1424487873013056,0.8286936869271785,0.21722364647213732,0.6738162007067118
1.6971872982368075,28.162998964520195,90.45969019060726,2814.2210448679543,0.671468370322603,0.42605382910619555,0.8040757061492025,0.15611804249045236,0.6590694014206075,0.14837261317630804,0.3365393551129211,1.0735202458615463,4.111734318487374,57.672189056210335,0.017247025069742697,0.1874187519416467,0.760197818459022,0.08996770236326489,0.11301334566655816,0.04898431987754421,1.8840419622912972,31.936838492250946,200.0895780035149,5474.8335085085855,0.20188203885345746,1.8448296069672632,2.839031851124311,0.327446290614081,0.6931444940970645,0.3662975355708663,0.5061464553455067
1.5797498885360328,25.805053564132475,84.54957258600453,2542.282925498645,0.7334499025676686,0.2883951162587823,0.535520037332176,0.11855171579247911,0.8211964163589975,0.1564897423095165,0.36947905763575184,1.4960845033801826,4.417965647149639,72.8008137095152,0.028455700933374024,0.15329564828285672,0.5423585832218869,0.07982266054724348,0.12083470267167308,0.03912897595196366,1.7051326563213205,28.200040595676064,188.11031166235193,5549.646493580493,0.23137554860443643,1.0777723877622543,1.8714553557026756,0.1860522060970852,0.6924154163838698,0.21524177959073643,0.8241061921500498
2.053985116505179,22.607147458621654,106.86799100667606,3636.587073399881,0.907750236099994,0.4850075333909268,0.7072927783075025,0.266003553346775,0.8658791850153442,0.15245890747826646,0.2281981517023988,0.6126703396511154,3.1968118242816517,41.35432712541669,0.022956706503965134,0.16464693273719347,0.4925498022959205,0.07282976015156682,0.138507892923439,0.04149833535411126,2.4006139895807515,28.311573417679266,256.3930926154179,6561.434021401304,0.45023528755747855,1.9193623518113954,2.6340943352233257,0.4702676295484158,0.9961039409156816,0.3676190469540023,0.3819584497803457
1.383610580693715,24.938034574024993,71.23379495017674,2046.1575297565164,0.5566469829991979,0.20186503818686663,0.3719927511247479,0.07311433426901505,0.7651015722914016,0.14298504523015684,0.16215018879416593,1.1073921655632555,1.8321432999941003,27.462898907185377,0.015010762663364981,0.1474016019254919,0.5069790329646298,0.04782668776024851,0.14413751993495408,0.04177696025771558,1.2075152509381062,29.07928721277363,121.05358510382969,4383.486213420955,0.11465544541410434,1.2421505155321229,2.1183827102442785,0.20899259222363373,0.9231668014543479,0.26315228713178795,0.7272895276958246
1.8755633722675098,16.154392032072256,96.36872957485505,3408.5985270014253,0.6894960629462193,0.214678549866088,0.5520174338548512,0.14084386573803817,0.7382114459723692,0.08380066640668599,0.2355547528383312,0.7018830353743103,2.931935052271129,52.785521380166195,0.014759535039275214,0.06391914685422133,0.35232511524254445,0.024235977396029795,0.11889332333574139,0.02079572899942268,2.097219190186237,21.612347088034245,219.73270970178953,6195.55336719675,0.16388992165178567,0.8688243755957612,1.8923715925107132,0.19191053251130064,0.8173070300143125,0.16465276058630093,0.6927109546619887
1.7011897413488766,16.99478122095892,89.07636354550927,2669.2975945719777,0.8038393104187571,0.2578389778043252,0.47772809107073233,0.13955807420246516,0.7124906424274247,0.12464921838814347,0.20569871472567333,0.7844987829331411,2.256421871915097,35.109587824817424,0.013918342075919306,0.10798652726576341,0.431962695491513,0.0651451214594761,0.05991854330386651,0.03654209227769897,1.8850084540538825,21.978889829045386,187.71809492024022,5471.960098024968,0.3232941744620452,1.214628479678412,2.187268849336748,0.32855450398866254,0.542277988038334,0.3044611454768837,0.5640995486454179
2.3521506433774975,27.841413231214474,117.27578811352207,4442.463601254541,0.9258008375165885,0.4815497295454377,0.8695055508707518,0.2903531453991455,0.7422928180332639,0.17021213294536996,0.40022623381317046,0.9381832138241093,4.228783678023841,69.33882053367847,0.018487960285954907,0.15358583041548513,0.6855200327473534,0.08933422639936946,0.0653818916960164,0.044969047101219586,2.948824213271462,36.823409456902624,296.80753753095394,7852.943100562063,0.4967115934692744,1.8923538855214292,2.9165453280497404,0.4968754756587786,0.7733767296649541,0.3927157206664105,0.0476299646765137
1.3585228967816414,15.132796897227909,68.76843167543032,1916.3783571173808,0.6924476473891834,0.11825500145592933,0.185384353953701,0.05662669348812663,0.6183880146845403,0.10691842471614088,0.24943888768634104,0.6640862591786515,3.122164229691553,43.9958696158651,0.014142313228547086,0.05380477035181761,0.33964844820085777,0.03528359489788057,0.08861559302208151,0.02355121228427216,1.2534518426195915,20.701525609325895,114.7576409408344,4492.819894562208,0.16687064311149646,0.5546842242140582,1.4480156522679464,0.11550399147484658,0.5771566003279072,0.20060667823500286,0.747755694547233
1.5153426780448647,23.657201471210193,75.45089883713915,2377.5412128729513,0.7017562358757047,0.11142496480224129,0.17696378900653614,0.063109327069085,0.5880670208746127,0.06633711098125815,0.1508550607643152,1.054458538970632,1.8348161839878718,32.892355032037976,0.013293060769699137,0.05084232018872986,0.20463709174916656,0.021122089260646706,0.09115817958473119,0.010272477902430736,1.4257433115713867,32.42595235803496,138.8253890546425,4936.551026957779,0.2790747257857607,0.6616914778299365,1.3677500339877553,0.15433680242323083,0.756894893914531,0.12592883867070165,0.607770969205538
2.182141923824384,26.24471315741182,108.88655197351117,4092.1529480324693,0.5788267932832435,0.18096923473504414,0.4974391401027848,0.13348003707392916,0.5237919215181539,0.06314814183276321,0.2151298881391683,1.0712575480140343,2.9599996122942627,49.341159322554944,0.011601066288380204,0.08593627292788543,0.5059789665076588,0.06351941849227832,0.07692571047018898,0.03135286945634598,2.4804475664306467,33.677372166729185,252.0249763737374,7044.974570494267,0.1624510031679062,0.6893076665291827,2.0723139613288244,0.33094625934273614,0.4928016746481725,0.1437814767760703,0.27979575382029703
1.4159003800433327,30.731478465783276,72.8125912534311,2113.981620687496,0.5509431000018464,0.21312168444580074,0.4526382524065617,0.0704219969920064,0.6920703138365627,0.13490150826423694,0.1473729246575108,0.7525313362576446,1.6715621996554884,27.313090224194134,0.023495630232222918,0.170252089609001,0.6552969315230721,0.06147651023258554,0.09428559720925975,0.04528984265878118,1.2879920955265862,32.086035655014335,131.75032575657167,4617.702970510925,0.15823526284182554,1.1746230127484887,2.2365027943064764,0.16871019245582966,0.5793018403092638,0.30590722241672863,0.9044323751949499
2.0844906332817374,38.49423056948593,108.19700587456137,3916.3961573922193,0.9372057529597412,0.46806320214682856,0.8307276377465558,0.28658190799307753,0.8967976563873618,0.1772715978305122,0.31944203332680743,1.1422852295555166,3.9059640300801783,55.217470690803694,0.02372753592894039,0.12657336229949806,0.4564572033852736,0.08384476052556161,0.10331785563529547,0.036824436813266054,2.6594356174150144,39.79427770708702,275.65295715201614,7265.372565976328,0.49454346332892446,1.7379709668469976,2.899652306272059,0.4838372402087312,0.9572116968538684,0.3586089578855996,0.08833657689209051
1.7641101952114353,23.343292019384542,94.42464333468521,3111.5248736797253,0.7480482091716658,0.3550841638378188,0.6290801239578165,0.17862955775796002,0.7448979730883531,0.10620536192687097,0.35067223784074675,0.6776470444162848,4.197259500740144,61.67157229587191,0.026556225672723623,0.11386361329559735,0.3533052420639188,0.041209347820814465,0.14043366863325987,0.029957510076184028,2.018526350559096,24.052901562272222,222.7424624338399,6147.282181751755,0.23279425500163586,0.9597863651309136,1.9588202535000294,0.2327167995539938,0.6559296451484832,0.17812138866604788,0.7522763838807199
1.475501004940496,33.40385482798668,75.86789948523976,2059.5851645515286,0.5652520368589005,0.24696607655832534,0.535389577596021,0.1090039512825753,0.693381236436079,0.14423629920996026,0.21750048430685473,1.8924133022131193,2.9439003155584045,29.109041802835232,0.02672242142763113,0.14839518127708481,0.6422582213109942,0.0756103968941685,0.13796791741743292,0.03853023788216536,1.333174359261246,35.75681311274322,134.9146016037244,4309.652973478984,0.12379673679598897,0.8777918619104423,2.052916860326791,0.17463459740296447,0.6880958945230143,0.23770540184009634,0.5482648450843846
2.2378655609080753,34.45899427369241,111.60804707333641,4030.2403072331517,0.7006330060721979,0.24761477125355114,0.6507120096903799,0.23193577683435723,0.7308136763888505,0.05796290761017782,0.39014137758731027,1.726693345553611,3.6260007770736036,64.7467335491696,0.018725397988112676,0.11152839366070988,0.3499282850888499,0.04210963421893852,0.07117240092339977,0.031128046383880087,2.6374894629593673,37.35013249617426,262.5297959239032,7222.205434404791,0.209064785147632,0.8548499811769333,2.077161479041292,0.3288878317921083,0.590344366196759,0.15532478352044898,0.22554505837427868
1.6485578870901443,17.541056682755954,85.7398668891133,2696.605937621935,0.8418335962170969,0.18878193846202998,0.22310079680120498,0.08174479321003064,0.6606712868710534,0.13715703509621874,0.23332829052006845,0.5568138710184881,2.3888172504355696,44.387280974715715,0.026135165854212238,0.0727315159302533,0.25767516786117944,0.03872980227893641,0.08056064012211311,0.030175848432150484,1.8416447689157973,20.575288601270767,181.62843961188042,5806.851349050171,0.41836877622280716,0.7690144037627692,1.5508721412091753,0.20979610484323125,0.558953643735115,0.23693663145861446,0.5672674423577199
1.5387986659004282,19.418848078320384,78.84188215319665,2519.1724684281876,0.7486336846747144,0.22511343131305236,0.3911570792248545,0.10860349456560114,0.5765282189292519,0.16869466453499835,0.2092984086515623,1.2883377971202568,2.6718750887179876,33.87907390838771,0.019309954081364107,0.10830141373167111,0.5512534751582152,0.0790737289124945,0.0871453858559745,0.043647597425480175,1.7193281337511497,25.41460248413942,174.99030215873924,5709.746514125332,0.2111544520996831,0.6568254233257272,1.3622034077363565,0.16743540942842014,0.45603034966013245,0.21298190350098226,0.7064710228165705
2.1074574451821575,19.293031724651936,106.84523249551519,4100.250119291254,0.5583916048695382,0.22795654904439333,0.5754050787140058,0.1925875200126365,0.5566573130362562,0.07950215677283083,0.3766939003386151,0.5111424095658407,4.224693997045722,67.56278692007203,0.019775598711218197,0.1020212888811915,0.46651560359432764,0.08233948951716202,0.06171373654711942,0.025087602219617845,2.7179088730821754,21.64156359615355,277.04833129503373,7635.082690337721,0.14892987207490052,1.0550956352929468,2.318350064209357,0.42375821720219786,0.5492283418877815,0.19606516213406316,0.15796983609952653
1.3539007363223097,22.116510702364412,69.68208087301534,1889.2222400587054,0.6916007065347276,0.14817849075971495,0.3403890054722455,0.08117949252833709,0.769166087273369,0.10789423753944877,0.13281429994833802,0.9012055252153276,1.7257420795977567,26.46977985619388,0.026553230597260672,0.062479492441561285,0.33355036390498527,0.024728636440139538,0.12848395764860507,0.021587301331261195,1.356094301604093,25.700560952207507,131.34904022890106,4799.110068945475,0.2668559585035185,0.7350677551471554,1.7926149191329894,0.1337375839240673,0.9002898808883311,0.17002865912339524,0.6931094084570646
1.3125711961755957,29.430793458955595,68.56436826964824,1949.988695403292,0.896023808464626,0.28419709083528244,0.425858140031584,0.09184005902500812,0.8819513663042782,0.16094192170293264,0.23424347490114072,1.9593186237090494,3.1699773573831473,38.47922083534631,0.026508276115553002,0.15468314139948883,0.425070889972531,0.039341868355085276,0.14121843592510053,0.0359944851868846,1.2386363554231292,34.25549077972064,135.17791860760516,4815.868970618662,0.33594337757512366,1.2920945586786794,1.6922516203605904,0.1311840215628874,0.8885371139387486,0.2518972376650959,0.8234485411394465
2.022956239729755,34.00660929461353,104.30054306458642,3705.602774192113,0.5958146927952499,0.3084807509506535,0.7020917448114852,0.189637062038658,0.7544677604502951,0.09787868222151998,0.3890002572564716,0.9287929180689474,4.0163430557912285,63.989301439040474,0.013416847601553181,0.12177775311902837,0.5257626482385993,0.04403079794929611,0.10850805093491606,0.04042244210091291,2.417215119809682,32.72154457680846,248.39969068403414,6725.01123616593,0.12034443116477585,1.0911021982355982,2.135073389365027,0.2533823913807532,0.6728151090072144,0.22610367778636487,0.41275151998954923
2.2579618512274093,22.15274430529373,114.59172991328688,4475.056546750651,0.9238077285688331,0.487263414976823,0.8267619959657349,0.2832733590789342,0.7215338471982986,0.16612952467094222,0.4699406374903202,1.2585079643970523,4.90852745769017,82.8157721373979,0.02715325182136234,0.16000810014881503,0.6030483048616773,0.09004619676173736,0.146259520708276,0.04043043416664928,2.7977107498529366,24.521499788453408,284.33359222782263,7780.354586483258,0.3056164316708911,1.559202031645281,2.321207553860256,0.43762344504182904,0.6824808775586736,0.22403954875478274,0.38599987504266736
1.5721522001026538,28.209419206185913,81.83395328042934,2259.7819754894094,0.6911913363973431,0.25044450410366176,0.43298355222723095,0.09360770692519602,0.7318964250675833,0.1356907414745387,0.12812694144116862,0.8054223210001897,1.5354227510700973,24.577777892435325,0.01867222259149495,0.08078991420876108,0.3503485714969613,0.025931107680874924,0.09113644405947745,0.03334610111157275,1.5272984906637843,30.37695921275468,160.72898407083642,4745.86803750986,0.24872564883543652,0.995723632622341,2.02812122912089,0.18468731266073718,0.6888912619030894,0.2807482314061887,0.7558403147401709
1.9219114233655896,16.757862521680288,98.83610668426441,3285.6084528851934,0.85066848294811,0.35754894540938514,0.7440654484222233,0.2159451817267092,0.8002629506549955,0.12112330960616864,0.2120918371795227,0.7052876946217936,2.4497232732001546,32.36764302331096,0.0146710397418594,0.10390710738925409,0.6154999988557361,0.06596782404508802,0.06708803698082355,0.03471943376785982,2.3429776508844524,22.788387516245486,245.09365430373677,6525.328693550294,0.3544760142953662,1.2973454301330571,2.5299139811768088,0.3842964405046419,0.8630750961232408,0.22776076855771016,0.1607749922535322
1.6047671211302121,24.893150584265726,85.30618363044194,2522.2562189064743,0.9307305510814787,0.3967512671584508,0.5237450251387811,0.12868426498476834,0.6726945353407685,0.1941076957262001,0.30030318315666665,1.2118256715803968,3.5312820818225563,42.47299560830458,0.02875895092162678,0.18366584514700673,0.5433547540395396,0.08921297470578389,0.1444653642585956,0.04628010062363792,1.643043039471097,28.095515137038216,168.1573357132579,5068.095088578879,0.4145421204722186,1.2892401924043824,1.9649687789713715,0.24120382338477922,0.7242689047524214,0.34476947070203934,0.5571072608101971
2.274353310213078,22.12609248457995,112.42474031264798,4034.89825291074,0.8283532467434777,0.24795234670933122,0.4075617947204825,0.17608542611761585,0.7487188066262958,0.07346557628486503,0.3836996605540226,1.2459127550744022,4.204956837204684,70.43132897200122,0.014286684877836672,0.05801469456421872,0.2111071127992138,0.030179988370355005,0.06168743198629459,0.018850044062977606,2.902699141325753,33.23256752363156,286.6141915399251,7456.39659287516,0.36936766395772347,0.9500468129038508,1.649446631977857,0.3200769879402159,0.7198709155145111,0.23974715008022743,0.12355759957431212
1.4708477654235086,18.617055771121443,75.53362153512361,1993.1254347138567,0.8754865566156733,0.3578963460313571,0.39008249838634845,0.09315458229008196,0.6257206729484414,0.14051701591784635,0.11362279968091134,0.506471262432015,1.1944281643557393,23.379393111522226,0.016042792133860378,0.12064576550676703,0.2908277883179679,0.02152067014906075,0.06938982461489471,0.028450162965109327,1.4059033730644048,26.760138428738323,140.72718916412356,4603.054067460253,0.4513329913843605,1.6627674486711308,2.039053888988181,0.23101400748612114,0.7762390988541727,0.3120027493234131,0.7728691050895208
1.3197378329202776,19.719399432478532,67.2585037651414,1589.7756803301888,0.6625739960198072,0.22852484169003176,0.2339020695406413,0.07750780465979591,0.7434827580068674,0.12352908553472844,0.156295764271505,1.1699352336966513,1.9245328795162269,24.204549272908164,0.023787184399296415,0.15374471007319893,0.3032516404084725,0.047472695107467947,0.14489488716561646,0.03219085571080928,1.0327650945489837,22.805109235174005,102.9991267357472,4033.9516649891384,0.20548106507882813,1.148776046963239,1.4724278533564676,0.1802740170143166,0.8135033031708376,0.2460262207575702,0.7683271175300644
1.4133971374212306,23.22686084048734,71.28137867283498,1797.3528017520994,0.7290744939762044,0.17516177456505183,0.1544181040921757,0.06980276681674419,0.5726626673434287,0.14072230566424002,0.12323173275853411,1.0137050588225984,1.3734812853275427,23.28447808449675,0.02470809731222242,0.09030628202494978,0.25041779365625844,0.04844273301022416,0.05735249102912039,0.03091532521197344,1.2806726654114815,30.56146259787353,121.6627747207903,4249.324257717004,0.37850946526794976,1.011610282061006,1.530757328001781,0.2394399208615179,0.5656405516464882,0.3314358647177253,0.8130759659165799
1.7846146801955436,30.38459046316242,92.84015982547953,3208.958260471841,0.8212384384547708,0.20955197244887805,0.560532457699998,0.1646333549175767,0.6696191284036097,0.1199043986264373,0.29208608114708573,1.9041610646921385,3.2058234926119376,50.70863712701798,0.029549238788868407,0.10280769614199917,0.4860843412714769,0.053787127389869197,0.11173828623245789,0.027981628840039054,2.1810498804897462,38.790379749189434,214.59225039783487,6460.029677298372,0.47799141992702215,0.882056257291862,2.2940172816119806,0.3589238126806537,0.816757241151964,0.2560921283124327,0.17419747699267646
1.3840569417024926,17.08732877866019,72.27181598699448,1937.115715349048,0.7450905397772369,0.3786958152843555,0.6454243372786652,0.10907543850898116,0.8571836590268256,0.19439823947077414,0.1751825478440244,1.0446213130801223,2.4488374788712974,34.07940731209632,0.02827084980258949,0.17480293221782342,0.7675680676185954,0.08938011121489561,0.10114754690912692,0.04559437416802704,1.3018975956830385,21.6564836918601,138.26979619534387,4544.244653360353,0.2824117481273884,1.5742505904853508,2.7620927273825138,0.28302048223614784,0.6906605901144364,0.3394182585317112,0.9284177843585387
1.8977213384896892,32.364505251015245,96.92158320214699,3065.8937695729155,0.7276347674279657,0.20656225286671964,0.4294690713394656,0.14127763830955276,0.6574364804528663,0.08113340918813676,0.1307345369015997,0.8737277020413899,1.4489003297060237,24.637652869015092,0.011822423578371904,0.06844828689462067,0.31205305959457275,0.026912487603669533,0.06493780142378937,0.026281352562161995,2.147023534432608,35.163146762198316,210.92881298945105,5938.602855718194,0.30795655353348533,0.7611150341405736,1.7798628903129756,0.24094316391212764,0.7012730404093159,0.1789076169090226,0.46816395050015763
1.9011231275700524,19.18064737637176,97.01757121380663,3412.8522488839885,0.597042882915312,0.24561023678771118,0.5625621588256071,0.1657038063224584,0.8234010393373309,0.08909069741788955,0.22489202601270647,0.508359965109142,2.52938689028882,41.89188853036425,0.010839387517641894,0.1016722219161596,0.5536920182372621,0.0758026686890071,0.10331920542735752,0.0371068879702576,2.167769395510728,21.02883041437066,220.46836646692205,6391.894500461697,0.11780341877171095,0.9329569431569209,1.932747433207848,0.3171375947685773,0.8064125779242212,0.21417282787775768,0.40277482067087
1.719696510268157,16.427263415001008,89.0514092739709,2736.2123372606006,0.5510804673155132,0.13705022774687875,0.28416535245511043,0.08145249693243169,0.6704822038174609,0.06133299603306215,0.1654478294527859,1.043900802149301,1.8694664985687701,30.079587337989416,0.014343407257727975,0.07898505066931648,0.37996764885337714,0.036579735888634494,0.07637972612256191,0.019363675400869494,1.7043473503010416,21.653190216263305,168.58666980504125,5208.596515575917,0.10168974968561045,0.5511259492116218,1.3261775629104697,0.12682450934408998,0.4341598654969296,0.10738205572005728,0.925009695306616
1.7457769767230533,36.64523021087001,92.79921828559185,2806.572840412054,0.7043398934544964,0.45097341854421036,0.8172132677825821,0.18315452591368708,0.7992119712974076,0.16308194499536843,0.3301701370610424,1.5654124524845348,4.083749831682464,47.48103477758607,0.01632330121947216,0.18942264261985628,0.7965419525861691,0.09302402325175721,0.14357290163621717,0.04980458648698212,2.014185476493085,35.70990938324389,225.08554415418388,5786.225053327742,0.1380469196977911,1.8520740223142038,2.833255557704783,0.35641726645659333,0.8961759768240579,0.3468942429188837,0.5305906006681391
1.7830125879026744,36.99707295591981,93.55301945555227,3102.9544239220927,0.8268312548063271,0.2948228659857993,0.4586264542216504,0.146678138472701,0.7616143785394925,0.13161312216043514,0.36046426823212246,1.5071678698090034,4.042688149519483,64.2164433505709,0.015971566065636867,0.11492421717034336,0.3947140775678819,0.06058568250216828,0.07703290188662797,0.03126254630340026,2.1650800721212144,36.763659944141736,221.23544919819773,6559.198693067147,0.17500795228216184,0.7551170485792844,1.4214454713673863,0.18135154768635936,0.5552451630131572,0.14694878175462983,0.7582529151191761
2.0975473955815387,20.81001036521051,108.73779221949614,3898.3801480107854,0.7207509101989006,0.3962605502914279,0.8425349663714016,0.2291302123152694,0.6551046299762298,0.11027023842190167,0.41616608869060245,1.0927098956410302,4.582105711772603,77.88094041478504,0.01485893350472035,0.14513082275960437,0.7343882870816746,0.09415255315061448,0.10761949314410851,0.03684977650422509,2.58896941376086,28.966513792039617,274.43606294635566,7168.29001559318,0.2559781329907529,1.4511925620166928,2.865214329705681,0.45048474344999584,0.7272128167164645,0.2690404889775058,0.12901564065449767
1.6510671880579393,32.8589407737534,88.43693865601888,2706.7904638168957,0.837006552811382,0.42869688851350396,0.8114731530134282,0.20376937291180885,0.6960351538992454,0.15231104106787513,0.30064723765429097,1.942627625485971,3.467774337074385,52.60132256430916,0.027375448021995086,0.1593979182377332,0.7664496695774697,0.09009818978646941,0.13205835824125434,0.04209474271385654,1.7136427036971442,35.36910586587354,178.4501658719113,5317.435543608646,0.24137286443173026,1.4243326568571237,2.7092126714005946,0.32562828706471025,0.5719956315246133,0.29472524159073715,0.47855103520387987
1.7100685629673718,25.153024699555097,90.550290456293,2916.3630712773593,0.7193357181323717,0.4098384026111792,0.6223744218746013,0.17161520058201055,0.8089429174265651,0.1787902330564215,0.32183530946271405,0.8081677885274599,3.7214713386658844,50.56836936297219,0.021947914443064334,0.1629656758281081,0.5144655948587137,0.057463023227976466,0.14210104919361705,0.04558208378361909,2.105283801773052,30.89508300690476,221.90356771378367,6116.43638362859,0.33485068080941316,1.5387504869588464,2.3154975381506384,0.32900452937579816,0.8948291754889643,0.33855166563815214,0.32684693570760986
1.5772241910020386,16.998275782612485,80.28822732454205,2429.183652785561,0.8136940846186038,0.19486891955844526,0.40271104495422627,0.09397232187677877,0.5959953029816673,0.11658272713844345,0.15491569534289157,0.7098342232056065,1.667240249528475,30.723353431530505,0.013480055023877268,0.07552265915281221,0.4218740393240033,0.025992481853145937,0.05850873511009562,0.023973405222108057,1.7801203802288748,23.356798241001208,174.50228937369548,5542.119881561412,0.3552235726760132,1.1324113258753867,2.1104551512336016,0.19246976337253868,0.6161253704593278,0.2867912263766728,0.9315523750414613
1.6074002956107731,26.98493431374807,85.63341684061618,2428.88474459585,0.5931677960920234,0.27330035206831926,0.4447697106735843,0.09075960084675067,0.7858084536828436,0.12516917879535236,0.21925806651656313,1.625024052705048,2.966701869367141,38.639284498808834,0.026947380695889717,0.17575384844688818,0.6281266346588095,0.05671643319855826,0.1486616343216932,0.040998000123825984,1.5836023599459086,28.556660962533183,172.082775104009,5019.1884667938,0.12390034693414229,0.8826630502086407,1.6697501783570794,0.1602693509861493,0.8195447610072639,0.17806377829137932,0.6178426265135206
2.244923651065653,31.992479303163762,114.78141776203212,4766.764606629178,0.9465835236614214,0.49984526901856435,0.8987242668830588,0.29657701959371313,0.8170755000552616,0.16609578761849586,0.4968854891751136,0.9525888466200642,4.982563965903138,99.03962424935293,0.028675117558854463,0.19349466184244357,0.7324089444028815,0.09813373833326927,0.13937986037046635,0.04504340167967813,2.8180441990718323,30.86139017106727,287.78698929821263,7891.800455604104,0.43973880018644734,1.8183084826213618,2.9277792418348376,0.4761116271613897,0.7481663788974673,0.334495915613388,0.21694210297278238
2.1566638677274423,30.280184421712693,110.48299705151207,4176.304273424705,0.7367132276537343,0.4468622250754869,0.6924492477804751,0.24840736521705134,0.8964629992365575,0.10739158285562166,0.4778769862471874,1.7700625252359692,4.815194093347376,92.222766374804,0.02598557948088063,0.18868716860962842,0.5757133440512097,0.08605874013094467,0.1232629525891787,0.042699609170239496,2.56007199286704,33.80014747192197,265.69384808801306,7310.30621920206,0.18224788648483617,1.3050443241494252,1.9855447634972934,0.366541409736902,0.7245314964239212,0.17984392816879002,0.18146732488413336
1.3508099491310341,28.078997388799646,69.77249587903924,1872.6699272999615,0.8738161263141384,0.24218271730191032,0.47865192912380955,0.08628492293662515,0.8468789863352216,0.17260220632047196,0.27100400745978287,1.0400003132395257,3.032630115801934,43.62776864705992,0.020532971914939437,0.11423299399027086,0.6186263351228282,0.058974695536770795,0.13473418592664474,0.04077617966788978,1.5616103860173125,35.11579034559713,165.36910272326534,5185.7567912937875,0.44934636899422986,1.2387424019946722,2.3611827059494126,0.25356413221708624,0.9708238794785757,0.33363403439157113,0.3663913324324942
1.6009861362445665,22.515717027329174,82.55912308464886,2304.5180099316117,0.5742675413552282,0.16947421065099502,0.16725655058072814,0.08336220350295302,0.5435247090738121,0.06732800825015971,0.11203086932752271,0.8297752821868855,1.2887784430830682,24.061572852431024,0.017967202603494575,0.06291104440429471,0.21158940866997106,0.029410805538976893,0.09511064220957047,0.011875442886640001,1.781687859353918,32.79041783477702,180.541901547984,5231.221552219216,0.2844530620908318,1.22238143136393,1.7608220728267048,0.30583311211737957,0.8497221597011162,0.23680510278127392,0.7435510097869511
1.648728882713323,17.780173246343725,87.91762673576665,2610.670375226474,0.692110785407078,0.3793753395247877,0.6384654163340966,0.13457114893625768,0.6583759781988722,0.15021909377859594,0.22678980896041756,1.1076464800010353,3.09844525386171,33.68209468573399,0.025716150971692737,0.1774733699326011,0.7144248978547224,0.09009810908324561,0.13987648940434916,0.0485278720325493,1.6284937004106894,20.323503256266513,172.68698491139438,5069.575469997873,0.1849930280562921,1.2095544685831334,2.2952694031833314,0.25009322503840725,0.6416371133921265,0.24692929340913633,0.5375012877199421
1.5941283998312348,15.860065417771382,83.66985457822084,2521.1911464733626,0.6908611578305619,0.16667855061775622,0.21573787064594258,0.07349470228288735,0.7485132714663962,0.1119124828660234,0.21223607995921093,1.3745748689657342,2.9207742021396115,35.631581002809405,0.024048370987582852,0.06174582956230034,0.2957049703838111,0.03911965409158344,0.0976133086841203,0.022817144887695456,1.4690760931850073,20.266471457701794,151.42757963120482,4901.814621820062,0.11464816991667277,0.5164341952903566,1.0448499215150582,0.1075723117762593,0.5331853867898714,0.11959171949147938,0.9539157792553948
1.720195823380575,26.942119830563414,91.8087908374584,3020.0024435895616,0.6452430184633966,0.4078860450694901,0.7702329116742814,0.1492286498363336,0.6105607408170944,0.1823536721039897,0.3443090642666572,1.482444859062433,3.882037372270682,66.52592217343192,0.029468875654249896,0.19716071774510188,0.7513417943772682,0.05649650514276486,0.10831528846058552,0.04978187940905698,2.085253635515877,32.43859269157354,227.3784396465725,6391.802138103355,0.3587061145900169,1.6050567438053998,2.54246364968299,0.2497917896822669,0.6800037492467258,0.3675494578474379,0.5899666759162426
1.456844196127524,18.978467293644993,72.11006900353,2245.6650521949623,0.502469161523865,0.10295432620807267,0.16937271921272695,0.05146995819670013,0.6554434995512967,0.06245440259451771,0.12271861682917751,0.5426485177077145,1.4708022582236147,31.506349094418077,0.014088638263963029,0.05521305864376558,0.2519401797759445,0.02209186188625676,0.0715921957380864,0.015115604010607868,1.3268070989420915,23.6679771170685,129.86175740248444,4949.983961534533,0.13335862075151234,0.5674474622613894,1.3030355471787876,0.12529710453465875,0.5775102304460629,0.1275570917238746,0.9134317041260858
1.3720162235747166,23.199925335518117,71.76657347510735,1948.3644160139006,0.7935321263227761,0.23951438241029185,0.47722505715189073,0.09314640885655512,0.6209100734982117,0.164579348326205,0.12186054294892627,0.6087275789317614,1.4590215943421212,28.04887003880514,0.01736345238736499,0.10210293412668399,0.5378659004387403,0.05015014823330238,0.05516136617251394,0.033098983632786405,1.199132148873555,29.040179790992067,118.77058241385616,4353.006618451401,0.3151438370426949,1.224565098566365,2.5049974642889006,0.2513931937852112,0.5343976556612168,0.353510000672898,0.573974344097185
1.8928597363464368,35.4360722634141,96.35272235217631,3346.3384149914295,0.8704845343853314,0.21784994197273874,0.5163275797073782,0.17928771768525126,0.6997674443444002,0.07588793999480219,0.26005970523882926,1.3864579450408128,2.818158332826879,41.82150517968842,0.02319572128167586,0.07029959666897999,0.2668727776560637,0.0298964880434954,0.07603046726728065,0.013495485063596165,2.2649257661793563,37.18048575072833,237.07442292554094,6704.471934448235,0.39998240449462924,0.9143357000633942,1.9546233691612538,0.2749833638413455,0.7233578468306348,0.15714189403000559,0.4213194851608233
2.0010308872606597,22.592581174060776,100.5921927075817,3769.6059267875544,0.6165326636081774,0.15157071365524283,0.27780149379684305,0.09350448391936786,0.6759713532476243,0.07533283211192411,0.4155280428413254,0.9876984224505115,4.001230003617282,74.07396830686223,0.025664088311483313,0.09793070308698866,0.2980726023852368,0.03774706202786496,0.12875290045307825,0.04048797538519477,2.3628355956293046,23.258432617605695,235.74045981424229,6877.567232817717,0.14575143534901686,0.6124956069786147,1.1304813964345195,0.1401071006305313,0.571021627693612,0.13630973222906725,0.4875103916097139
2.1647654638191556,39.165078716171905,108.13415943709617,4411.184211324715,0.8228975215356692,0.18998426700366808,0.6360521810880442,0.21490111724564573,0.7302457915155721,0.05715558956569658,0.3386255099614465,0.8199332160857286,3.6461727494540606,79.07577039466501,0.013989295521969002,0.060798231341739666,0.3967375967760086,0.02982064879121929,0.10208749403980157,0.013501655980982557,2.573192618979335,37.77746854673217,259.39368680208776,7492.822041120997,0.2096142126884699,0.7252268761811204,2.1514109709515927,0.2579047818526906,0.7791746836041199,0.11791286773446463,0.5468703645372772
1.7375083164650948,36.70173250619149,89.98551727757366,2737.696269692227,0.5110915751716796,0.13215123280276764,0.35291040246608796,0.08287906941176781,0.616349505823627,0.05011975417945089,0.20811534477071528,1.0335370233900605,2.371387115479006,38.30093841769792,0.012559663256734035,0.05716487639494447,0.38184915866521507,0.03550544316375125,0.05180552617945689,0.010562472973479842,1.89903417204277,38.56195456546511,198.2762074953708,5559.280113239561,0.11075315840610202,0.6009180208800122,1.545896760324474,0.1843946533129349,0.4778574170609866,0.10032729052259737,0.7750570159313634
2.387386070734732,20.871253855434773,118.08692703039767,4593.49922208851,0.800673216829596,0.4304285889608621,0.7798198120091849,0.226297018031178,0.864603788145246,0.10655649460773678,0.379328395749029,0.6167770560277208,4.276906859052855,72.25939386338251,0.013266593175954572,0.08990414412730176,0.3292829999071343,0.03801871684128361,0.13556731932699098,0.015198391592219794,2.7976191347555694,27.609998330748322,287.9493591982019,7547.8150421535875,0.39873591658494284,1.6947901984584155,2.619212786888412,0.42699674370927804,0.9962400738490783,0.21319004523758966,0.2979157177242263
2.1423437087596175,26.317301814525493,110.0568697556119,4219.6897056764665,0.944965674727189,0.4557328775777231,0.877616765599623,0.27110322846687923,0.8986288566795462,0.17761797649190325,0.4727295232423286,1.4299534105629441,4.625617180771542,82.09152486259737,0.024019366792080433,0.1512511821183538,0.7207134233370163,0.07087241132610857,0.13396267996700406,0.04760281444123561,2.47913368067434,30.846626365998333,263.2409046284003,6986.112713510976,0.4333842198850374,1.7492755691516315,2.9414356075119468,0.40773547471403754,0.9406181435210114,0.39394149798501304,0.09724298929366681
1.8792828642458215,21.597071034262022,97.90279519457114,3186.7274586831263,0.9251637848666778,0.3793916748775267,0.7785878365497076,0.22902175199423663,0.8967311404033553,0.1492029227196384,0.4143737204821701,1.2102905131769277,4.198375408119873,73.63431843414976,0.028872396460052477,0.16539900388124326,0.5216597004711631,0.05690429583038294,0.13201601580523362,0.04469525016902145,2.3024508153268366,28.175860002480494,245.04303307078135,6658.17968966181,0.4547076454164946,1.2837076213421785,2.2255679502853947,0.3668778350458358,0.9265597435871653,0.3011707695988139,0.26247050732048094
1.5386679672045955,34.869434962006224,81.3744660042828,2224.545949848541,0.7929383853321375,0.38797620631436563,0.5791862529272356,0.16114590893939765,0.712052766473029,0.17516316621117828,0.19668733377369685,1.3878694977368484,2.199859352319412,33.8717374239635,0.024529889734094236,0.16455284669464665,0.4932619671423584,0.07261427913391176,0.13717578474113856,0.046797194085052424,1.4636708497227033,35.73681529735501,147.79382073387566,4593.8467219724935,0.3038111376386339,1.5105259710817287,2.1272778533438967,0.3240336881506796,0.7723533293305158,0.3600844513210741,0.4985013185180941
1.5933669303330231,15.926266386185889,80.28766697113801,2383.57834199952,0.5646959477929269,0.10347407785693388,0.13981177138545847,0.06879533516970415,0.5024276764224456,0.05814301010442401,0.17294989784362103,0.5488189283700646,1.8940601406352957,28.985349088870926,0.018614215772825106,0.05110008194040653,0.20151427086774967,0.020916919149220944,0.07497762433337754,0.01030085293212141,1.833388598785704,23.604253309461985,177.7109029549004,5362.367853741402,0.33674837920118317,0.6407352780658813,1.2385335269383877,0.19555967053766166,0.6461393279701977,0.1483415733233148,0.416216514882594
1.7614294524007217,22.58246523063891,90.99395914796987,2891.2222414145244,0.7106479198971605,0.1507032343215487,0.22205024858095512,0.08827450653298766,0.5950259963071759,0.07909841297516673,0.20723165234829044,0.8584887874914067,2.662981024000847,41.09549838138302,0.02181970465599372,0.06547538557735484,0.3040822800889147,0.054948988424700106,0.05773320169786167,0.01818516769530069,1.9658476165438399,24.190382084900772,197.93093491550943,5862.169046600427,0.16433694642598762,0.5742772647837435,1.2072673310743969,0.1543324881074978,0.4177134695955737,0.1236074254464018,0.7184325870686056
1.6553981668393378,15.862400891849163,87.73468724768532,2871.2486495092116,0.7979701258550516,0.22574840883167552,0.5513391748079215,0.14813579309300567,0.7963052105740512,0.10009493649459517,0.25011299065318887,0.800352385471052,3.176252028542517,45.29011584801117,0.014649531470108496,0.1122537914103473,0.4580354073488924,0.06148799918698256,0.09717928063178832,0.023402151847557846,1.7961626720445365,22.911709394412664,195.09442603003652,5795.2879449825405,0.21414368099486422,0.9620314568364005,1.9892841861433277,0.254818308171584,0.7587285458130323,0.1518830458036287,0.8258489197850679
1.7771295529803122,36.46261256805662,93.17788636986035,3206.81372154459,0.9010250297065882,0.2828662940805169,0.6121579130607204,0.18690700832372287,0.8241881089463756,0.13687520472330103,0.3210793348912231,0.9544933441718935,3.88965878116338,61.24495620465028,0.029208261329496665,0.07372000285896219,0.36395981421697066,0.045384458879434646,0.10040244604635426,0.01951855720951146,2.1085083951245855,36.59625041504017,216.41484424486165,6390.798284607047,0.48010163603857714,1.1602055664898254,2.459749224242785,0.3401136629640735,0.8117337191516,0.25119564598990274,0.49782006434306547
1.9697511021112464,24.096486626066323,100.79546488426605,3358.385880351654,0.8166107703173563,0.3130486295224599,0.5497908968431401,0.19272515838856547,0.7120053131967339,0.10343635629783572,0.17390651120186837,1.3425701148643787,1.9592941379567417,32.20783589129909,0.015269962531365481,0.06959353696899961,0.2416326065480855,0.02286929990396235,0.05691942599173843,0.026712611744688353,2.190985148684774,31.17074554026158,224.7086481439631,5970.716111387672,0.3676717278569419,0.920494745413855,1.6965763551495658,0.2671072601561491,0.6643558484238403,0.2542636157499582,0.554813171455292
1.453481217588711,21.079819829154708,73.2034452752775,2228.9853212246794,0.8596703958241695,0.14981791018118798,0.35134812446468566,0.07471820281547924,0.6952581207391232,0.09141993090698552,0.27641054791200653,0.7752748814878792,3.363221062989409,57.87267772153188,0.021759937700779056,0.05833276494726806,0.3276831624361223,0.030869833772539733,0.11801502614261222,0.015107247426867426,1.42762306171809,26.930533578165168,143.82712649961704,4950.278081564221,0.3480561879324714,0.6769108421451286,1.9098099281118484,0.1693383831503336,0.6516180617712541,0.15954099062305668,0.6519649374164062
1.9169459643996998,19.60681621680361,97.11636136907792,3696.5574901934447,0.6513229708803289,0.16266235372368684,0.5221729240364087,0.12882905475493453,0.6597148812896605,0.09424057126552038,0.28981829664791964,0.7070059223016771,3.0733921904580495,57.35644539292603,0.021228152596533614,0.07386100823764248,0.590162462033215,0.03984987475303329,0.1229305932916378,0.02982778899015848,2.157366908905827,21.31110213611078,209.19157238365793,6449.982787618756,0.1794998992034611,0.5991218721648952,1.6151029670373207,0.1681546356960522,0.6365119853572915,0.12800520455004752,0.8557973365120508
2.3305875547400094,25.731493798338054,114.85134672598531,4427.644021728325,0.8925467066304996,0.3891367955342821,0.8249921968511351,0.28718839251553846,0.6962551984776222,0.12258676367364219,0.4518337131701189,0.8703412880880971,4.205195438129623,77.79431347658483,0.020778029088531165,0.14435304185286532,0.6331477511831575,0.07320762019218882,0.12915185098075346,0.047040945477811194,2.8728554944283164,32.12629275362684,282.67805569277556,7540.466848943286,0.4050353005681279,1.5062483791462202,2.785780614029915,0.4728897404154521,0.8850375255257025,0.3119515013790391,0.1609763741040685
1.894927671088314,17.912032363867674,98.71021288188177,3422.298612603184,0.7650809964553262,0.3477247027791926,0.6685232016209128,0.19289596859009478,0.6736884412825648,0.13167733527541356,0.3936752880593455,1.259849312803745,4.564894502066691,78.77661361934102,0.022809597256111903,0.10290818198968894,0.5005628644621121,0.08415055063626715,0.12166130534592769,0.02490568120954983,1.9939939661369463,20.920992047413552,212.7533729744552,6087.116093838082,0.1696384064365773,0.6912489869546357,1.6976391562860018,0.2294624885024881,0.52887158905552,0.11405388661868049,0.8625350025784562
1.8109626687005074,29.18155528934111,95.86105411416604,3021.950405345193,0.8914478131837189,0.4633668706420083,0.8014089807894922,0.24055362643720718,0.7546119345473243,0.18434418605611097,0.18326618383804447,1.4263481147529014,2.2125867389085716,28.641890741175004,0.016254069510108243,0.13316826050314085,0.40645947795607607,0.04187992386981563,0.11187067785160322,0.03979411051139868,2.2495643536009293,36.36066646589048,237.40945941221167,6401.533552512782,0.4570917245387991,1.8607992594785385,2.7038032200868622,0.4479641676776756,0.9522415491607965,0.38390366908207224,0.25383337403366923
1.3300980460895024,17.42263993398307,69.51251400067689,1644.9110025626908,0.8702777656438827,0.2982662556554172,0.48618745176349404,0.11891525746695193,0.6583355715996029,0.16164492765528737,0.22694992034260011,0.9383734490067619,2.4293634676524736,29.478150405345534,0.02485408486271908,0.09579938344371922,0.49300572039081714,0.052880858021198116,0.1371083311671723,0.029048207733840554,1.2181365106262634,20.586795115138433,111.87159670677195,4258.976208999461,0.2404470713730591,0.7155019032131928,1.5982921954554399,0.14254113106907554,0.6497915253340065,0.1569513462949795,0.8935018611037349
1.354184002678742,22.59167045699732,69.34258466307769,1963.2328951769377,0.6094412048740362,0.15746432852496936,0.19860088485896193,0.05640564087491076,0.7195086472442191,0.12785619323220623,0.16326699009436754,0.7220931169374889,1.738689291180271,33.2034506529928,0.01610807207765939,0.06813642017792146,0.307173772623871,0.030342875377243183,0.09267499213661289,0.025324830479315,1.2640862083791924,23.755258196840966,120.9040185750398,4768.706130270502,0.23332984179917837,0.8563453999438988,1.4369251622896695,0.13088721875807147,0.7699454978899805,0.25425350958918763,0.9138084502986623
1.901431871763388,25.6432908646393,96.27365203624744,3491.5147566443943,0.5673987986218613,0.1540559854546435,0.33198969359103814,0.09098389447388745,0.5510579198916667,0.08558839114317654,0.2975647078698027,1.2359250100313324,3.1401758616931437,64.2624327262619,0.017966576525175703,0.12050410368174708,0.5465328740832337,0.06016415488952264,0.083913156569143,0.03962930333955056,2.0963698053684108,27.586021210549053,211.91499120615777,6457.23461897758,0.10274234574173498,0.7492947457055902,1.7402182917023366,0.21213175254242722,0.4182602911822956,0.1679840915687202,0.6172643118876628
1.976364378358868,37.082410309336765,103.49363964685786,3883.425029427732,0.8678851141931522,0.478419968948859,0.884905256163683,0.2826101261426559,0.8795821771724391,0.14762136609830573,0.47838045950702357,0.9714144216300302,4.916676464739629,87.1616444354072,0.025228374085806828,0.19615471390458655,0.7710148108422599,0.09611862082339549,0.14825218170077173,0.04050528055162185,2.3969770816016944,37.169412142114915,253.50039192804212,6852.245325361215,0.41255240900479073,1.8943353424974594,2.9426336238625135,0.461169238442635,0.9867258186069721,0.33584231454632474,0.0955313386683262
1.5679887596745323,24.264874803488013,80.32302664140803,2362.1619545362787,0.6316870773733073,0.16073093643096037,0.3316240808733899,0.10226603380623199,0.6279953430479374,0.06490560444679938,0.18315855001306372,0.9605355965111663,2.017947214699857,27.6904105376209,0.018869117810277246,0.09162162993056668,0.30319827593905047,0.03785699107542756,0.07411616346552866,0.019538592639504665,1.7233905241176055,29.742084382617676,177.193488247616,5230.299753322818,0.2659017012659878,1.0359028409690239,1.743034746454704,0.19427909122946307,0.5719028005755677,0.1987602142633047,0.5229810961381673
2.4884048548538384,26.029514745072728,118.34420731121011,4943.3724304329135,0.6265380878252885,0.29336787727198466,0.7657288005021166,0.2152857939945401,0.6940827084203285,0.09073358401642485,0.44246032147562975,1.293151203750052,4.6167649710498635,86.72799285620466,0.017161510841921263,0.1457954354723556,0.637547353678683,0.06822106429759466,0.07938303912091324,0.04448115061224626,2.8319072338953393,31.61532035783444,287.29053850735346,7801.513829237801,0.13329471135588863,1.3983033084145997,2.4567164013297456,0.32014910785195977,0.5860549818275813,0.2606280930819244,0.25811922479983646
2.402841257551577,25.63802130497882,116.64124449169056,4364.331109938065,0.7091819942953516,0.3552204520429598,0.7669330437787762,0.25145364495007405,0.581652893529228,0.07183627054520282,0.4082363489158079,0.7337554651769407,4.084230105175785,71.50971939529195,0.02322745719438324,0.13320783850768747,0.4718437086288675,0.08792291858946448,0.09193789476281636,0.024700255992890857,2.9316227009114915,31.012860200159373,293.7116487123485,7841.030722641216,0.34039898235008476,1.5334727189899575,2.7027270516046387,0.45229535107132823,0.7632569167750515,0.232283534755475,0.14062174157485519
1.7571787286803184,19.76502935739602,92.0508567689425,3115.491720472383,0.8539966394509182,0.2461027085371057,0.5311892126602907,0.17628546994944244,0.6902011655099949,0.0857772117856409,0.20326417459431192,1.1102067352404505,2.471779967154023,35.37243304739836,0.025674561298746013,0.07674510336378758,0.25911490009288735,0.03853639514071438,0.13057481169792517,0.012696696694088603,1.9388046553148222,30.246608640710516,201.96498004725478,5877.733997201079,0.3970726415460268,1.22377250575663,1.9306236973652313,0.28873515793460897,0.760693583147473,0.2005762771542465,0.33141734629932235
1.849512167689472,36.1322011169177,94.8305116982624,3063.0638247127717,0.7618933960615655,0.23067398280809367,0.5093592350954429,0.160401679359727,0.7801056868072918,0.11533870155228841,0.34598197715504114,1.4115169695508292,3.757626072248483,58.450510111146805,0.022743831815416515,0.09329191434377566,0.41359446383922216,0.07686846618790116,0.13463126456246266,0.031319538655543495,2.015575344636302,35.73849781019214,207.29634197603673,5942.965179218807,0.2005662897102284,0.8100516137735884,1.5864810583552023,0.23962712197169975,0.6520812862903702,0.18234067836553686,0.5520645958377592
2.0034877067766073,35.528799683824495,103.18232293948067,3582.536885863638,0.5819976030598807,0.2889322064216222,0.5195596042880855,0.12578208559654402,0.7843609746093946,0.09232296227893991,0.23043299837998268,1.0655595063564696,3.0024239723583017,38.957288275266464,0.017143922439671416,0.1341203115988168,0.35926002958397124,0.041544883992064026,0.12813806514051845,0.03057454306893935,2.309521212774581,37.423277834183224,239.64631122739496,6459.364455483962,0.24890513865319355,1.1262301609353624,1.9409885068919577,0.2478921407520196,0.7769118294653405,0.23805148292945227,0.6054825613278177
1.5022061154967097,35.2813176410808,79.81133198385187,2225.5015103696387,0.7629258632585736,0.32985139393094615,0.709998920526692,0.16558233391274677,0.6392065261786752,0.133173195457667,0.26487119117065494,1.9831001938864679,3.249478949039439,34.9927189756693,0.029208884162830892,0.15945878815687353,0.6377812338753339,0.06839009660244401,0.0914212731412771,0.04275052989639752,1.7614002314880255,39.7656378135864,195.40409531904672,5446.169029453269,0.3915946208333842,1.2136849670277428,2.609232195884664,0.30636760459065315,0.48126002829786857,0.2600247242135247,0.2099103549750187
1.5110965158942584,15.47852760620802,77.96685226718724,2208.9142018520506,0.6381735383812924,0.23231225136337266,0.4290534925006152,0.08416405706449676,0.597696575992004,0.11104409281735804,0.1638916791897319,0.7796510124902274,2.063583245341028,27.041386011372854,0.02554817067568039,0.121989788497171,0.4664664668791543,0.043770424103321,0.11984738723042718,0.034595460962819874,1.4594281459385563,20.153324590535046,145.36349733208192,4765.998958826976,0.16759717693949955,0.9362159572005225,2.0093952134253126,0.14684690749945062,0.6638528994412574,0.22426726449746048,0.9122337926762116
1.221047633325045,18.544605999173626,63.2370671595729,1500.4635344008825,0.6972668608172804,0.23849625644342123,0.47539912047904703,0.07270887639337414,0.707067492098844,0.17394139319596624,0.1153804616871393,0.8199780293193774,1.2286142065318082,21.912835707284867,0.014486210860469206,0.0833763215171412,0.48185090195265234,0.03417670391842335,0.06104732291963781,0.035113803757320754,1.1720953549278839,26.41095375286521,111.57001661291532,4179.979007047161,0.28647507337971617,1.1643337491115744,2.090459457416313,0.21559403188125997,0.6568308846315019,0.35415920833424336,0.627305307507347
1.7336925784420503,30.597871415018364,90.12726583006999,2932.8052330421115,0.5836197565282993,0.17849573233137936,0.44915138075908523,0.10120194488763845,0.605802051629294,0.10983540376642782,0.22681179278760186,1.7470173869581507,2.9835834305010223,47.59574569877242,0.01352533359905699,0.08615989680746572,0.4769466115372971,0.05833547556916551,0.07040101499894119,0.027530948024394247,1.821936808240602,33.92389811318118,192.34973362289156,5578.61872044909,0.14778299130434275,0.7042787199523596,1.7890039233039075,0.19746931435396028,0.55014142917797,0.1699863078256201,0.47413313375359806
1.516973991749136,28.909840883015004,78.87017725517443,2178.9869876443754,0.5984385449510431,0.2936624570552408,0.5246681699447249,0.08497856931914509,0.6869841127549207,0.119069619762627,0.14968806308154656,1.591256212358309,1.6769179655020283,24.426396095168066,0.02192974998154971,0.1838345832990974,0.6773095690955406,0.05410036809794915,0.09825202706407109,0.0454929457044051,1.362057029255222,35.50779395853811,137.0991785961128,4434.098978676593,0.24146117390336178,1.517861620111775,2.5065337852288834,0.17186863090940177,0.6962670147199157,0.25864816924695155,0.5035695290467141
1.827690594573982,38.00441109675564,94.94350598303014,3295.1937394989554,0.6300167521216352,0.2087526448571696,0.36050565273716173,0.13030781451496373,0.5493942670984024,0.09798484603888427,0.42299250938926286,1.8692207994836378,4.583267260825055,71.94447357643969,0.02113612311238608,0.08451647302986678,0.35458924819423004,0.049564173145118184,0.11494912060944014,0.020332842751106923,2.0650614493047734,36.727332532519156,212.6298842067812,6263.832527614131,0.11390871082163549,0.6521115890198758,1.1954000334679946,0.15243550734557648,0.4206794534648668,0.11050645932516168,0.8993048026314523
1.3587194460158623,31.64698480522857,70.66728494577521,1779.1531359167664,0.9082113039053639,0.3085874890512987,0.33164240132180733,0.09865509604544848,0.7267970221629273,0.15797422137224673,0.11752099587032405,0.8266817772043946,1.2679177899368603,24.11380004821519,0.024738503918251258,0.06768046299239369,0.2937070316701083,0.028191652382315396,0.07880153634770953,0.02060560812860531,1.3805669477235523,34.47550012863338,133.68889307529307,4852.43629791095,0.41972832397721466,1.0854176382978156,1.617095095433315,0.22840760468504628,0.754447280581951,0.27877343647291386,0.6113860255765291
2.1036989330690314,20.286751253359416,107.95993911634953,4165.241019020553,0.5810606751134956,0.2571602351006659,0.7388924597029616,0.19221577947819968,0.7075034204778744,0.07362035789494563,0.25099905646940457,0.8389871458600429,3.111744737503629,53.176489522868366,0.012026036887402855,0.10463685889620905,0.7099205627522651,0.07202125200242879,0.07313527081791021,0.025455189808184772,2.4537720420697178,24.21342154759057,252.67692897377776,7316.244892044708,0.11040679898303093,0.826251330111277,2.3110334129184458,0.2884025249011737,0.5902909602345257,0.12119125656460675,0.7035316186788374
1.817863239931463,27.393028618747074,96.18233066441333,3264.4074088427615,0.6952439951937761,0.4355698039732837,0.8360440493829036,0.21680616521177926,0.6539208494582637,0.1700043159996032,0.4101550296003626,1.26896440307843,4.186882124087132,68.49615621705087,0.023702838755423106,0.19460665908267383,0.7774421652546246,0.08518321423559813,0.13850785379982075,0.04986953382453133,2.2648488628866406,34.25248766973737,237.357138105943,6765.173944656361,0.35187325462959,1.7106705265884141,2.7527546005985357,0.3853173988860037,0.8454559001500004,0.3378358396653002,0.5524260085668338
1.465254397436863,30.157242078548244,76.42678456436758,2290.2426451533643,0.9328715173825619,0.41707477657870257,0.5413700563496461,0.1615419945632698,0.8336914086859407,0.19961671931756383,0.20141996304242177,1.1907478706771992,2.418087040205747,30.88599446443242,0.029560875911767003,0.15616721561335364,0.39121847585298863,0.08266288952247372,0.08755733496532132,0.040200052596084265,1.696158437251356,32.59496473020656,175.41640998190522,5591.3813546301735,0.4737915728899689,1.39227757295156,1.8338971965569257,0.326311681611895,0.7271515561218985,0.3733112889348983,0.53684632247122
1.5540400096940137,21.004189337984858,81.67820209391284,2269.889287070154,0.9130851535100373,0.3221184836849593,0.4240131771497192,0.14149688403485491,0.8267001583099002,0.1458643030595742,0.12678687877947042,1.1943165222248235,1.5497916478248701,24.96001039813097,0.014453994517520191,0.11317804762620154,0.35042853587451683,0.057899303882207265,0.11410039820809526,0.03975932694100506,1.4259494503656769,24.758749437229316,144.78095465146845,4833.473192993937,0.3010579843336358,1.030048591941786,1.5601279648723427,0.23450480099130813,0.833537675970134,0.22537553440151772,0.6565264987920746
1.3047787107345812,31.478469069327947,65.611242555093,1648.733210762644,0.5513478003662237,0.14496747742741758,0.19082344467137813,0.055413573715105705,0.7476537832290445,0.09578313415388566,0.1256924322199266,1.3903409443069474,1.4637757299860787,22.708303900208,0.022567781062329005,0.06629918432588638,0.25556281326393226,0.03137815556589584,0.1350438423326296,0.01953093441220627,1.1707595083492723,34.248806905190605,116.66553630513026,4222.404068130446,0.12164553142171071,0.6851404635962223,1.312773847027155,0.1261305524600937,0.75299634420189,0.14027460928046004,0.7599745365172039
1.7592103314027363,32.09132772812774,92.9951769677187,2872.596842494953,0.8523166106097654,0.40498626341492416,0.6319760121636344,0.20023609485172647,0.6534593254603508,0.1331541785888909,0.2929562935895511,1.056350189730106,3.0465788402859983,45.28969119935532,0.02775199976425344,0.15166719301098516,0.5020510603820288,0.0838407744914093,0.09905024473859687,0.04049760631391267,2.154162343213053,37.58170030005986,227.23369434246192,5915.259155479644,0.4368036665313389,1.5133659962231307,2.2559901909624536,0.372028498561153,0.7650482576317479,0.2885294131585136,0.23366410350144046
2.138648469857794,29.761924304312284,110.57228802716332,4379.737069698675,0.8954217376633068,0.43383265902087415,0.7837707020197926,0.2703706833946726,0.6479884182803373,0.11700746513237206,0.47512293767479585,1.6542736653730397,4.789951356043502,95.15949620859024,0.02543750845828072,0.11603337825908935,0.30214296956102743,0.05895859167218102,0.09476764021432794,0.034842227492680386,2.741883139100763,38.077355187309756,280.19843723200705,7868.849778119114,0.38241400599907377,1.3962762855196151,2.407456330211097,0.4223369899302091,0.5654826285998964,0.25061578365869946,0.058684034106436966
1.305787151138137,18.976466273054328,67.83178965479723,1644.1783912593871,0.8022294615777728,0.31368969411142866,0.3219685110111694,0.07218803059433225,0.6941961521379373,0.16235672836592055,0.13861809994134883,1.2730360571997295,1.7603356629377316,28.146070160723536,0.0229152414977282,0.15379789670765898,0.5063556031898359,0.04580636322132244,0.10296470648674773,0.03629602660689324,1.2316395020706374,24.482070415672826,129.8353164047555,4535.340382484863,0.25431730231113414,1.1924130163337814,1.6219508651296555,0.15052617933231338,0.5940239474892635,0.23516235929284068,0.9490609546112159
1.551354331317065,29.51511998570781,80.47747219021149,2353.3548298004944,0.6820230668923719,0.2713912302203179,0.43933448762169003,0.1117764919881633,0.6357735446139331,0.09804658248028575,0.16208653492092795,1.2499010566961943,1.992889020753091,31.988453083414615,0.017384981485937517,0.09411738989724065,0.3162997139239067,0.030925621097689118,0.12312543756840102,0.02037435085552427,1.5716717995303895,33.00832714378651,158.27756290034029,4963.290010713403,0.24502683851217566,1.2192812481096031,1.7986571356426446,0.21118479309037433,0.7807943594078506,0.24838444427474063,0.8658764862360043
1.9507218731539187,32.626931183517385,100.16104408592247,3384.1598052036175,0.6756745318043904,0.3363960314166449,0.6105945800967305,0.159699060187122,0.821150096877298,0.11132935991910516,0.1932556882573455,0.5756990427263979,2.165844648424627,40.86938181673241,0.010625037994936417,0.1404787478994297,0.4632805272460722,0.04902205753611195,0.0734540962733501,0.03891939242399356,2.2406399494892906,36.894137386568744,232.10033731735643,6496.994708704038,0.29453861456208036,1.826454756941694,2.682811140850208,0.3581572987011979,0.8933249082085848,0.36404521702524234,0.14728116495697008
1.288577715162723,15.85878570542682,65.90856364216575,1813.3119764495336,0.8728269191224866,0.25668419734054215,0.41566592876044234,0.11027846155233224,0.6279444965214085,0.1809325315696014,0.27600177629613754,0.826639678754824,2.7068369218189314,38.03782790668282,0.026440576997892644,0.08044094517396855,0.38279319062392436,0.05237314929763422,0.10576812197200681,0.041610246865942134,1.5346360823941074,20.36152444954308,155.39053074495263,5219.148380559815,0.4108889935653765,0.8086662179227768,1.4544845779108146,0.2113090051737489,0.6248782128125736,0.2820448536295765,0.8954739159529024
1.20160015340311,16.136890628105796,62.7061121180644,1535.6131919575569,0.702075175395158,0.30138527741600496,0.31988760468260025,0.060661924815181706,0.8399079367806256,0.1927954846139458,0.10753853528900664,1.0639914413671978,1.404360108566092,21.920833874276816,0.020834977618889902,0.12591828944764225,0.35886601967443665,0.027124690055662967,0.10300060189864038,0.04325547436858485,1.0586892572430946,27.112625892446697,112.86684169915677,4101.797889294297,0.35794746667234045,1.5679330691268216,2.2187044974769337,0.18489022857380258,0.9704273580639055,0.394914226290364,0.8637864177117659
1.6779107443647558,19.970234744378956,88.34501105221946,2911.3702610046967,0.5681538736293722,0.14998759949005033,0.2756280968079101,0.08653670638089575,0.5177234253968355,0.07268195146112912,0.3051695347808468,1.3996020506737088,3.4333772803842484,49.398123410079705,0.027315462037124965,0.09453687094537862,0.2730329227506068,0.03960312857714058,0.11386432738378,0.031139918135798268,1.78777056580677,21.989499898144533,180.03637577405735,5655.031759540477,0.13874240695634402,0.518389363164481,1.075644887161541,0.13019251432012846,0.4284918080630524,0.10323404617026194,0.7341721304314223
1.5749621068294775,35.05335961399911,81.52757433555448,2598.631767099772,0.5694893962838824,0.14926862039743924,0.29409075687083885,0.06382959921621104,0.6175859778978874,0.07953282974699522,0.18240276427535268,0.9086159498483407,2.5495261741921276,45.24545888011475,0.023714929850941438,0.07598522474953752,0.2684910409839925,0.02679863122025362,0.08604362195468075,0.023240211594140057,1.5886626154531078,35.402601700598225,166.1431278919573,5340.779794820847,0.2587631652600031,0.9667395982205069,1.9246041185662572,0.16516671366892127,0.6326860911509204,0.21250745650697722,0.8058662674602852
2.087317139222702,39.08840869442058,108.3969263120476,4146.833273328264,0.6750339421673949,0.3677844367923872,0.7976046822888716,0.23094109075768585,0.6528999646415318,0.10271867119258118,0.4777527413355119,1.0498750474777432,4.954726215136547,95.8754446311717,0.02554808009451808,0.14547528658188608,0.5269613492446313,0.0899008225317279,0.136072179631528,0.031850762332130376,2.387829623875968,32.36686755951208,251.61842798191634,7006.991471002216,0.21769612927982956,0.9028907188337683,2.2308935638333747,0.3096690870568578,0.5885105969817757,0.15000787773550767,0.2765959434722259
1.8289352480179273,37.38725439218069,94.95933139358073,3146.073279242575,0.5379185161038402,0.2669881638257785,0.4484746700747865,0.12306196676205648,0.5935790268666571,0.12065726420515709,0.25335603724348454,1.0385663944258126,2.8644621206058196,49.8433860082485,0.022125931536523903,0.1637730340156405,0.37393197822782825,0.03800346784489057,0.13121404973253864,0.04588466758379084,1.9127765121859637,37.80263217445292,196.40053631217336,5656.522525925441,0.1428926563374191,1.09690479595834,1.6404309378393245,0.17404508540870606,0.6182424462924142,0.22979096154919426,0.3152243356311202
1.5078487298909788,17.17107311122288,77.95090283446288,2104.667030697593,0.7796679613858678,0.23473698525994963,0.36676688790445267,0.11139618901060784,0.5792986798363242,0.10716117029566641,0.11007520961934825,0.506045958067324,1.2567721951980482,22.09786171283708,0.017089938221830688,0.07518995167986198,0.3175862318723062,0.03976437994884994,0.07177299999403071,0.01794866406009611,1.3168580349582846,21.462285106242714,131.3631558063119,4245.057787981174,0.26410828405806486,0.7536458614571754,1.591254052299957,0.21702574637316788,0.49277776572599696,0.1426237901630406,0.7845062622625287
1.7336912808179998,16.590398284014007,89.64961276746811,2730.198965132719,0.8002556962710382,0.15359511442509516,0.18555302489589515,0.09466341752225407,0.6920859789042971,0.08474878925387729,0.2409094485048859,0.7356772978778083,2.415795239120287,42.78956747925009,0.011731740315241525,0.05491229221142381,0.22331906763702236,0.022456610408473764,0.060378225591567025,0.02353507303243774,1.8857968560657723,22.858128715642575,184.60351444759718,5570.551210212921,0.2626553308012638,0.6182850790404686,1.1791381949800974,0.18083509466273,0.5869948249008842,0.1744539090590578,0.7198807540250965
1.382515048566744,30.753255272898958,69.96416252768726,2123.1433129972647,0.5071506798850373,0.11071010848420844,0.11352163163457768,0.0549761236688651,0.6961097760413906,0.07341813609932545,0.173249787497183,1.4694373679168968,1.8937141836343216,33.18476868395822,0.013174146502504284,0.07505152147446564,0.24482478382306214,0.022404441839390967,0.11233245351338304,0.028575653920059927,1.4732665748838123,38.18769378736148,135.63415356923431,5122.254979392581,0.10231113331048389,0.5750383745107712,1.0296367418670562,0.11486134819931834,0.7295624652009136,0.1572324970529958,0.9007358337359025
1.3583637715827057,17.818637279331508,71.09331240767881,1691.4947430993473,0.9474200284745096,0.3393821633409138,0.59804383552152,0.12017107500896924,0.7007053723172765,0.14720551139829682,0.15492589925305658,1.124287482985434,1.8161142641518822,27.313191948053966,0.021316266873179914,0.08814550182177866,0.3831884228023912,0.03205374213319325,0.10959177061981243,0.02874382229501175,1.1985488861955305,24.64527597497959,121.27372518653667,4152.055390202137,0.4286977856562131,1.104515396857232,2.2958209111220222,0.22399830746905017,0.6589418026880589,0.2249168695620937,0.5803782483605219
2.4630669992029226,37.653411305385184,119.66144625230302,4986.783623053472,0.9175408455525579,0.4477732021953547,0.882777334316639,0.2920617075704038,0.8947447640681572,0.10699704321026415,0.48278776078681707,1.9167741493300219,4.866614603912668,97.72353852650382,0.02335112503299483,0.13633910501711508,0.748048267877778,0.07957526709470138,0.09089743888816047,0.028631801124958584,2.843764089507034,39.86019222741319,284.3243294384105,7809.209286350811,0.4531152671712512,1.6941038815293423,2.9556054313439186,0.456968820831832,0.8534735473073267,0.25843251543612766,0.010686984383333153
1.648464212717584,24.287603172961052,88.34880795079607,2582.0080414522427,0.8674065585698284,0.45585628517369103,0.7501862125167899,0.2049243564168049,0.7854972654547252,0.1540386389140226,0.2204975559884664,1.420664261806423,2.7657228793744077,41.64360783474273,0.015799987160859577,0.18646768790610752,0.7502494964275106,0.09581524250050603,0.11047790294794893,0.04796742345571885,1.7828412028427458,31.00692628493968,194.32673186871645,5494.939777758622,0.2941376299102494,1.6441273457826902,2.6215120505425564,0.4106278050379178,0.7244395645302607,0.3408033488923976,0.5126538573258161
2.0349261529802174,24.687317089406527,104.20378050699212,3979.357110388213,0.7359945916726918,0.19793479191001084,0.4402652109069123,0.18861518000448196,0.5504927605346372,0.07761348074283725,0.28906006977974563,1.1339871355607503,3.2739684973834335,56.95813258026822,0.014652868618421485,0.06936343545875838,0.24290956665784888,0.03465306205980071,0.058711650664071316,0.02657819830336845,2.5781671275568807,32.91879719879885,266.01385101326446,7616.1843477708735,0.2364034583736341,0.6593253757222708,1.4001358424097101,0.2645125434957529,0.46720445515204606,0.16521550973757787,0.533538111950093
1.350190299891764,26.43381913518388,66.43087854136472,1877.6222259467004,0.6172664733793353,0.1020653150489947,0.10124398782415156,0.05013630921260071,0.5250149975207367,0.06270648972121454,0.10892941881409107,1.3983970353221382,1.2875979933957786,25.03416667179529,0.025209144719203436,0.055739354358513064,0.20962107541195338,0.02158655123101093,0.1030633602245932,0.013062092130445062,1.081116098913144,32.14668457887593,102.52106350893685,4362.64003280117,0.27898405695676753,0.5003224485869744,1.000934028908116,0.10163268383725564,0.5514723560419668,0.11207140702756323,0.9578580497856817
1.4712109234479445,27.120330700267495,74.29120365545023,1941.8537673474054,0.5869543759567851,0.1709618668297946,0.14882845519472132,0.0611633902477569,0.71966367445721,0.08186063956622436,0.11411653909755688,0.5545760901975001,1.2884507197692234,20.641551117055975,0.020014441770220603,0.05898499469740366,0.2268582183288635,0.0252518220956695,0.10265632566314582,0.01383623846542156,1.59602289441415,32.84491311768211,169.5255171128693,4872.254087332011,0.34661989910872376,1.1564591009931993,1.5006952387800703,0.23605579150119596,0.9647323569816197,0.18590118604127664,0.5043356096944526
1.5370655199383196,15.490614131306117,77.99530503966766,2249.1436058007885,0.7333276516049954,0.20397125956229015,0.21764743704988143,0.08701157316701628,0.6707799562091018,0.12174415890086149,0.21751850683398113,0.8987428016568839,2.1349789905183907,35.845610154879594,0.014019620224799016,0.08990445744601183,0.2823579358633196,0.040693079336951765,0.07551965632502143,0.03907778303178709,1.7362798303174392,21.409619709269105,173.05585070809383,5549.582891436166,0.14394532519487396,0.688027810269683,1.2595417241807492,0.15851964875521757,0.5045499029771734,0.17269760491435848,0.8809758890982263
1.884759743762177,36.05203055993784,98.23806734468913,3338.2680122117345,0.6873447613953344,0.43183715747662965,0.8586804095700953,0.22495999407160003,0.8935820854655596,0.13495059369463305,0.3197754897489267,1.1779713543042383,3.4510693038047053,57.927656335429084,0.014542888095864888,0.16763578558972309,0.7624116202658825,0.06409308051021329,0.0935980696078565,0.04670777908610919,2.244616530824894,38.18408539367972,238.84538997541145,6510.026890505957,0.3450645277704484,1.7082594756302378,2.9200873372997953,0.4312851166587026,0.9646856081837797,0.3388151196158467,0.301111511924094
2.3675612287807875,30.332674444459634,118.2811663853634,4501.523206197103,0.7040710571578069,0.47498592294717856,0.8074072855723569,0.27526068760580163,0.7780791738845416,0.13304906838968308,0.4735851916018592,0.7212323819595755,4.906339604243101,82.30501738900304,0.014777129948318962,0.18620098936671428,0.5992057558559272,0.08357622314155719,0.12623002880035358,0.03820226516773294,2.914872222604927,32.985896589231345,295.2766927796185,7688.80396109509,0.19356709917321424,1.8627981921208494,2.806377454417026,0.47356248294716435,0.8227866383939221,0.2755318545082979,0.0672439078611875
1.8832939324551081,22.23247281077468,95.92577828342671,3077.5056216046314,0.53717035866971,0.15459958031689136,0.29270449128939424,0.11246062034001836,0.5683507287134288,0.05485708616277826,0.20147632268222845,1.1928760158391505,2.6508959334678934,37.481131435348246,0.012165483902624853,0.06890453266791938,0.2566494406990656,0.03670624575045731,0.09044376648463591,0.016957186130651086,2.1506994168685045,31.206126855332606,220.2735807671063,6059.25561568381,0.12288523965595675,0.8377557908918787,1.7762783781074483,0.24203090996138676,0.6321788399191427,0.139832446089938,0.543345188344329
1.6310792085997579,24.729348211594314,87.74432857259345,2656.4379912606246,0.9268277523357574,0.45134798529719894,0.730695437998636,0.18936426234616674,0.7209323729950093,0.16644166189655574,0.2235197944890059,0.9382152078758528,2.7846931935636334,39.55365111240064,0.02703477584808316,0.1879836178511049,0.5691255952090191,0.07347797780204564,0.11132132999457567,0.042298087294431075,1.9263193291844072,30.225412555645434,208.92794138338974,5870.574498652725,0.454628299784031,1.9088431184418717,2.6701744188193497,0.40284496499244543,0.8762156145641034,0.3748155398368472,0.2754268007421368
1.695619195954762,22.964747324470423,90.50682278149812,3053.493255099624,0.7491702435762491,0.3451316058066409,0.7682200984866171,0.17334704098735998,0.7303453966076021,0.15772771120272383,0.2917346492754077,1.780284621931966,3.464564225761183,50.07329868838882,0.027725403118099404,0.18474345737897732,0.746281612395146,0.06669767242938059,0.14774745808411557,0.04815761461471674,1.7784589843043395,26.679927128878134,189.93609941111862,5808.161550863507,0.20155792236267311,0.9655897374927629,2.267859186698836,0.21272966195706536,0.6289619341801882,0.25804173673359293,0.5276036915281707
1.7340657435194444,16.686844747600784,90.43179085392447,3036.676356114081,0.6152027473418276,0.17117732395009727,0.4060575193914733,0.10487311655263794,0.5613729785027328,0.09580401468852581,0.2446853341377402,0.6953767295828356,2.797355385816897,58.960080369431694,0.020695480996618557,0.07506795093708296,0.2921440134669489,0.03330565281351572,0.061469487666643965,0.019710630003992792,1.9885309877509993,21.851739080439714,198.70149169742845,6192.22184225139,0.25540528451462297,0.8412092239097052,2.0133082946118757,0.2364006754222684,0.5715659148014955,0.2231737803617065,0.6841621674017715
1.2215482857905415,15.104015088138073,60.550783183829644,1684.6172955475556,0.5820089187377613,0.10936925827387346,0.10575734099519563,0.051877300798108886,0.6113042817927565,0.09366605985654236,0.2077747596407137,0.6161974803372811,2.605725677326009,40.29931998951318,0.01767946910521685,0.052200983171713726,0.2002642739572302,0.020813489786395818,0.11754086307819277,0.011447143077222097,1.27501232357186,20.19000590141931,126.55045541794586,4919.858568923543,0.1486163354918083,0.535330409068785,1.0004498215902613,0.10221273916266001,0.6978995202429287,0.11696598561147634,0.9409404709936882
1.951205928960751,18.967581276241752,100.3833612180712,3412.6684604543607,0.5854455663992817,0.33146510415695757,0.5952689907694143,0.17530912679416602,0.5818874364517926,0.0921572116617444,0.2566613460967215,0.5022386460947837,2.6175937067944406,40.393866642247154,0.014890873552484417,0.11230562753945027,0.3449737282253079,0.037064628168779985,0.05143300397057926,0.02231737376606783,2.4970774655834447,25.420553026515428,261.226436161548,7000.804125723804,0.321847597431778,1.6190037874402945,2.6057470506327407,0.39809248659682395,0.7191392748648934,0.3026578805783202,0.3279847588046655
2.2202001778469023,32.75319922494769,110.39721524264202,4163.4349864548085,0.5734155411093061,0.14757109423550038,0.41783962728186963,0.13617424523528482,0.6240529554517159,0.050080331028112816,0.217182038359675,0.7115515432058573,2.544983155326516,44.34569997649297,0.01169444422260578,0.05214789056941826,0.24757052152681533,0.02183268347263645,0.09609115692688547,0.011156962697768218,2.6423302772174475,35.62594478780394,271.2572249145485,7400.067756152972,0.21312120154600814,0.7213649090465857,1.6034209715102237,0.2130499255255359,0.767596466870442,0.12489700682802851,0.39570004140838017
1.4688935948131225,25.32196873373087,76.48289314798961,2402.5381695652914,0.8603074334251039,0.3563642352014479,0.7012100980306154,0.15230980062852312,0.7177166946699134,0.15634504277874625,0.3258184507740548,1.13542804517246,3.9973973952691764,60.380904039729565,0.026107569917683343,0.12386302145443995,0.7181533500538877,0.05870900628351351,0.1375389559443267,0.0280439987173939,1.7872604993738488,31.25780293419881,192.64314799341693,5808.334293462028,0.45669716063664806,1.5861833472639277,2.9111554073871164,0.31602958605108794,0.9394043302438597,0.31597334847246816,0.5684141239677607
2.1456492854039344,33.73745459375692,109.45785052668892,3966.990546698787,0.9055394209730704,0.4498308424492932,0.669683735807416,0.27026404153243505,0.882799111424927,0.1578760782123524,0.3518746931925821,1.2479628358633896,3.4872049397644282,60.84495581248751,0.018172521118375844,0.12298040319573751,0.2601601967776861,0.04801215466510692,0.08030667067424262,0.02899004375651042,2.8594350288360237,38.50610490180464,283.4088912319228,7819.680581848654,0.4733965089566298,1.7708467687214642,2.5684059479108816,0.47138878925481065,0.8760402392525108,0.33411780683829295,0.09651280540369178
1.4835336502270084,29.7763846539473,73.59895436331449,2364.992390765801,0.529448537084869,0.13126774965967744,0.3290823522249875,0.08057508152589575,0.5894845413981121,0.08849996529434628,0.204435681756923,1.7562105074819643,2.077020725176966,34.77268914385837,0.026509782649658233,0.12076293994414988,0.6260263929341384,0.05549081013774838,0.09452944056723937,0.044006749184203275,1.5122441078764823,35.035170042377224,142.79070614797934,5128.9328180631655,0.15538836133506773,0.7729067488177507,1.5864813071232144,0.16135308985081856,0.5700108786681837,0.20115227436451272,0.6284898516607048
1.8769332485842247,17.8402930258404,95.15994404007374,3041.813221419049,0.7232631186608774,0.17982240179291484,0.31618635416451757,0.13267504319446224,0.781295253889492,0.06755293802095405,0.2956261621570464,0.9213810709732878,3.219749688155776,50.97001168362246,0.01765206698095992,0.063759015646825,0.2819496929510169,0.04947807766587642,0.10711079311816253,0.026761637549047996,1.990772843966661,23.313159995530064,200.79489426394326,5622.511600703443,0.19645392394006822,0.6297896781598151,1.3028469619599663,0.2451583243151443,0.634082257043124,0.15155493968557682,0.4643321387588842
1.8413682710675916,21.46296095127679,95.08090973932141,3380.5556345323653,0.5940677847563918,0.24018883743989414,0.5242945485637909,0.14439943119157111,0.7764886946035051,0.1222367324667632,0.27895096717337664,0.6381215498983825,3.3227362256769557,53.442883476146136,0.014880837179819466,0.12608009326386121,0.598325626856912,0.059387529203720285,0.08498806229540812,0.0347722115591251,2.1726574360784694,22.759565813354786,227.8874163882801,6617.447036525333,0.1860082142239348,0.8559570015914892,2.1449488680058684,0.2745766782280637,0.6501235895286619,0.24859792877453987,0.7383382604805039
1.5848511475036586,34.360356388181756,82.9762392442558,2452.469352674122,0.7828136255650666,0.2510696494909823,0.4346510233610156,0.14280594052524048,0.8525503038006839,0.12938173752347878,0.184296875671235,1.8669167100907837,2.3816841921499257,30.69468414014918,0.01698624034911406,0.06639953433717764,0.2519262283250216,0.04924332204696518,0.09995193909301615,0.014985208686806311,1.64082816292281,39.501910188648075,166.59252655475066,5039.24289434051,0.3666926346698434,1.333833933985462,2.244138676317508,0.343956356534617,0.8794573273074062,0.25235212891946585,0.4138390866762293
1.5037534183127441,18.217109776447764,75.30269350575462,2150.9785671907966,0.523359596331285,0.1387846406116195,0.18813753452201887,0.06708894163183067,0.5225914991835282,0.0764536959548001,0.21030010120409146,0.8947463046502755,2.4703918922271115,35.78166182922227,0.01492189900684912,0.06384837963710112,0.27365196519667634,0.04646039502021317,0.059670569640424484,0.020939018903515457,1.5428360139501072,22.092949761644423,153.10901984713703,5083.4568583084765,0.1060660598878409,0.5844127377392542,1.0755964089098715,0.15823543052311365,0.4009623511081396,0.1054148754767125,0.9222860017104224
2.0804590092288997,18.34766484243894,105.15363611244223,4091.53648964536,0.564340545753489,0.16065758018985327,0.3429430654162722,0.15222480407577643,0.5409932216482042,0.05399325414077774,0.2868315924409981,0.5679544923445302,3.7688186937876256,70.94786298813368,0.01904141171714072,0.05735108146360083,0.20607777301298916,0.028936650495221258,0.09133479669138089,0.012028995941258155,2.5299055875082996,24.50968450559561,259.8423138641305,7395.923964400343,0.20769094116612777,0.7827897545156394,1.4998214733421942,0.29668781821193513,0.6421514680355918,0.13376633048974115,0.6142190426135602
1.5377987526064643,19.941705576099224,81.26754805463516,2521.8825582520194,0.7093651152172195,0.34224365554255787,0.752766583521429,0.13564128811116447,0.8600948848073227,0.13719812317358296,0.1882983492049523,0.651660044467569,2.4683748769270064,36.88995927956397,0.01836233407434313,0.1787873846570732,0.7279743010785742,0.04497720470416336,0.10805462434258427,0.03862731134266359,1.6111406899553093,26.080483962803278,178.7631228621299,5222.915378970967,0.3101001427048702,1.7449283063601815,2.8258380958226166,0.3082745845616605,0.9142163993884228,0.3044075617926438,0.49456921004188553
1.4600433993597022,32.23440214954264,73.19430283602503,2240.1403906060373,0.7878686975236051,0.14503186214712543,0.2251823883507842,0.08493260653061593,0.6266318228097023,0.08303439125247997,0.27346937537980864,1.8816500251468073,3.1288841458623837,41.5439816993113,0.02603059458491739,0.06797632214372927,0.23978819476782876,0.04007543078580086,0.1223439366990558,0.014421111734384507,1.3923619954648214,37.27514000402336,134.6209402265153,4776.572878524066,0.2681324288911657,0.6595098527918033,1.233609355466649,0.1332441600673035,0.5758855592948338,0.14646291205447043,0.735223913176352
1.9642610178218172,27.772292324809236,101.19103675452439,3739.3539124992767,0.7436195781106296,0.41545541506088196,0.7464370514819072,0.22339464327894978,0.8841043550559715,0.1489418897606675,0.38564936318246773,1.2883958916335085,4.019916459310085,75.41975293206673,0.014638636704564105,0.175778583114077,0.4928727080115997,0.051946841968486764,0.09593441823924666,0.03897071966216342,2.293522946959092,31.442628593932195,241.26919816750478,6722.2022412347615,0.181152087296002,1.5916712632671641,2.5868664588498147,0.3102304757110659,0.7802407364812447,0.26070554124962675,0.6270207618286293
1.3762603790277859,25.354775279704253,69.58896105203439,1799.6784142470676,0.5661307634065419,0.1079674650721398,0.11222172939807018,0.05256898191250357,0.6027377224376608,0.0603138555917088,0.10592543268175583,0.5580857407687743,1.1187667247027349,20.614169345354668,0.015105514022089338,0.05470912430328717,0.20240165058230863,0.020514986077528916,0.05228854187422832,0.01426976902306901,1.440272201115261,29.734904957995553,144.40201045008016,4819.371375088961,0.18190339990546298,0.7802185362169515,1.2837004888592003,0.12799637839625427,0.7073016252836387,0.19896516232232023,0.7577438170521525
1.4126204845251498,17.154288758456925,72.57123587232337,2013.557639259131,0.7785927967366323,0.2552184132496992,0.5530504626812094,0.08830865264735627,0.7684238324980923,0.15376103581891637,0.24072431100878858,0.913888199342803,3.0157367786339773,35.22658977998694,0.028973514492876176,0.12159486464890419,0.7067610951308753,0.055629716752022274,0.13233162812111748,0.03538747059808843,1.5613678022438282,24.45711692210323,170.27628503979295,5045.195826779554,0.42926954736614925,1.3419691718304265,2.390839953369188,0.23401921598430758,0.9501522770444285,0.3195726811444214,0.37055894266892403
2.3258464440964923,28.307343194386796,116.69237632514654,4505.743981569629,0.7913304643462208,0.44384760787718336,0.8193619597862156,0.28686977086403476,0.7978608943383809,0.10934758482913634,0.41842344033854983,0.6751349290220078,4.213711941189182,82.13970760953632,0.02484744267686756,0.15389255046142308,0.45826059077340364,0.05722692589135036,0.12972725165831742,0.028213609294062806,2.733111120766727,31.688576114010054,277.86436146375996,7456.82609302589,0.38916475046325805,1.6991424891492923,2.6890314760074716,0.4351215542723858,0.863859301261389,0.23848759690433516,0.17469214544217987
1.5988987280037086,27.482450051597226,85.64314057389106,2524.8831565692294,0.7844802077970598,0.39353820277229684,0.6626167445160951,0.14258225944885888,0.6835761098382541,0.16345459623276098,0.328457826288086,0.8155876787538049,4.158481682583149,54.50709604202939,0.016042059135541402,0.1681880071045373,0.6328714915103276,0.07005148021887575,0.13157971509432131,0.036224058410299256,1.808186516133927,29.529194165577238,200.7122001670238,5583.07868365168,0.23454869690668464,1.7192980609396964,2.5888258852941703,0.2698411418330067,0.856205087996831,0.32628215968628693,0.4669077926264106
1.7785409873361897,28.258584931479753,93.2300679104442,3126.6607119156447,0.8578399078982721,0.2607811879320232,0.6298620148832574,0.18768049924240673,0.8484867247628682,0.1301603689002272,0.21434598821055778,1.7908390886177956,2.34879797937869,40.4532512493246,0.029109180104991743,0.11155115105485172,0.6072476778336497,0.0851939547432775,0.14606946220164493,0.041955853883502786,2.0098155599318757,33.138420810764686,209.53215638975234,6118.781412308623,0.32771877016185763,0.8462089404389324,2.11658166994202,0.2906785025572772,0.8263688988327152,0.21944946028353854,0.40279927969840845
1.5082468620976,15.353515197525791,74.7232387979959,2384.4267411731125,0.5463322570715163,0.10489022031754165,0.14161987267914,0.053078711815040494,0.6297457907052051,0.07072112997549701,0.15764969242704238,0.5723897996405564,1.9259380976054985,30.23869790404674,0.022634402267163293,0.055051293172688726,0.33833501648615816,0.030245929562855538,0.07236238486479973,0.019922827694985757,1.6217578471492098,21.16227226187104,157.62114488116856,5184.640525760324,0.31231151624260733,0.5372120024283826,1.298199054916888,0.13291592814070383,0.5804617190028072,0.14130416549757457,0.7385535900671872
1.9736928394513664,35.57190306239703,101.93146728845082,3429.24965271125,0.675215652852979,0.41784252464870036,0.7808470520053941,0.1797972822087625,0.7041843136715903,0.1284140409126269,0.3703821099815895,1.8630606548300017,4.533488799073821,59.31906724137335,0.01562333680183774,0.18609122485966323,0.7754785436342685,0.09266317843190251,0.14522549531512416,0.04019333313657243,2.246575578898107,38.60715258569565,248.16505313906492,6205.479833774624,0.23986553700389088,1.815098590639161,2.843145040991854,0.4265967678597819,0.780850812076993,0.3104741091351184,0.5231795235067964
1.8523174030838434,20.438949070415287,94.06583379340465,3185.726165568773,0.6848611212810555,0.17409428060022802,0.3568730715845261,0.11624378948879198,0.5855552943709885,0.08867305062683402,0.19830785890622107,1.1262220858966672,1.868431525117145,32.71465052720245,0.0182254812183093,0.07499538078590878,0.37710506102386765,0.05102617175676214,0.0554082421340528,0.02200032560904229,2.091128668012826,29.261312535986196,208.65659268065502,6007.360783001118,0.2822310680099146,0.8734561277487071,1.949196426946793,0.3019712691692029,0.48607713420647836,0.19306699777932998,0.40164338980533815
1.5136886042878246,20.921893750525975,75.58813530449126,2243.7745615816293,0.5638629293585127,0.12403779829993215,0.26787113576278204,0.08201194166468055,0.580533727439864,0.0786339170676483,0.14026113700205492,1.3111700174335392,1.5954036214999265,27.11018061441849,0.018656095364239376,0.06979939895379857,0.30744296271821,0.027450515101521043,0.06367743125533275,0.022351547825975086,1.3954692746210726,29.81755929625363,136.23046886111058,4648.533659222263,0.13290242787033615,0.7156236577592199,1.5633887922329917,0.13814363923310516,0.46458951970771734,0.16995535781615284,0.919275218745974
1.977237211199192,32.70537026344463,101.45826329204958,3900.0469886726796,0.6758741452773449,0.26996267279888964,0.7129697990534062,0.1738937417603367,0.6516469450302274,0.0847379278131249,0.31233182908107887,1.0310161941007296,3.7421426768529242,72.84537365255734,0.01761114918643827,0.10312640502629054,0.5150866187400703,0.04528806620956601,0.1004539006924192,0.028206348518920225,2.1985042394192,36.66673607913983,233.21795188270417,6677.532057098331,0.31498405461411055,1.341550679011308,2.5185632158004987,0.3086853012385708,0.7009237690778795,0.2672905466802548,0.5599367087492297
1.6874251722536677,16.958239974898536,90.38646003094085,2880.0882165615863,0.9494181681103473,0.4243606632880205,0.743092080295024,0.2180798643554343,0.8769219492912906,0.18491852551738328,0.1904888475185384,1.349137642596313,2.555198247316079,38.962542163429006,0.021949616428683205,0.15629703669114686,0.4926775515471092,0.06419166398380277,0.1366666149222735,0.04033847162611344,1.6360381063098255,23.62828289658937,173.74250911816415,5107.381554628553,0.36495107280067074,1.2667816100117777,2.2769377163483107,0.3130020071245759,0.8152448017113153,0.2923069927309024,0.7249923458208675
2.4134689472683557,22.611487186242574,119.44082311330011,4555.0248249672695,0.8627708840077898,0.4811285745041677,0.824162785776304,0.2597013560220707,0.8512193248968404,0.10827004027031682,0.46888173055178306,0.7498033615117301,4.736601278810352,91.59222385336668,0.012703400958650947,0.14385736414841296,0.3665135970088544,0.058377893981742056,0.06855243823721612,0.032161334685264,2.822364313330875,29.493593883494732,291.72020705581133,7474.7857185080675,0.34675592156961643,1.7550999812960764,2.7637029816713348,0.46138642789616335,0.7156423264895133,0.3151049657305119,0.28126396860089437
2.1835706276859512,39.33716329105762,110.99536328321831,3949.876075503221,0.8879431661758105,0.42928103380664795,0.641621583455267,0.26177531191029163,0.6348297489174781,0.12358846876711232,0.28129307718123303,1.3921894985259966,3.8014401328258134,57.31786310901093,0.017745940689621483,0.09351500219743714,0.2515057278674494,0.039499205343362785,0.10144992596634812,0.01934348570057095,2.73783311618032,39.77395724456715,283.1573378336497,7501.003056393578,0.37455258402523683,1.4585315584588976,1.9967984679833213,0.37501018083012244,0.7598386130753362,0.228010323206867,0.4101676950764792
2.213893092356169,26.102107612270277,111.02146093310176,4179.379583233832,0.7218910577904578,0.27078222976695326,0.6059181666986472,0.17943131180849015,0.6483434647435973,0.06962539305192482,0.2928733439402286,0.787406305958655,3.605196811619753,55.21605213126129,0.012057142399323144,0.06683031042581121,0.31569872294701407,0.027412540161496916,0.06344911208292288,0.01264033858359153,2.4930316309813727,31.682176725559994,257.8270797470412,6911.695774629811,0.2420318263163611,1.1253149443631414,2.1853755210370216,0.27009961295994267,0.7332666660440126,0.14781004667823758,0.1800309100363095
1.2379250142829323,32.359234398107326,64.89084797757648,1742.2901000575755,0.6648701475858839,0.24473273715329585,0.4963650618101348,0.07867336443887218,0.6716907336678246,0.18575348664354052,0.23281399441565698,1.5238528409460272,2.7998426104529264,32.68304718270273,0.0293402458434664,0.1433782588698097,0.6278299844573518,0.05181511645686626,0.12177817813150438,0.04482619154147742,1.3506839107345232,33.592879631638226,132.46202778840114,4978.262014192856,0.3545107196517299,0.9729761819107567,1.9343968058113425,0.15567459389487995,0.712135778681135,0.31277733508195676,0.5309462326692063
2.0501078110074324,35.07271793774082,105.67330323335867,3865.7956517358734,0.6149554083269854,0.35510880188964694,0.6457935955804599,0.1738682588480079,0.6952468391516897,0.09610230938725696,0.2838380244060317,0.6195821290340854,3.6846245306242893,66.63484638632643,0.013879462443200404,0.14676449085298546,0.6288074547270873,0.06826750630045066,0.11499690449128222,0.03960679926472302,2.38721355742648,35.120940268000915,252.30553952294684,6813.782404740707,0.26212242703302335,1.5587241910503922,2.503958428539543,0.38759149042856006,0.889097014079735,0.26011719919729537,0.28893860917743247
1.8553047378561085,26.39987607031527,96.18067790696183,3164.367623667726,0.8616349111817563,0.2813872220001379,0.5223506891199621,0.17363254724353083,0.627828543533369,0.08344737563720062,0.37357583446788295,1.8534760245917374,4.333386485346187,62.00741770396619,0.019614020321350352,0.09149518997720296,0.3053422447013817,0.06401083131773992,0.1361502963575026,0.021305620551849484,2.169066396167671,30.79046083090949,231.78478698872942,6349.559309710478,0.19797258414897648,0.7680306529602516,1.7813568263052781,0.23347101748962268,0.5429420656654944,0.1230548137105993,0.6563278389678822
1.9331853631707396,29.214608407009873,99.59174411027455,3293.048154081903,0.8817080348357782,0.3000316538024541,0.4478773360750433,0.15931998909525952,0.7135510582731944,0.10779411640795143,0.3410693152188802,1.0795872209250712,4.060291261757355,66.57569050583241,0.015821659426802456,0.08792416318799305,0.2998565584476775,0.04384795770225745,0.12608634576689742,0.020843968033912245,2.124882572867859,33.38324345642357,223.54592959070382,5918.173440232685,0.32353693957965507,0.8085836519670057,1.6220726327012396,0.28152135220915275,0.8047627179563372,0.1772321870073339,0.27842764099876127
2.0022680346973205,24.287618670887717,103.20150713420185,3567.639342013763,0.8936534000170071,0.33430646553450183,0.6641470978068703,0.19382516262779434,0.7951772923076119,0.0779845716732484,0.24023875696000255,0.5863638045735361,3.0113989239144336,45.27379911539138,0.014028045894953548,0.10421107402297146,0.3729555374498216,0.03181861793524002,0.1172661565798365,0.01602760055338745,2.1839441140606937,28.526444100674873,236.63168134272314,6067.65545293693,0.29000792944661047,1.355779761900263,2.3299333489920735,0.2671429042970214,0.862803576899261,0.15641952833383724,0.21388888335170775
2.313885794036013,22.610306194892697,112.87399439383114,4539.177694735266,0.5678697256275246,0.1994969048840877,0.5988734796775408,0.1715208293220409,0.5236228473783318,0.0663145446139811,0.4213782365844479,0.9827981001935291,4.453877345581831,83.28645500479365,0.01679946950814177,0.08902304861153021,0.5942710484416055,0.08136120964986929,0.08497122178247801,0.02345640444937922,2.616049641907369,25.774477308997838,268.72865952036636,7245.402720393848,0.15654294839582458,0.8159338508134587,2.3006583116421107,0.34080819233688087,0.5079184408924575,0.15964485910161866,0.19133665290360974
2.000610671594088,21.72911026252818,100.80506306090464,3564.8858560831873,0.6510742730477199,0.20517620418304028,0.3588001870259865,0.1175024714677366,0.527199775937697,0.058987341932769805,0.15898040719146592,0.5326348708153589,1.6779444881103647,30.297725673761803,0.012433785229342787,0.07118973149048609,0.3164309165174403,0.03486448910196633,0.05740636970827052,0.016497623348641667,2.4913424946914238,30.499409691834625,256.7187823255407,6947.594203819541,0.31885697274280955,1.4205683290798268,2.25218484368203,0.3071378743165784,0.6862089185243796,0.19517233567837336,0.31378968884810166
1.9140776886356663,26.736135447711902,97.34318494503432,3124.7367153343835,0.8334879126042503,0.17267728221648287,0.41811912903850085,0.16861162388955978,0.6699664916569976,0.053630480531202646,0.17155036630197684,0.5710168589143989,1.7799179446855293,36.07253151900229,0.01031013395123309,0.05099092205133924,0.20726808197105082,0.023761008788679015,0.05830461235526514,0.010104041656075355,2.233296904758477,31.482816603722565,226.96746638881442,6066.57846645467,0.3749287234657532,0.757807604907773,1.6206622322775535,0.2948474980965666,0.8211649890518157,0.10502578639723217,0.19550705792292766
1.7769042991438098,19.317003466124937,94.26853871776198,2976.0390367328537,0.921755622820994,0.4325652687754109,0.7566312112056457,0.18523253045165183,0.7278130039157267,0.14460033237428696,0.15823301734811898,1.2227104364382144,1.895064387464326,28.80406654777735,0.01862284782001122,0.13491748673964257,0.5848533166682122,0.061979305256179805,0.11315497433614068,0.0346024816289494,1.9563379798245317,26.507010058837007,206.96028905914392,5822.786387922096,0.40505433487919307,1.4181000040617848,2.5687117440900833,0.3195396752927667,0.7346950107536246,0.2947468307984625,0.7831783062734814
1.3794152315717925,18.150329128043406,71.35552009147084,1938.526214866421,0.6866645352163062,0.2016338702364825,0.4419406802013783,0.07346535764964394,0.7050410911200011,0.10831127711573983,0.2607980825780064,1.1073389637880617,3.3591801630630904,41.924735432538235,0.025695470375127143,0.17015911074183354,0.7123788196654646,0.06942757899775895,0.11708956139098309,0.03645871903367745,1.4045613368054144,24.4499427801197,153.36875845548784,4885.403680859934,0.3002857762396045,1.2357500260988104,2.3058021061504634,0.22416938255106814,0.7200027538571727,0.24585298344801687,0.90979011494363
1.2758937512419422,24.316893092489757,63.97009472957113,1559.3605204999874,0.6820042244653497,0.13266181293403342,0.22818900856819774,0.0718983341848344,0.7441527733252354,0.10099987825739716,0.12198220117318874,1.1557537864816272,1.2726634258761003,22.40737255356584,0.026976342837229758,0.057165652862871445,0.28461347806106624,0.03329905666413179,0.09405851216760351,0.023940501539081463,1.1322780481494412,29.541722295591203,105.81680334700145,4109.383277231374,0.32203328099894335,0.5208191069534355,1.0821696891288275,0.15098634776898798,0.55298385110593,0.15765767131470676,0.8348684386184482
2.309229651562018,38.57257406375601,117.17259850041478,4629.285821437781,0.7457222655535325,0.4760770618824274,0.8733593505120305,0.28580851859740075,0.8225099942657712,0.15329951654540538,0.49685911689966256,1.9592608293638711,4.938774638246025,87.8572800695277,0.021411860748223103,0.17454714660518475,0.6720754495226846,0.08605424603604978,0.14733896806851085,0.0432840530914258,2.7834046211576093,39.645911800982184,285.8342685294669,7484.225368607351,0.20963954223997772,1.482149814507788,2.5417659650572806,0.3902380926861715,0.8809483906610126,0.2301833248379509,0.19593148008290978
1.488100077855617,22.41758408439887,76.98656516059549,2168.396108359692,0.7872708395801776,0.24233649757570042,0.34859775653780567,0.12456684378054864,0.7009825703795272,0.10969253191974693,0.20267438953602335,1.411105605341692,2.9089439860422304,38.595746075744195,0.02062122638477492,0.08206476494538877,0.22514431632045487,0.03251251523509653,0.07101411447466797,0.022517281097766115,1.3700237382389802,30.824772471394162,139.9652536261793,4495.883846559245,0.27358158150977674,0.816035361716354,1.5603469440488709,0.236365924036594,0.5439982493681553,0.20295097075452773,0.6970088217793852
2.181519749478955,34.898187988388166,111.57079470742272,4086.840993636865,0.9174000747021331,0.4562682650641525,0.8402124609639636,0.24352076296481534,0.865470080442252,0.1335417713972576,0.47572653122264713,1.550794027172062,4.76261929665469,80.44930926704892,0.022981891063165352,0.1655309561927626,0.7359809375971376,0.089699599284422,0.11900957703390724,0.04573131797377008,2.6439351306136087,37.100152326952376,278.09934852328934,7207.092023234406,0.44061860611065207,1.8220133932271674,2.95474891513056,0.4501067510453196,0.9091665379322567,0.361334345593474,0.22416205601279648
1.8696234771368714,35.01545759206466,97.25101434125136,3189.047105662514,0.6644408210297467,0.3822606404344282,0.8077236966596215,0.1916311836493099,0.7019946495074569,0.14397955738180496,0.3140286322374862,1.9207878697282632,3.7220218200622743,49.27304092772226,0.024915577918883058,0.16236230560894613,0.7835604221914907,0.09231344874562317,0.08785027338712607,0.04280103570784807,2.1583126378819806,37.53605177503311,227.27489495663383,6300.24642486677,0.268753121950476,1.3731258708679814,2.672803176613689,0.3227243874172966,0.5050365742847093,0.26814398803861045,0.6518916365764938
1.8433129709479217,20.513187209022774,96.3949130822719,3462.2468542462093,0.8501624889937457,0.4465432824799581,0.8399893043130884,0.210198337481234,0.8947702911504871,0.17530422933014875,0.4517935421314234,1.5369972409985722,4.7270437894728925,85.37707569107845,0.022727542168671757,0.17760909782460818,0.7798851168049369,0.07589884303691023,0.14944944024593232,0.04573697529898561,2.0354626200835733,25.858507031201125,224.89521772736322,6185.6291336383665,0.20072724652536972,1.2166023204138516,2.308964118873415,0.2535118266980002,0.8864123676268556,0.20829612998955468,0.5235420904850948
1.6388598124091218,27.540744999033226,85.73631830147684,2858.3112778049654,0.5981645860044328,0.15074939899419804,0.5226689816309533,0.11134499444224588,0.5488468716908901,0.09061799631407166,0.2888112820791115,0.9061538270017235,3.5390369987775205,48.69097788264907,0.014747908058092299,0.08963754504100511,0.5573574103278617,0.03691492375920431,0.09076840923067021,0.02868587457958803,1.9188681456125616,32.11037668674958,197.2682878709843,5861.529179851763,0.25346523429483064,0.7799135767366413,2.082988139460077,0.1991121910386355,0.6636467069138061,0.218970364882195,0.7224535777471187
2.056103922093212,18.60825490155065,105.11344159276004,4127.144607418054,0.8981783802155479,0.22889022666108966,0.6872619490675338,0.19939193053339632,0.7510528106067046,0.10061666743955949,0.3339538455196228,0.6610835041819031,3.836549551427527,74.65831291564926,0.014907997001016065,0.05767829502069324,0.4235325009984805,0.028520667487273565,0.11146613709021883,0.014453134252588516,2.489697315535145,23.309169836390787,251.6134101812347,7369.058919907095,0.3099389621765084,0.8714954527634752,2.419928472700431,0.2687158840982031,0.8998155959426463,0.21364479821190974,0.5033878621747648
1.8959455897019306,35.6180984745709,97.44297673569474,3452.364946560988,0.5684756252579614,0.266217274052561,0.5232168368638298,0.13766525317780695,0.8128206793031122,0.0670903736225139,0.26670408810329227,0.8160320326779255,3.216705179647393,56.09882866870223,0.018292081913794653,0.08433383260816998,0.3872265487549832,0.040966236316792415,0.10333001467812525,0.02407664892525121,2.2539834081670476,35.78276571418345,242.61135863464514,6803.22139576833,0.1635048919466922,1.2267278301018842,2.0665316353190177,0.29965129220960607,0.8410616843435934,0.16313952589035122,0.4743240384050625
1.6465906185863262,26.418991336856948,87.26982444206102,2655.2935113275216,0.7743864521719714,0.2743042583852654,0.4438706429212233,0.136344393607333,0.7517467121216114,0.144413030242955,0.27667379288314553,1.5349810301214433,3.212560665287066,38.0160499533993,0.02824127327609902,0.12850704706202307,0.43238604421917315,0.08022597210906221,0.13667385836747725,0.036970207151382446,1.7772333793495259,28.160322148589238,178.67999465277285,5435.428640551399,0.2615408082271226,0.6653959485729336,1.3568960403670922,0.2110842340982892,0.5432115976709689,0.1499310165345358,0.7904508796639433
1.9859704203177233,22.44785838584766,102.7447347182552,3849.39398657461,0.8480919998250784,0.3827611247413958,0.6712253179678593,0.22261675679961276,0.6880670747932293,0.12350869914649382,0.32643993671726984,0.6853225109798288,4.089535626107256,64.82702258346656,0.015044729623851259,0.10206538263966769,0.3976234387020924,0.038758364671099846,0.05868686812216196,0.025855371111479394,2.3137909304508737,30.407419959087026,250.79082809960852,6751.044177099833,0.35415140348402696,1.3791310428958885,2.5292078962075926,0.3932769994564894,0.634497654100978,0.27268918580131,0.20841722397103007
2.265617290419172,19.50490942011489,113.52200927622575,4057.688343711323,0.7976374811029632,0.3175789045836812,0.7458081313569336,0.2484588435923156,0.7980646954065681,0.07509754550264766,0.4117090947709904,0.8621374174918323,4.27688976050701,74.7166039584236,0.013655364445499085,0.11616296824765465,0.5398664693664466,0.06937016254352213,0.1320097382298841,0.03762737187552775,2.6735992230753647,23.62253025415659,272.80377369439645,7082.57975774825,0.2704159378769023,1.165986307971902,2.5537608450817526,0.3901877049571827,0.774385567004894,0.23035578141103802,0.2892625428325771
1.4087930420833774,26.494660825520437,71.54356698033446,2179.9568342429634,0.6424819513255899,0.14547207188417305,0.17585235570279878,0.0574602400710946,0.5213735360643308,0.08214848404811469,0.19984809776734433,1.0244959628929813,2.0439383995369456,34.65474398882237,0.023836934744172995,0.11033951632140947,0.38382465454340414,0.028233017024016042,0.10946836561218037,0.027688322659568766,1.2899392983842601,30.43391313175098,128.48642917586164,4816.21831391773,0.18641056930638902,0.7120149664671624,1.1817282578998067,0.11407496939492205,0.48849765954880114,0.13833270438758052,0.9856237057886741
1.6608512356547673,30.153514249881244,87.79859450549507,2904.3567089304324,0.6282004580148108,0.21656805485068406,0.3384108551262603,0.08636537921054391,0.669468214656237,0.12845968608785707,0.21222309064745315,1.1442734374000063,3.100692144313183,46.26459482276911,0.013108201595633919,0.08360657348846555,0.34343246023314533,0.04366164189768202,0.08416436309880446,0.03202612913712698,1.967511015338981,34.30109167392521,211.4102890160993,6295.6535832729505,0.19275101045339574,0.9132963878424605,1.8059219660534516,0.24469503118669098,0.6971187103085539,0.2560687890497977,0.7058478919115015
2.1781800566653753,18.340635947789156,108.76594687494016,4427.804717143596,0.748192849429291,0.2654304212021845,0.5988084410581094,0.1763224786418975,0.5703359322560037,0.09830171131293942,0.3135184023824646,0.9044525410636252,3.482142050699852,62.61902845322137,0.014940924132361184,0.10471305519374718,0.490679586011812,0.03439905247205885,0.12413975333106558,0.030837771271229643,2.3807310207247316,21.95434847951414,242.86302778435018,6771.146331104558,0.18789009542919982,1.0998497038159667,2.24311745157088,0.25970338291615236,0.7401804064025709,0.19886358515017974,0.710534030991208
1.4021575341821042,28.21371512382919,71.83597160841421,2129.1197055434773,0.8753354723967217,0.2697698908664789,0.5330629163760465,0.1433393727185257,0.6241722414652933,0.19379213658954772,0.32920534734459594,1.2565402940434331,3.490146952868161,58.29831474734952,0.020644473461498454,0.08846862580788627,0.4597318788907814,0.03967804120549594,0.12691232161456312,0.043860287167300914,1.5875851303287334,33.44940145977503,149.79281122340757,5228.467991217135,0.39363434425514776,0.957224203300337,2.0706395892461726,0.21357160593562713,0.6025283477057701,0.33808413246964214,0.6482297777047941
2.3990392116018713,38.62811021400125,114.95326281868904,4483.119136600129,0.6707197264496406,0.18573681659630056,0.5301615397243211,0.16574933241557305,0.5377439958348951,0.05143925405684065,0.3447555989327839,1.2722452008442058,4.062435273330722,77.60427030736341,0.02132996761187211,0.060018589132418414,0.30406229584008915,0.03691927833828786,0.0940210023431422,0.01355416763201154,2.6030694095401232,39.31984215785061,260.78000825423857,6924.424366856723,0.3166872287217493,0.8823445853968457,1.9192757107477874,0.28253977434607924,0.6454255448084806,0.15284776840853204,0.41141813198397215
2.0272651984793115,21.74433313667886,104.27996417975076,3959.2011093948568,0.6268996286835201,0.3006720747054085,0.5261051237137228,0.17954171192095955,0.6228822064500934,0.0881427681378853,0.44109156903896957,0.6740891386505004,4.706612843683691,80.86615689663714,0.018942225236542893,0.13548197192466044,0.2895187386381436,0.06623985301375501,0.08696311288373128,0.02141896463832408,2.406296751842745,22.190180645087114,249.95089763560128,6982.161374692217,0.132365998234509,1.1044544248861443,1.7628856403640645,0.30097514178481205,0.4629859413452918,0.15616482224550066,0.32770753631002686
1.8532288685763303,26.024793559863536,94.68712252371216,3132.811892822937,0.6227772950683428,0.13188029375435212,0.26926103513862726,0.11515620515444938,0.625211773337009,0.051625211303759515,0.2089894421403543,0.8125973383293517,2.2683441781140186,38.89155045961789,0.01632716388534392,0.051281175718166754,0.2322146040319765,0.0359784101707326,0.09408364541861296,0.01043541791176393,1.960877018129078,29.581844926684763,199.25672683785348,5791.378541028194,0.153941474418756,0.5289108370313875,1.214373936277969,0.18325582419166306,0.6879713123460789,0.10057748335825883,0.6604317981809339
1.7536556234071405,29.63715709123744,90.62108074784997,2741.3017848713016,0.7813902008940147,0.26328939148859454,0.4684333961353433,0.13133118002999908,0.8220431122507834,0.08430631288989437,0.13638849503339637,1.5513346780244845,1.5306622957990614,25.99859080646912,0.013581747882896344,0.08891281355772696,0.3785423752790513,0.05334780314252986,0.06402736494907862,0.02012655691614302,1.8722943845594688,35.26771424894589,189.77469286254438,5325.759072996563,0.3137298722646174,1.4431326424507822,2.2657355929957697,0.33613096227683115,0.7913846377356878,0.2594412701385136,0.22343011512741545
1.6258070673681648,20.163062563725994,85.79064191772136,2720.334417002767,0.6208409883514686,0.19161754473719458,0.5552533485774723,0.10555137554532691,0.534809243226917,0.1325395660686445,0.16492760726840114,0.7347771607467658,2.3011906668857507,31.66823755133936,0.015063540416804383,0.09271382865819575,0.5070184406970578,0.027686172356527834,0.06663567296134026,0.03803090412453039,1.6317258085230886,27.32816240981477,173.79937174684443,5062.497764176694,0.2784458707533588,1.3186713072616758,2.3443590051407486,0.21496735854902618,0.6276980887272321,0.36362542281966886,0.47775997952229965
2.3791560898686615,22.840903046716953,114.27827700422615,4579.280938835112,0.7068000210427593,0.219486119657199,0.6145060850971373,0.20885278083572398,0.7229537961256464,0.057195087334943766,0.34705618983603825,0.7458999064544767,3.72505494501081,61.19516264462101,0.013669157415415209,0.09641289239390945,0.38559989558675434,0.04764466365173906,0.06662014031142084,0.02610982437023098,2.7222252549304846,26.23780198591944,275.47921288218527,7423.38867257502,0.1624732600392154,0.8321045210182717,2.1962319832722423,0.29097512454979035,0.5657918238862882,0.1265531415768146,0.16158833746467294
1.4426055282699315,18.21697742948657,72.25105898802516,2150.382475486052,0.7451284578918715,0.1609056307418289,0.24248998446551173,0.062371575338554766,0.7587904822165386,0.10744776185585324,0.14263090947462836,0.901014473382603,1.425374782319073,26.247171216640336,0.028720925293812736,0.06499715168151048,0.29721747521772973,0.02442823652372936,0.08232473480955863,0.017565089609718046,1.4663259188264406,22.385640883932364,137.59235304616323,5097.279310967562,0.4042094234250689,0.6723023090344249,1.377609566748605,0.11554224425024211,0.6120757303177558,0.18572394917464585,0.8858672496807518
1.9300629406438699,24.717246875125504,98.78881474228945,3458.3180708867653,0.6104270771357252,0.19244653358877492,0.5808247828088356,0.15784776251573987,0.6190377714283924,0.08598701348166349,0.16491319635243007,0.9209719479135815,1.7087106506462317,34.20174592463771,0.015210352046112735,0.11951453713559473,0.498531665345525,0.04027108766576002,0.08628302105100707,0.04333489007796423,2.1962941606822945,33.31525623073771,220.2187772223574,6308.576888826922,0.23165501897207977,1.1729380527200237,2.432977023531476,0.3355215620367243,0.8224453161266824,0.32498402846597785,0.19996227226961788
2.0069422681030322,33.168504162873376,102.02549167531227,3684.896700924446,0.6750004644419474,0.2919561235809634,0.6844430380281257,0.16353423075438167,0.6488486022336507,0.06665214042119665,0.19899312266918753,0.8956458865799916,2.577591798991622,40.74426950172783,0.011226922893660302,0.14123045652045063,0.5736280858433935,0.040262381216799564,0.07163935348519612,0.024038693962767754,2.553132740579323,38.17391846497403,267.2670376266027,6983.843182020301,0.3452600088783417,1.8769915884819306,2.9611265418986283,0.39363100834646364,0.9366480648059307,0.3127174480073651,0.05278704732258532
1.3611531968389876,17.008522937721754,69.28462759369083,1747.0599488791333,0.5234894466799443,0.12071897855363573,0.19294986174466777,0.059753783895378665,0.525026704349661,0.06564544227607139,0.10946652404563206,0.755989187764704,1.3649906430144128,21.869019865441196,0.01189125644264385,0.059867666653607855,0.3061818185050817,0.026295344344152854,0.10905436006618867,0.01233029625312191,1.1671759981212082,22.875535663489313,115.23045355700214,4107.11161735199,0.11284709431457984,0.7553197145509282,1.5029444993191978,0.12584443186609243,0.7297209426861034,0.13474407994768567,0.9493158287291216
1.6585139308871746,29.858344803320247,87.35368655541342,2725.4485009781515,0.7756154932649889,0.2405346428114973,0.40920683592313556,0.11773563701700737,0.6548384011672733,0.11495442897731015,0.14061733285700856,1.0543747479049155,1.7686821209755104,26.237233706097747,0.014832526760504065,0.07413180942429017,0.2943600828590406,0.028941254441782676,0.10073559427104259,0.016129537552345544,1.8136559274944948,35.37380127173018,191.66938521982706,5614.997931596308,0.3302924116925102,0.952499057165646,1.7092853387164526,0.19602375414154277,0.7200157102137964,0.1971390709564266,0.44706920417302687
2.235115351173557,29.633886115220406,110.8102576827318,4281.338548920033,0.6829588671786728,0.17171828600360844,0.5642909405546295,0.196213153780985,0.7344161697349976,0.06177647711650167,0.4082349092702812,0.8907501730445537,4.252564401475613,73.51604604287644,0.017343328077841665,0.08679761914427173,0.4776012177103624,0.057633708407182196,0.08290133216707865,0.022309626720496908,2.83442314704201,31.78394453657602,277.07831164897704,7726.675929747296,0.1634765468356329,0.7322769465879985,2.1404087298012304,0.3007987233489253,0.6288061847571087,0.11820252159751168,0.4646152713374688
1.9478044324979455,24.905571479029465,98.46745622102816,3321.6457533854327,0.585649654345157,0.13673568879266412,0.26064003084842413,0.08811556724108535,0.5137392849884451,0.05077983027906108,0.22273156082273335,0.8461017755172501,2.332227839264518,41.928684856709346,0.017302317065831036,0.06637827593007264,0.23830344300673084,0.03196883909561767,0.05266853033906839,0.015253753016414894,2.066897232301488,26.763879459904384,210.3720090632757,5858.112922646822,0.16546408083164987,0.8084609042899364,1.6385192911929565,0.17127318544923767,0.44546381438235216,0.13560004121710187,0.7005603180373546
2.0111509192792743,36.80409856372262,102.68713402898031,3577.914490095997,0.5843247706287167,0.2969045512853105,0.5517590443104599,0.1559007360229457,0.5450105674215977,0.0780854931257577,0.15865335247069506,0.7948361996807977,1.9635074567291197,30.361584430698034,0.013800774696828824,0.1414413303595609,0.37417946293020393,0.028524813024096624,0.09208703986776896,0.025741883341465634,2.366911147763673,39.5769309009202,240.68296465536807,6532.712533203413,0.27803933363584926,1.551045226237478,2.49635383234517,0.30561668836910655,0.8561855863185008,0.2735499613477753,0.5073690842587618
1.4038705615080014,24.689165785488672,71.71941907999181,2118.199448855233,0.6552314750205033,0.17497936895327615,0.2983607193769261,0.06364928491525713,0.7264093246834878,0.11838811847635525,0.2785909834476469,0.784986499975377,3.4374978337251787,41.99808405718999,0.02845902230710786,0.10943240929820951,0.40108679532576663,0.030851983352634768,0.12063235500231029,0.024922537769858605,1.4512054993474508,26.105313950291134,145.70208760911783,4886.1335542307825,0.36788656588376134,1.1049095318294275,2.0338332539642794,0.1582884719785831,0.7254262397740286,0.2823774568360513,0.7945897734527101
2.003510309832348,30.276954626888227,104.97518413233557,3553.360527194532,0.663556690479692,0.3859939417724327,0.8482381643232508,0.24789738642286047,0.848898544077743,0.08720044793931739,0.27600258977024883,1.2117715806670868,3.2452688933636376,52.30718634922148,0.020104163760848913,0.17925355334638993,0.7062950975720926,0.07678097377785038,0.13442951521026997,0.04350306002282035,2.3098261885678513,33.14523983153034,249.15510794128383,6492.779609312494,0.24513464030453835,1.624095070065943,2.916970963445072,0.4150725320821397,0.8788443851597593,0.23587966626458967,0.38697675660172165
1.9216963147861597,18.580988291541416,98.36429021613435,3469.1586200393663,0.7403234736375209,0.23665182289795808,0.5224135616281392,0.18419668149210341,0.8239947116892021,0.06937665645865285,0.28740777713131416,1.3425796787118618,3.0860273698834955,54.523851707946434,0.028371858558495028,0.12285302181800169,0.42774102711998263,0.06400352190694898,0.09832296564035047,0.03700265535413796,2.1766168431650463,26.91695885905862,223.22790643325368,6342.571711746095,0.31464767306188834,0.9336410147454987,2.0113348868661762,0.28945013271204617,0.7158823681146896,0.17822183505533018,0.31768198948007215
2.1821395760915694,29.07320659837977,112.31531670782178,4425.18973861153,0.9487231613998848,0.4706979081883698,0.8664802563334064,0.29242038041367757,0.7927797809474031,0.13182656211994795,0.47229512211350394,1.8314642680302022,4.7811266152464365,83.10074345639161,0.029298717956249266,0.18532109534233898,0.7346858154104138,0.09864102528337818,0.1423552369119867,0.03926035090971367,2.660569497071922,35.042672449926265,276.28110768870306,7487.439532513152,0.44722069911715423,1.650746017541532,2.8302531950465264,0.48549867435558514,0.7549085870548282,0.20356874227641472,0.10013038094789828
2.15202828026578,30.543166127222644,108.00980702022653,4074.3253076958263,0.6803245577411877,0.2104240830003971,0.562861082514192,0.21190805983711716,0.6884164143181666,0.060782022725049324,0.4611979440161917,1.0330850988302125,4.318609375572729,86.86599962900999,0.020431438087142255,0.07406912941122203,0.37295372458468423,0.04641829600484498,0.07927960678798687,0.021882423850937513,2.5880299614650832,34.375775841143025,258.5409335169942,7310.924569013956,0.22803928088694916,0.8119594224396459,1.878730792662676,0.2739431245750016,0.6059178763017464,0.15945286679433537,0.20820604612365606
1.6130874652065474,20.612350296945742,84.05113639467656,2599.630870081467,0.6184462913247026,0.11415392951970357,0.22987297619931557,0.06290663925325503,0.5080137168891468,0.05745202936366237,0.13625821993125398,0.5307824291442381,1.5032409205286514,36.81248713854718,0.010661739110513933,0.05007611172975826,0.24062123815075417,0.020036120479098633,0.06009887716631136,0.010119946588002419,1.7046954393060283,27.002154603995123,173.52679154761586,5404.487504047765,0.1714240188946201,0.5950279596525111,1.519457938978546,0.12684912208799812,0.5607579878486075,0.13050329654236761,0.8292050133992591
1.8971684189283464,16.58181547304209,97.11477110316042,3480.544711100697,0.8607799403365552,0.2834784430610727,0.5382577951475105,0.19398721645025338,0.8501505274600561,0.1313137698763513,0.34817310498944576,0.5916170822577167,3.8077351647390048,61.58080918946838,0.014877917241771609,0.07813740483850834,0.40958939712065023,0.050508562206167916,0.07001561911565823,0.034117233601546906,2.3817162097485736,23.043249299272965,238.91859716305694,6849.960527447983,0.3399786980830096,0.8343101072012421,1.7826873238029877,0.329889570706742,0.8303478164877094,0.21229909266219393,0.3259226485206795
1.4679207024281344,25.56816232343301,77.04995758119296,2381.1855881938714,0.8821060327517124,0.36056336114590215,0.5769543448137567,0.14711442544072922,0.8743148226065932,0.18425154558581586,0.1848298023543796,0.7461217146247955,2.6186017752860344,37.764730006834725,0.02436302065243219,0.12464521639191982,0.38525039039030534,0.05127544742522988,0.11617933996601086,0.03626805302881829,1.6947851996850738,32.538583407483486,184.18554251033004,5468.131626841281,0.4619392188385645,1.4844779549955534,2.1366272327597144,0.2963769101396317,0.9555083785967702,0.3733321721144036,0.4582649893883395
2.441762396662919,19.892455328797396,116.77528438792845,4818.437122034494,0.8277029499397178,0.2400445794721119,0.44122938769155123,0.1823130669143733,0.5793659208538579,0.06834593599518422,0.43167135752458374,0.5612850457215698,4.4745614252159385,91.13691250694791,0.011984814226195526,0.058115382798868354,0.21796158913132957,0.03508445462148856,0.07109700744513417,0.013241769522155892,2.7983901022718833,25.2073710352922,276.994689468285,7626.129292082697,0.24495058718665386,1.1391720188694194,1.8359976587177622,0.3378437906045509,0.6030812805115096,0.17760192502764383,0.30256849292936056
1.7626736403781962,17.313084480886193,92.67472471696409,3196.994410799414,0.6226230990701893,0.28605601410057474,0.4446015001579549,0.13222146097974163,0.7529284315387823,0.13043125085729165,0.43062366181456746,1.0701847421232389,4.413798837339375,79.03084184116388,0.0258553596731877,0.1546126380514752,0.5321943840115655,0.07043551103713344,0.13094383372207735,0.047717180983725974,2.018365262044386,21.43336945372579,210.86315126327568,6404.60503479361,0.11603395570535857,0.6439597581162474,1.2468942650852046,0.1893482273800511,0.4763807569564882,0.13931812197982057,0.9545281968172274
2.3945534881674324,24.589912318259998,116.96725793023738,4398.061714655061,0.6978656763780163,0.28722748990353064,0.5816301381512254,0.18274755662059464,0.6992066906678992,0.0648726242251658,0.304486541114807,1.0727955105527534,3.7776153872663945,60.84410878098478,0.015130481397597418,0.09298867127555183,0.4326237584754668,0.05436636653653675,0.0688454913576586,0.019355848522184353,2.7206046950599174,31.078136914258973,280.5153337141095,7415.53015823069,0.18445843190814024,0.8196376179791707,1.9210992392679334,0.28049915041540335,0.5210111414498687,0.11990087188162597,0.5235045611138398
1.8064473160299406,26.16146459245251,95.53553476427803,3376.7862567152624,0.6488247958715565,0.3267189011858728,0.7340271220314392,0.156478244963414,0.6322218311688005,0.1342379454739755,0.4467562206157273,1.5741148252944526,4.622939036834081,81.20510406741691,0.026568259762292934,0.16791772034869823,0.6865425287926785,0.08544117703586195,0.105814114927919,0.04531048207031495,1.9433757165529841,27.526934390845387,202.18953036117105,6079.1496896392755,0.12518065926517835,1.0082247523679013,2.3134204087262082,0.2251715851661794,0.40623857721291096,0.20931088193155847,0.5639941065132952
1.7604539311230332,17.83782460066877,92.56431114623012,3019.187647554539,0.7330576076668256,0.2569273886563829,0.4092671744051836,0.14084514959748065,0.6843783939192127,0.0803617642962618,0.2608353652855164,0.566857174344115,3.3670143102691545,56.111759330125075,0.024668057244750276,0.11770114209208467,0.25428752185553527,0.03737830528750066,0.12401973287259471,0.025691858976098728,1.8876184521132386,20.57894029775832,196.7845328726229,5623.915071675204,0.2700127725666565,0.8996049741504901,1.451509988041832,0.21193704301221394,0.7250957576840641,0.14339045877610665,0.4734272018417156
2.4894726689041216,24.563118841034836,119.88220038897224,4700.6103677045685,0.8801764658258994,0.4577844654560543,0.8753073550081436,0.29531801063968993,0.7689640266776234,0.13620282454973728,0.42308056151090917,1.388545583150918,4.497089220208598,72.56949153285159,0.01768290882631501,0.177252605916041,0.6979068137151788,0.09583307018383501,0.1156866534870433,0.04453733561125859,2.8423101847720593,31.486112163904757,291.8333037272455,7387.278320676692,0.30695841883022246,1.8358510841741067,2.9110332242228116,0.4739828976720421,0.8716430865836062,0.3668471768241311,0.06688242905755604
1.9062664157779565,26.27381104897529,97.70493330151652,3639.0825113668907,0.7520932561683727,0.2161063521316708,0.44404899991422,0.12604048466525564,0.5696749013273041,0.08849900623385018,0.22462274879121732,0.5731980721412981,2.2990718692157364,50.60109691959526,0.020120403199973377,0.06338799655835757,0.3500889386628952,0.029157703765102055,0.06873378977703394,0.025464802926706366,2.085907159754209,30.34427102665024,209.73556565575154,6333.2828817839945,0.3702462762336078,0.7140354833162068,1.8140163445572342,0.22841960965795496,0.6021047768420832,0.15523197678338974,0.563367175043403
2.46274236622198,31.483493672370333,117.50706435253596,4829.8523404574935,0.6048276052413872,0.22031872642143654,0.6759219313964135,0.2328818276072072,0.6092184478031405,0.051982180127246105,0.4268973612667692,1.4142853400227287,4.230105302745702,84.91060949492694,0.012750315545756438,0.0813339546657385,0.3902294230572419,0.05570004760166917,0.09776070443430579,0.013075083176939565,2.941962916252438,37.940007120219896,291.86703222277913,7914.236769807579,0.16773876566608198,1.1432187065184165,2.6265700593214207,0.4227199801193252,0.7772463251989965,0.15504669885300684,0.013896448131441086
1.6193721970859998,32.87338844117152,84.58212633978492,2611.681037928043,0.5163377020578688,0.1326129403977933,0.15513296830423973,0.057030294060827644,0.6075316426856253,0.05374983722381699,0.1933799168536964,1.3829269749334379,2.1413426602808325,35.60495690750303,0.013537790074002468,0.06016659795965586,0.21876044797601454,0.023829133729417307,0.08936239399870585,0.017101359795576285,1.6276885687597304,35.351362298743226,159.52095935910876,5171.082967567116,0.11001373684135123,0.5770087724864202,1.0634003315918914,0.10535947470404647,0.46895592197059055,0.1035617495403693,0.7974558087010244
1.3927473112962738,21.989958703149654,71.41661020186599,2109.6179792345006,0.5515669305745505,0.1302404165217728,0.21149749850052696,0.0541860501398153,0.5681014868883216,0.09318578914838202,0.15693252242911787,1.631913992684683,2.3200088726201944,35.291592454552784,0.0195188372352399,0.12174140072800169,0.5028020022203282,0.04457351606034148,0.10684089021526447,0.02823812041150719,1.2718729234648527,31.153106420255074,136.0549861640757,4765.8655790896555,0.18862792323595123,0.7994424690624256,1.8218231585131839,0.14969195252634285,0.6647639681320863,0.203224707911376,0.9394648993268795
1.453638404091597,15.549595350381585,73.68710729040455,2018.9848241851898,0.6789976730961677,0.214815501244137,0.5067707561141722,0.1202009417597507,0.6178176103237312,0.10281833993819074,0.13011150353296172,1.1579800647982492,1.861929641292113,23.753986538832283,0.015278780349391839,0.0892349143317138,0.5665159704541554,0.07774827430712923,0.0696306930531225,0.018927318451831543,1.493960939261188,24.7952577372072,160.61983756463087,4848.591139416683,0.3261332126745048,0.9745025790279229,2.2693365091573234,0.31857904888134264,0.7004852377614733,0.18720191861839844,0.8688841639849757
2.3937172060181586,21.305142579737414,117.56742382916433,4833.64876119197,0.751446427730269,0.3513083776155153,0.6971363553213608,0.2661242441663099,0.7638896185695436,0.08883130610948281,0.35556983437762146,0.5353773060577285,4.232659950456789,81.31012288012288,0.021315070048245035,0.07066046027574727,0.24472503962454667,0.046677187119876506,0.11224772510964826,0.019400591402316716,2.672046447422393,22.632986355465796,276.4980597897789,7695.77786315051,0.2964561901421868,1.1160103466415892,2.0655398443715063,0.4321449861865629,0.7241734723949602,0.1720081328924103,0.260964667868624
1.6599151179303062,29.25267600638899,86.22758475457165,2570.2328531234466,0.5955617349933672,0.16453542047593644,0.19941703317705206,0.08494998588293173,0.7646225471335953,0.07697957477472749,0.121634752971144,0.8599967144278845,1.1530645931293149,23.44401772496348,0.01292235348363276,0.07119877396893391,0.2549345793512778,0.02810808600516979,0.0736171111138025,0.017806056784367426,1.7527833149553715,34.858590298128746,165.09503025720895,5243.395458765996,0.15838596331439017,0.7415306783953881,1.3909912668306839,0.20839580488938578,0.8376631258017571,0.14626791206512918,0.7101295622095717
1.7323915742214908,25.466025391971197,90.82460354163047,3114.752395491915,0.6197366984303115,0.26875057739949554,0.6582675114440697,0.16785590657325627,0.8363593524141146,0.08852751147845747,0.3953832440761086,1.3780365313551104,4.519740360162714,72.33374372234664,0.021781776867672326,0.1433748112694447,0.500557351499526,0.055622721621100775,0.14817133886933662,0.028007373596343615,1.99834585728594,31.35114901646437,219.24558537078116,6224.665645640904,0.17485233622770746,1.0751966928821957,2.0542809329373974,0.266664284548845,0.9636062439965996,0.17783573786031184,0.47697284721394906
1.287259448540755,16.593579948719004,65.45825183885123,1749.773476229914,0.6760635353907389,0.16871485956512344,0.35596038198820923,0.07341631218104497,0.5667307847788486,0.0954166613906945,0.1267191292485481,1.2929252312802533,1.6166090977217482,26.049943869311406,0.017499064090948997,0.10203808405945239,0.3541465439701556,0.026873125520469568,0.09339275935139178,0.02623795945379677,1.0861236218002448,27.142621302400332,111.55127277271987,4266.964153429328,0.18766193454395994,0.7171571209842135,1.7593062761273255,0.13453605912953434,0.5100669830589123,0.14038336248369054,0.7843322493220684
2.0855921511646724,28.841322289093377,104.81028065277373,3697.0783684797125,0.6210507640523566,0.14817091338432137,0.22069816714571616,0.11452143389125112,0.6321908308322152,0.05279998399002938,0.14501252377726295,0.8573559131765884,1.529551591348167,28.458269578177863,0.015337148912483552,0.055799146135641686,0.2268274399428236,0.030160591225800133,0.10619058638065795,0.013452696266044499,2.3679359422730784,31.672338774823462,233.94468530986634,6543.66980993348,0.16386502102288958,0.6879363235289442,1.2956440337774668,0.2166044747440007,0.6325687891958665,0.10707030515564545,0.497014816450137
1.329029178698618,26.055130960180026,67.97465093535523,1931.203402846648,0.6556603615346932,0.22745978278017073,0.46320844956673063,0.06989097049020553,0.7331822582300034,0.18023341655814762,0.20032768304794843,1.0141680811818494,2.2611603714977155,35.08868846767515,0.016221291197794134,0.11025366505222628,0.645702471717616,0.031247092173219623,0.13363489768778375,0.039679771482239654,1.2878089611420083,33.05958972615582,124.67278103326245,4645.041838528676,0.2656062538759722,0.8533243850947339,2.159958006563881,0.16369419725151862,0.9140546640893656,0.3201102437075738,0.8357087017461935
2.4125454748268704,30.619423257287924,118.35197421619564,4435.738572798083,0.9310594525341207,0.49576587314242543,0.8709842035820514,0.29657103243728095,0.8969312006113512,0.16158052412362295,0.3088305966171002,0.6348934888277192,3.147680322141097,53.40557176144884,0.023673173243718176,0.14095078747900877,0.49618542287803474,0.05418472721287314,0.08904893483735911,0.04132273259533144,2.9927876310870323,37.257748260419795,298.48797037763046,7920.5725487956515,0.49968662375471795,1.9509741545966541,2.956342966196632,0.4986792888883415,0.9944341478327632,0.39730791311394226,0.024421371515507717
1.787871579430475,17.008160592570533,94.36859637219416,3060.996617687802,0.9271852526751097,0.362522780635725,0.703376923554196,0.21050150412845986,0.7456981382956739,0.15015558806782983,0.26107554468240696,0.8075254843914382,3.1389152368970987,44.93831920381658,0.027831896690039278,0.15888340356240319,0.5691099481031671,0.0645853778425904,0.1405822916074751,0.03294643371834228,2.0645138595571093,20.707307480310252,213.33477138489462,6126.557908679369,0.36714371919767363,1.0536169133812021,2.382478115060098,0.29423020576611947,0.6519041539090529,0.22851170241972044,0.5695428911012965
2.289646979414105,32.34673730684798,113.60599942465004,4068.75777529307,0.5769891814428314,0.2850651982060131,0.557865649048345,0.15902766476746,0.767208118507929,0.06282695574113786,0.2190238347059694,0.6942611490264766,2.678935759039237,52.17946653971763,0.014395482346856971,0.10957118597996432,0.47641290199068004,0.06359385843134106,0.05742772858851072,0.026269889285625576,2.5837073418902072,31.351229023372845,271.8829999186418,7035.218791112561,0.15625041266992756,1.2007035208139716,2.408903990141314,0.37155594061248254,0.606818785839337,0.16803237836442156,0.5560864513388866
2.172749053857046,31.90287027659808,108.34231284424953,3854.9121228722925,0.8092953504698466,0.26830462536099525,0.6089629782089093,0.19180556587496714,0.8255828501552473,0.06681619592022693,0.2297024215301152,0.6941810415995032,2.3701826575100258,36.581849150484175,0.015566446004559784,0.08081515905381265,0.3793375405480228,0.04379289186110885,0.06255030086372074,0.017980774680840476,2.6018087880663723,35.97558146288742,261.57139258971176,6896.892840846312,0.4212507715440205,1.2882730102657138,2.684794364002285,0.42386867457550825,0.7801322939000919,0.23299734729124832,0.06643446663760089
1.8162231822515587,25.464071677579806,94.88322308253393,3022.068671071695,0.8850736768707557,0.3701973612003539,0.5908250948286372,0.206119502459574,0.8484443153312218,0.1417127018701899,0.22546558151171261,0.6396188506223771,2.847661126463892,37.29633775075648,0.015790782746326195,0.12421063205976779,0.321617818375175,0.050993052028916505,0.1161852474639064,0.0313356426717363,2.1789983449136803,33.24040547214462,236.13158595280694,6011.362120060855,0.47636455019566143,1.8680622529125415,2.7868914859887255,0.4517129463596942,0.9914492011663929,0.385109028945566,0.03620223133770151
2.2689911850500515,35.57790991350639,113.62490536087995,4239.741601234342,0.6204521418519046,0.3651188069890329,0.601089040912971,0.22099775308862854,0.5869997846375268,0.08264622973856399,0.26319885043965663,0.7718631889899594,3.2650467402840984,50.60113926899862,0.02019782607149474,0.14079504820311825,0.3638952477143646,0.05976522614767667,0.11670648150188365,0.025561755434395893,2.8432612655957437,36.249733094387416,286.4622851226013,7658.771419644173,0.22981975838180266,1.4507910469468386,2.4025672381671295,0.4413348905389957,0.8438743805686415,0.2093755725646272,0.25123907497222064
1.4670606444577694,23.08645279633409,72.96714753559839,1893.5853701496762,0.6965793269766433,0.1456908269381206,0.12057178899980664,0.05486451612725635,0.7289999463321309,0.11424022658108211,0.10295675812760653,0.5161116018639492,1.078676414551632,21.96870581841371,0.016103345879980576,0.07448679442693469,0.2274005138906901,0.020764694818561275,0.10772626917574558,0.027404925366003818,1.360479008604291,24.17416523161182,123.76091641323315,4378.398305086598,0.21366324119049118,0.7796994692538075,1.1886458894575407,0.1117336345991849,0.9136798570082885,0.2041492591219965,0.9547495928198229
1.7346047746074205,31.758862965238496,92.5642622092204,2922.2563331200213,0.91595072284752,0.43627356792467226,0.8064402986965629,0.2007000321307568,0.7401292296817212,0.19068105914343936,0.1925902525784068,1.2637356442670296,2.602634703145574,29.753708729181763,0.018256261820282307,0.18489635525411682,0.7759158114632954,0.0893811931861769,0.11305656736339455,0.04847867750089888,1.9651672451287714,36.46946063564899,211.81094037797396,5831.81162358481,0.3421902997876104,1.686512069112663,2.8054746209643744,0.38203382824080295,0.8678495898912924,0.3579871680814364,0.6529330933689804
1.4366964191422291,26.960056832840774,71.83626335959124,2010.166510230528,0.6034012021314338,0.11560477000899147,0.19042664972583379,0.06604899274515014,0.6736982457931129,0.06261837695996161,0.12729925832482797,0.9122523671711895,1.328120871954456,24.791269745634548,0.02108974629829666,0.05257562022058632,0.26347418263357014,0.021675071715839756,0.06179434931974107,0.016702503553003983,1.3286978174454371,32.23083537826848,122.22680636412181,4479.230261663753,0.28162814590501467,0.6179911198616169,1.336779735733901,0.11629798523333615,0.5384495840027534,0.16273325662881444,0.8301453005312353
2.208321452462766,26.826425046868717,111.42402685573367,4297.809964674158,0.5847856012348512,0.27452765029409776,0.7333563795065148,0.212809830356073,0.759203252337989,0.06817560993893254,0.41137398710740875,1.3240772623287065,4.418363287289674,68.88630963195318,0.018987728182437623,0.11609957514250871,0.534962971385508,0.05022119560963014,0.14053072932805138,0.0355605943307823,2.5659352178880805,30.828424747757563,270.72819277363413,7183.1321861483675,0.14457697032186836,0.8248155226217659,1.9627746631330814,0.2859892503107276,0.8276215954279191,0.13048582306266418,0.5232654169244038
1.394539359427122,22.340603131754747,72.98815216959768,2014.7033825479812,0.8792308120320742,0.33800263974122063,0.5794836765028972,0.1118059212073372,0.8537509908089624,0.19601383343503717,0.31980455808741093,1.7499564028188477,4.067639420049828,51.9867634705798,0.028910183841592538,0.1766401809848,0.6942455040181588,0.07910239546790475,0.14726701991136898,0.04726250336556058,1.1936441242430407,26.89107304987345,130.97557647621733,4271.719569366893,0.34821405259517924,1.0963135165113898,2.023279707476007,0.1594289133523412,0.8844872124611546,0.26966785061185744,0.5061328634199677
2.079986883930337,35.91542588080588,107.27942230069534,4055.048267932237,0.771929511564623,0.4396328624455459,0.7756837469630965,0.21470986317931842,0.8355269050035941,0.1387202397618855,0.29666238988087745,0.6947129877471285,3.748765687080504,69.97745470945347,0.022911438842796155,0.15537582885788326,0.5551006209505251,0.05385869881764663,0.11771310782036798,0.028643180834664834,2.403490361449444,35.09263904428902,250.22413931804013,7005.154916680246,0.354489790699115,1.808968051268484,2.879594774515958,0.3686274198085701,0.9120059478681003,0.31127668802326014,0.46677598159617356
1.4774103612430143,29.92110383120314,73.87102581122792,2364.4964500330047,0.5382554385602402,0.10375434067803088,0.11539243057420279,0.05690632409219618,0.5443445456636447,0.05997817407208877,0.20151954162179342,0.8667135589212841,2.1571650604082895,35.548982014784656,0.019493846697999404,0.05598100860089227,0.2123195987975779,0.025399736499582656,0.11242554566928717,0.017757048697593238,1.570621384585434,33.86914939389594,155.40639253320057,5342.928814439435,0.11729291426766994,0.5092497118869654,1.0132973693055152,0.11473463643342417,0.6055170855084747,0.11322602473754709,0.9463371874673308
2.1828430932134113,21.089593231804635,111.480768112432,4301.218202997106,0.8975322127278271,0.41636511602082477,0.6860757657131983,0.2607034081095138,0.7546620269912769,0.09724881039124092,0.3154178997304452,0.700274156246464,3.9497652351353527,64.8555936150171,0.022410511037681703,0.10031498613977663,0.34561292007408795,0.06292431146427564,0.12851900644600028,0.01725631426195334,2.4431113712627917,22.49772822794325,262.47969936300706,7038.459284213041,0.3715029777109076,1.1280439488679739,2.149014114938363,0.3707336992986551,0.7196034475881893,0.14046858204692597,0.5897875822070331
1.216046921321424,17.285669053226886,63.0621237496608,1626.387022788446,0.7186811884653226,0.2596444143361309,0.30530076680278173,0.08716423729659255,0.6168122343208009,0.19144513508239025,0.23175668019592208,0.973809679176798,3.004844531983129,38.02177326669465,0.026080250727537068,0.10935558379650046,0.3295526082369147,0.05972119115190099,0.0993222421430276,0.04098599578481375,1.2260390486231096,20.857041798813537,120.07590366238809,4565.158029602007,0.19044012326858922,0.8326493256803857,1.4088117224166303,0.16394244649177042,0.5357259644416947,0.29236960445337334,0.6806880617782604
1.3150910065610775,19.691943769623418,66.7717915047688,1620.9933992302429,0.7775110344683066,0.19700110049209738,0.3300468939235375,0.08238519684006854,0.722626501024023,0.11453707274665298,0.12811550803233981,0.8384947143366757,1.4354157403870658,23.008745434090834,0.02706460672427847,0.07814370969849972,0.40853985207339233,0.03911888826523621,0.0652151897022924,0.025719997822496638,1.2914835754960892,24.269755495983766,129.49176870403105,4465.533642266768,0.4080356010002438,0.8994457074919807,1.7735357828613378,0.1544478259696395,0.5670621771292734,0.23205300611201826,0.8950300181816883
1.2149028959102735,29.060443021597077,60.73611936465357,1575.5133604130638,0.6430793196852144,0.18691729103697877,0.16804377272225524,0.06059950959624429,0.6420652238707303,0.1281384671047894,0.1256977890349326,1.5861820997414433,1.408607355864511,23.98069019716617,0.02824897379480531,0.1354497737479829,0.2932559162536669,0.04172753752897279,0.13719468781323194,0.0377189215356248,1.133611705782691,35.9324392163545,106.46658047592152,4305.848565222286,0.28175284423018354,1.0483315624045662,1.4302449309826173,0.16068066392191707,0.6990908118401469,0.2812739910868024,0.9361716723597073
1.9512135772833528,30.560571123443626,101.57639466349481,3800.257322937242,0.9262294524433954,0.48379750937688487,0.7983154481877932,0.2623675503431065,0.7932416510121193,0.18143222054724728,0.4377086203249539,0.8800135791362178,4.690535691537338,85.02087169596646,0.02657628652107701,0.1814435489384394,0.40908989524472167,0.06933353770505092,0.08535152798216485,0.04263690677208531,2.5946473346397276,36.277042409124725,277.36447524177527,7403.7905076794805,0.47912847731987446,1.9842927427851946,2.730065777710033,0.47965387901209705,0.7778365772174944,0.3858819534225032,0.08139453568884192
1.6413042245471359,19.22265412567246,86.43220205067864,2874.2726321021705,0.8762934895942771,0.22086751378414585,0.5010135330859591,0.11574440143753564,0.7505533176727801,0.1389837236405117,0.3747073297115218,0.741361360090647,3.8414802271026702,62.244377077780285,0.025717424310227995,0.12221115247539148,0.472792440008944,0.04388037523586768,0.09640157307500875,0.03292247525552335,1.8866517177314002,24.21306623949924,190.7245871832106,5849.516400672489,0.3780117931608527,1.0236806782874075,1.8713203211312244,0.23695967139961555,0.7095457075869149,0.23474631560754708,0.7705589030921741
1.5735409395954796,15.749997675248403,80.15781086863332,2334.6825083218973,0.6660749899259061,0.1398700755717584,0.23284167450820165,0.08032640108235065,0.6975992699983987,0.08194556453437395,0.1362427092234317,1.0698007055136696,1.5198411074490596,25.5285860843659,0.02253100433967454,0.05672022441321224,0.23628731053352447,0.023591122943677562,0.1184667268721605,0.02245444234613174,1.6847825045547875,23.67894148293246,169.00929113376534,5185.283100077833,0.187799556754678,0.5378981706696315,1.2825116554098868,0.13246846269138035,0.6247085096812995,0.1137663246353644,0.6600398734013206
2.2430014453053277,28.69772363806629,112.20924079451378,4478.506713872961,0.8271716943894193,0.254804900419601,0.5344399488117586,0.19369324000200455,0.5912106242672822,0.09486387136002661,0.39543471075987446,1.5434416979597805,4.198410196045842,79.9359474591964,0.028420254087033615,0.0964405277420427,0.3663237205689213,0.07155869516123617,0.0840554688060986,0.04009303754734403,2.702312374605488,32.38433961598704,274.9686834420692,7620.739560123553,0.3781616354992326,0.7479484449830299,1.815503808054898,0.3046001045183723,0.43028665598655674,0.20000112474129692,0.252618495712311
1.561412150674505,18.705808235406707,82.93309931513585,2644.993635852089,0.8012512061145677,0.35010173712405307,0.5414916166305286,0.13894758625359183,0.8702790503555138,0.13921600557869654,0.33527188497882143,1.3216125496108015,4.144012636513826,70.13741716116047,0.01695039537584245,0.1434421312846093,0.5509737432584975,0.075844984620524,0.10845065292782058,0.03470560936090712,1.7552693305733302,26.023345604993587,180.46142794638365,5705.65268967157,0.3548836826656767,1.5851997188868856,2.2702327479126923,0.2991433457576546,0.8458329528429868,0.2799510698467935,0.870555621522295
2.0614906471993426,28.758175462579644,103.77465863598782,3629.079320197248,0.5499462316889383,0.21021279596987305,0.5367529830525413,0.158430772714805,0.7591716386235491,0.06363799156849502,0.2244572079633518,0.5541121646657999,2.6377266723653174,36.58035602937206,0.010176752191558964,0.06708467357139358,0.40360957572246065,0.053306676510967065,0.0602911302317229,0.01889906565772928,2.5463120228833316,31.25886990812992,256.87825793093145,6899.958520695328,0.11528500664993814,1.0433891674758453,2.2488105277617207,0.3396905684023615,0.7145659480259575,0.15604665795682054,0.4366663417186226
2.0757324445345313,36.505106900691985,106.60497087463818,3699.0553750764698,0.6453642680843321,0.28253598757404,0.7467449642700901,0.18716765078116754,0.6150138451822291,0.08684457198972184,0.2562127627286279,0.788664947609198,2.989733198575739,50.837756339703574,0.012640295484206164,0.12155670239000026,0.5826601785501456,0.05238346813324558,0.07718756556856907,0.028784682097795403,2.433300798596979,38.21051741028244,249.0494005540816,6693.40413166125,0.2590065282607632,1.3166317122389568,2.7215463107413256,0.340833335177722,0.7334934426198363,0.26934285253605605,0.33038965056314185
1.9677613081942702,21.771150967363166,99.715801966559,3554.404243662197,0.5203236922336573,0.13906141613934164,0.23053010861368844,0.11604974733053416,0.5357830703129675,0.05027336012387027,0.3151232755894363,1.2189273687113165,3.3782137535644843,61.51742326411752,0.01273740910635162,0.05303260149028978,0.23809881348889045,0.025158384663885376,0.1055963279878594,0.01054339193665917,2.192445608397815,24.920237522652787,221.34868493437892,6195.5322297833245,0.10875378307951207,0.5098807495245947,1.0361726570868082,0.13092150877664255,0.4726612909882934,0.10020298312769615,0.7200690074837741
2.187987160982535,25.700252288751614,108.37571738100756,4020.9423858726823,0.7074476485811018,0.1585148073634542,0.31029714757816207,0.13186589131879378,0.5088252720805135,0.052962315801737325,0.25060981080708367,0.68938027460793,2.8467143361112424,49.88213187596563,0.022614047832411117,0.05553995402740437,0.23176344583039016,0.03153954628275057,0.05099603769911367,0.01604371221128422,2.393983772181419,26.59151909588609,239.90373800575674,6563.550286185815,0.23818112134767863,0.6635392066179729,1.3746568198976943,0.1841787622185303,0.4019979224981374,0.11855577787641117,0.5380664700497435
1.4706874591088293,15.38418060081927,75.23034406192723,2158.1780757276424,0.7082296987048311,0.2670047225860522,0.5296297564039995,0.11009289818885697,0.6308700713160657,0.14816234494650357,0.19154093512889592,1.3087131260357379,2.156772406063504,32.64390334156146,0.019381860760078855,0.14296995525305478,0.49437111761192987,0.03346636377096393,0.12485376715362717,0.04564767527226434,1.406299164462955,23.916989691348476,136.75330640722476,4689.5143143351215,0.20859064652030526,1.1826638004491126,1.948968638867553,0.15876916885042322,0.5975870089268843,0.30358567988499097,0.7504783981910935
2.0850411378837186,20.757093607662828,106.36313472775107,4051.6420302341257,0.7017220442343475,0.2158834540022309,0.6006602555321039,0.17166664299233508,0.7904701718416837,0.06581805287152585,0.4764574709666513,1.1253444332472446,4.8186408697332235,96.15256339221693,0.022121835708642797,0.09396284292482279,0.4554710983718452,0.06213153829550751,0.14300669892292156,0.030311392893453862,2.50622324487324,24.89159072812679,252.41593724393906,7304.139082008322,0.20233468161942225,0.8351062004811227,1.9370610290364838,0.26369580700023565,0.8616888655411516,0.13792938821849773,0.4233428029045707
1.7695423603014977,19.511080448587975,92.76090880612703,3178.191246845335,0.8474081304166106,0.32071846714892954,0.6020081132951706,0.19680800798805395,0.7951733096507643,0.1521258702510645,0.24476624376417577,0.7707415866688945,2.9610875295721364,51.991924051694134,0.028175943618851205,0.12123373063196435,0.503562227676884,0.055493515472744157,0.08248036097714907,0.02961404409416218,2.215703670816619,24.944672757607968,236.11334569216865,6822.373993370864,0.45143237986830415,1.4063405292011522,2.341450989774616,0.37317526275772833,0.7410516529017018,0.27057724475137407,0.31435692178172814
2.087527813703833,18.078028247690874,109.36191049181998,3745.6278808687453,0.7221142801976244,0.46756079413541024,0.771035805304442,0.2485166600065081,0.8684976506963791,0.1345625256964348,0.3885466706436048,0.64548358727242,4.221716368915028,61.63507790781388,0.012538428771711997,0.14309377389422095,0.5093401555993887,0.0545119895740876,0.13322924397329225,0.040906375619133795,2.4961377266936795,21.2278943102584,262.9009461099937,6687.841526666073,0.15142048602935662,1.6177231044076352,2.402863172257352,0.3581205916824434,0.9606252010588228,0.3234340964783102,0.2830839060940869
2.2122933235566937,33.09125920868006,111.21970402637766,4283.369629178816,0.6579584469889923,0.34824866415671235,0.7072142945802378,0.2172823125497165,0.6673772788972826,0.09550708600559032,0.25488916848012133,1.1926423031878262,2.8567055428070876,47.326774300426784,0.01798714604845192,0.113514998572985,0.40025187709175497,0.03762392330030873,0.0623535596975898,0.034449409499403984,2.545020634090103,36.7514461767615,254.76952939515218,7113.803038686423,0.3171340894300789,1.1750743653921827,2.249838020274521,0.33425328118542075,0.6840230863116016,0.21019266321540933,0.5064808320031111
1.752373898915746,21.821395551932522,90.51365948568214,3099.9428006551275,0.7401105508111315,0.1907579717993543,0.5699208903783834,0.13673672226693964,0.6592969584988646,0.11462210918544789,0.4120236870124185,1.2606653855192322,3.952304692753482,74.628752757268,0.022079938754286366,0.10162269806252183,0.5484505038717866,0.06383733123095646,0.08610255677487959,0.03196523770752293,2.0680870825396203,25.532964704479127,204.1813904569434,6430.156774671801,0.2454183382207185,0.8505642146198508,1.953213063408777,0.2240357908429574,0.5486081703629211,0.1909265444401136,0.7682591507042887
1.3697203833275595,15.574573879521319,69.81428055256228,2013.7090490561543,0.668422789699327,0.17114132454761305,0.2579455661538814,0.07149359091335133,0.6092819213182961,0.14075305044768688,0.19761481110135323,1.0617016004104285,2.3053671238038227,38.546057409599385,0.0266854336770202,0.12739326320604197,0.5815367941806568,0.05424741768438229,0.11950456344012332,0.03655995712476635,1.2013484146982978,21.054897981757648,114.32476843448184,4593.669060595031,0.2578924982376845,0.8117223952818695,1.534616669581012,0.15058672119512395,0.6729037944089552,0.25937855944560595,0.9127222889848783
2.2745755393967753,35.24992328738515,115.9444537928851,4709.888728330206,0.7526881363853852,0.4893349260192503,0.8916807897530429,0.2891715711103674,0.8447195543181285,0.1266466494375682,0.34923663177416586,0.8261300566923663,4.082700478472928,67.38785477985891,0.01981243826959067,0.18806019417665046,0.7060067533988708,0.0730541987375507,0.13811007915368062,0.034248412778449575,2.9255526327780608,38.84727595595425,295.6601118530571,7902.637958414285,0.46224294421940154,1.994304210233354,2.994703687018339,0.4931025365656168,0.998004629804113,0.39005483483183556,0.004339034771458028
1.52381329421016,16.038778613122847,78.41098906501664,2163.383468258196,0.7562673566164774,0.19844066598172805,0.298811174949816,0.0750899989051884,0.595461709149817,0.09428429094625163,0.15614957925139203,0.7430788474224561,1.7265060268442305,28.586833767918478,0.01731024837118187,0.08857617478939583,0.3245846418814394,0.025665620374955542,0.08423565469717216,0.030693465296532982,1.46978677101645,22.020470559685585,150.958093798973,4860.353881397903,0.23514265709424137,0.970132538485803,1.9096316703295881,0.1405689514551647,0.5962712632452888,0.22225179562048647,0.8617839015309742
1.8709405227098626,18.869464746714844,97.86840308284789,3241.291208647645,0.9475889684778577,0.4049890141615413,0.6436158564847924,0.23887389707088655,0.7201896433343697,0.12166077751304333,0.41471129894025677,0.7174277211157051,4.503438426349209,80.49545638911879,0.02846098924137726,0.11153164785510282,0.3466068073377384,0.07331597104932894,0.10354903107438843,0.01819973425087161,2.003436485896544,21.898407974450826,218.6137276708143,6015.034027905315,0.4612378458336559,1.1363990281447105,2.041337470566692,0.38888823214878543,0.6248670111648654,0.19901182272027348,0.5342015879632118
1.575760478248043,21.30020404743239,83.37066525488945,2524.9298347300996,0.6096252688780647,0.24073170191058904,0.5794971483985484,0.10344216648477157,0.5940082711118134,0.10789054763210311,0.3111937208246405,1.6544350285030478,4.078881994062256,57.293526574542916,0.028764966195916643,0.15559398222708865,0.7574704177638156,0.09430141462478979,0.14644261561181027,0.04409205303775847,1.6260482622407721,23.10433641357879,173.27664800376138,5239.903930446286,0.17047292981789272,0.8542413764059379,2.283948901295149,0.24492117352969292,0.6043217535640955,0.1957967928883724,0.7754161306005495
1.3298564313230747,15.893621916177315,66.83500829178492,1814.7465071575728,0.8288829318964387,0.1515492119102074,0.16425541608904703,0.06404522912652567,0.7728576127211526,0.1039938989409651,0.12499325317518718,1.182126118378236,1.6372085014339766,26.253960585703734,0.017530167705261047,0.054168185372974166,0.23058472852540413,0.02374145393710199,0.10779864144397033,0.013435343525885459,1.238883728124839,25.673273441406934,126.8276469228442,4600.393387482072,0.27762008771069063,0.7408938621962032,1.1876189303249016,0.1253909883892469,0.8330079730732287,0.19453914209567377,0.8393618071495418
2.227622395334261,38.98549035887792,110.6174742032687,3935.1660607035515,0.5411837234725257,0.1652055904341782,0.5483149359974706,0.16245756796020425,0.7028705236071717,0.05006358545958735,0.3055205526616299,1.5605746081012268,3.3332362438430616,45.59265231988766,0.023494569632220425,0.09662231881487965,0.4627524461763498,0.06307669944139432,0.07820624336171503,0.017495304582673732,2.4449736557273125,39.09609525389112,245.68277243584114,6431.739149054041,0.1282123172197014,0.7277745645808719,2.038817101783713,0.24899854524997683,0.6216171658971362,0.10149490435748312,0.1223884941909007
1.6433686685634592,23.030604762475416,86.84393592597057,2541.2514188632385,0.809563893168285,0.21160437106001528,0.39294926738547775,0.10871183235874848,0.8327529550441694,0.09082922634133837,0.23992185337966446,1.0532164179734442,2.9536104453370964,43.03177298494126,0.023965785550667088,0.0753996640808136,0.411302032759017,0.04047082324841016,0.13558867491029286,0.016820834833191717,1.7874664399419027,27.967332893878776,186.24751026253026,5413.520689414701,0.374595033360801,0.9420970605876523,1.9639939723536226,0.23425479448708447,0.9293721152805119,0.17888434783888596,0.38712371516889715
1.3895421161713586,25.96336574665114,72.30024907931717,1935.074923941288,0.8528310629273635,0.27281938481150086,0.3926428620561938,0.08364283537158788,0.6639563810543759,0.15043120396464452,0.19896316103257566,1.2457745334522112,2.2069743875924352,35.72756056396479,0.017820242158222577,0.11949295549242829,0.4424392612676922,0.037711337147668625,0.06438617548393824,0.04199454441419376,1.4757807500919922,33.33552229057591,156.40541976454915,5064.169603836296,0.40819610905954035,1.3372027323843685,1.9465711462733999,0.171912294088531,0.5676996223056876,0.3097429372923551,0.9216522026714928
2.029114472913111,38.086434515663015,106.31122026207429,3859.8532909916667,0.9143034451881168,0.4844422514481134,0.870713597041539,0.25028137662008293,0.8445037568671314,0.18663342555875392,0.47163940706162,1.1764478228271378,4.609407067601536,81.9575454597583,0.02072320738757334,0.17188424186873066,0.7626848005530472,0.0936265592948173,0.13031398885868592,0.04770614149998075,2.7109804466016145,37.8259627919362,275.9993912592764,7456.045983601247,0.46033055455701244,1.74713191568051,2.952953844139259,0.4755812108804859,0.8814790129355545,0.3596825390284131,0.10233779182782266
1.956556841539469,33.68383638411211,99.38798366693023,3796.363858432488,0.6689260500816877,0.17665733801750905,0.35207962872859516,0.15001468755570316,0.5768194192481544,0.08137671474335745,0.45011309537883565,1.482156052692741,4.626903229474745,77.04965124393705,0.022985277524100924,0.10542390262693258,0.33736147465401206,0.07704208101112546,0.12661005141393428,0.030754037091484075,2.4616028539954464,32.82301279227782,246.97965223971474,7238.699457149964,0.23604174626437224,0.6496648859799247,1.385160927707612,0.26409031842780434,0.5307713368930204,0.15841873232971543,0.1799142659656493
2.0235266892677375,25.86379316279213,104.37713281953253,3850.8788958484724,0.6939869595569218,0.30648103576623426,0.710848566883316,0.180808024788594,0.6470351326576483,0.07079995262262455,0.36796709792575777,0.7888443412277554,3.922820097961332,64.29395428912495,0.01332255643832787,0.08973062261857827,0.5567860393754634,0.04326221448990375,0.08985333721741896,0.01824830740786726,2.5832445453017603,31.533306280188985,270.9377651733813,7115.681107518716,0.211435708978581,1.3323015633064517,2.780440742461355,0.3279140794869832,0.6631918140843704,0.1835166321007911,0.2616131830973991
2.2876066159289565,28.266951881642697,113.75578248951791,4702.9043780010925,0.8407744226056564,0.24310814971480707,0.7810808897749935,0.22326594933373875,0.7493681284426097,0.08898184635774775,0.4594632483843704,1.7853691485454894,4.521398832130078,81.4996318132458,0.020926405539464763,0.1339757868801458,0.6258036135688699,0.045816482767602924,0.13103515464516263,0.03979848342810702,2.674970129351326,32.76315865674796,273.5902861963138,7453.982619258124,0.3070650905756828,1.1234598451650972,2.4862001287439015,0.31910327005470007,0.7689641270818788,0.23596331315140173,0.3036561442235788
1.4960091399605895,15.418409282533457,77.06340615282916,2141.308516381511,0.703695613598941,0.2719136454475884,0.47002443572821057,0.1318787375369839,0.6739957652394356,0.16072272453853242,0.18957594854023924,1.379348728768399,2.2353943491534083,29.154920852022688,0.029136446361113268,0.17695153258186205,0.6446254431332856,0.0732049627911224,0.14701135277707694,0.04942317470260803,1.4900348564403607,21.06623532670645,148.17935518597815,4872.399180910071,0.17507681719928983,0.8892048787757137,1.814630215852004,0.18877800696725525,0.785850131053415,0.2840943856763392,0.8089184546778402
1.5903699565988594,26.271730279994653,83.37545859236707,2366.4146626528786,0.5844173994514013,0.1726221365610969,0.2700555450137724,0.07471727423109065,0.7562540307447558,0.09834992803948783,0.24071239782500353,1.5162535800944157,2.7534175791295237,36.500531019072,0.015271494921409254,0.11550524942094109,0.4139439962624585,0.0499641820028914,0.11374641546318116,0.038893450337637706,1.5695371024840787,27.291495592681336,152.20233102658673,4966.36064233016,0.10343747773590625,0.71093026931416,1.2698631084320782,0.12264541339218456,0.6310429013503677,0.16847989163837745,0.5921113316690299
1.9968676235472964,35.16328548359532,100.56317599010332,3887.018536557179,0.5323858464122825,0.12921900850439028,0.3509574828132783,0.10064059280025904,0.5021104726640132,0.050633208049909006,0.43184680937582787,1.0687886687464265,4.676029073816288,91.68611397918082,0.020818194332499054,0.06540374642545067,0.38456776751762745,0.058421319107873015,0.08083937026210318,0.020034124000918835,2.3123185701717923,32.598354389154096,237.49590681090524,6912.9015419664265,0.10358405196193962,0.5426186769273461,1.37309472110541,0.20250251877510897,0.41079872127970624,0.10091633954255881,0.8411396405965752
1.8481594071499248,26.283513959431982,94.27904978405722,3115.9474800708076,0.6317462425456463,0.173647606267729,0.2898314588146853,0.12375029438806374,0.5551439677529079,0.08849423289113645,0.1468724387171859,0.6185422451825224,1.5689223992979535,27.7651549559579,0.019565493078779105,0.07621822296800296,0.2546514590496062,0.029469943143565328,0.05303114052090307,0.024008001070142605,2.2509234857098406,34.75816099686126,228.24178159038124,6431.697678146992,0.42212376875457497,1.0420705703811133,1.8683980160873848,0.32080735110162056,0.6810773046538761,0.2532638558171244,0.4228897206955703
1.5942545610223051,22.892268526466967,81.73840765099145,2316.1965162508873,0.5115398779065332,0.1411927830262762,0.23758720091854674,0.0576934270402917,0.6211879154353234,0.08711540711148295,0.10879323921912405,1.1139437150522151,1.139432617934193,20.87208844042371,0.019099665196751537,0.06867549196275405,0.2983618898310248,0.029610559246791693,0.0944597947797142,0.03277522271711191,1.5299829540876368,27.529149398749958,139.10704910476412,4799.3408061185755,0.14242852250165336,0.7711030702580102,1.4525017387817045,0.1262397204142371,0.668094177786429,0.2378011585936841,0.4950716448637259
1.7253984861565579,24.92804497054935,91.85162039138702,2827.2811799674555,0.797167915919599,0.4283780152244966,0.5824997943988085,0.14817658036154177,0.796110054148631,0.1473889647109997,0.2681821823473922,0.6687371333376472,3.3389513263294384,49.335973360054716,0.02079047706830108,0.17417201462344822,0.5592044206615832,0.06818382986451435,0.1124947574738722,0.046120297538821034,1.8475016006495133,26.49227704509265,199.09415950393551,5572.17676615137,0.3123843285763148,1.6973091398807947,2.4311483617527037,0.29131732275713046,0.7210475478343766,0.31305266487055183,0.4421082103242272
1.2497111736328448,26.03848572913377,61.93459584147506,1533.1215982281674,0.6066112227675887,0.11814052661166734,0.11801634980792053,0.05143101849284394,0.6905275084193212,0.06464219876200798,0.10824762410261075,0.8596917459019057,1.1392872140372163,20.576212110435208,0.014329183577116034,0.053515270947095676,0.21974385194030505,0.02054810481394808,0.07066072548382385,0.012189127213950723,1.2650780042524725,35.89792916354537,119.44444682228564,4177.437730967901,0.3432838341310553,0.7391834348145534,1.2846841484827092,0.1394731812558505,0.8368517723234952,0.1457627878521959,0.7187227087628817
1.5474089944097527,30.833008036102456,79.8052761396771,2329.7539925960405,0.8077531339404189,0.16379241112907791,0.2728506375759182,0.0737539489444707,0.8135897277206008,0.0855774908722999,0.12829079131393384,0.9058562119996008,1.6578671836435066,24.509388595062276,0.0198368774323519,0.06421309494746588,0.28172533115098036,0.02809673750413083,0.11021514984260336,0.015699651341386952,1.7010319915570973,35.323724204873784,176.5906851380114,5222.843691195078,0.38994185982197965,0.8815117765113512,1.6747420719842316,0.16631244250089927,0.9306240330558001,0.20792508012489247,0.7321783472011856
1.6290768662280188,25.41614093788238,85.30749287570656,2858.7408557025287,0.5170727811410053,0.11209126574821517,0.20046650408295708,0.05756678773503683,0.5196249095516574,0.06288818152307278,0.3087117534536652,1.6018389195323375,4.037612983185979,64.83067679991578,0.023771140411892752,0.06212755192417851,0.25487380213626337,0.022533332827962507,0.09662422828269593,0.013574408201644034,1.7844112327587722,30.786950574402493,190.8711243663728,5729.084113147162,0.16096940477259236,0.5586569865421808,1.2746919810482127,0.11069317250899988,0.4378001417903423,0.1073202274469895,0.6716920609912241
1.681334737927735,21.31832339348743,87.45539485398155,2853.52706567623,0.5484807497219817,0.1430606433608946,0.1865863655412614,0.07538185105798671,0.5605675900369094,0.06662722953112753,0.2322761789953593,0.5186099824370293,2.178553520041425,36.61599217171442,0.02190230247218526,0.06290566529289064,0.2434324805015734,0.032601427413336444,0.06219167445900149,0.021096929883977447,2.0329899332801546,24.714984760890054,199.54423909803901,6099.503740417609,0.30346049387247476,0.6622213917225244,1.2700016770381264,0.21213444099266526,0.6477415929563954,0.13720745270390175,0.6230021918857657
1.5447274000287914,25.875869805904138,81.23809010551437,2467.268993503449,0.681682513976695,0.2615908380496064,0.6327462101292293,0.14684574110087237,0.8304685033608437,0.11126821420751686,0.24746604138561876,0.8246443586504463,2.854341724367515,47.81782157729871,0.016054398721216768,0.07685919277838893,0.4612530506584512,0.03580033233684581,0.0773227419291923,0.019351587501389343,1.7411757070493734,31.16218611946413,178.82247824810926,5489.215543804457,0.2649470629423201,1.0755824381027113,2.373873857832716,0.24986829605118804,0.7755061176149547,0.23637517926761042,0.7174259389288608
1.7685232254123509,24.388457475458704,92.3973514386337,2985.633558438315,0.7471718191623585,0.18181134174072308,0.5474439761535347,0.141384377054195,0.7160968186765225,0.07892593958239986,0.27406330361726894,1.2450805581361915,2.87332331053203,46.38021751101373,0.01958560989996728,0.11272483576392285,0.6877831524080943,0.0646662259848858,0.09008518300613907,0.032198719830627796,1.9978966899660344,30.305804715019722,207.79374860845192,6058.03114222977,0.19194694171350027,0.6649464153686809,2.0592772582716123,0.2241303805303281,0.5234173888715834,0.14061714799924938,0.6877404173993464
1.4887457649253053,17.058526084808737,77.04690412828961,2179.6000382026405,0.6308672919467513,0.24191914593486613,0.49548715598407506,0.1194121215554822,0.7263249993864807,0.09906630030526088,0.17348017559401172,1.182425768424606,1.9624378158378852,28.64734023272561,0.024263722519307078,0.09240190117124014,0.4562477791939477,0.05210972267494601,0.10948933472161981,0.03415433326620549,1.6262492901004408,22.228522729998183,171.04651175150153,5143.080182988801,0.2507836648208761,0.9027687364310386,1.8384087900127508,0.23371475102186584,0.5982621736532147,0.17018527638434117,0.5479957947387732
2.4086574457129544,27.768991559607255,117.99344412957076,4946.132710822577,0.625732617091584,0.38716553309052343,0.82282702900324,0.2649080420931144,0.6692544954626234,0.07461217531907521,0.4296279291359313,1.4387560055280197,4.3325813638681865,82.09934296239213,0.027623521556646994,0.14270104528285518,0.6536691996015676,0.06935693679196012,0.1322964203973993,0.034134563447927216,2.9087729290947784,33.06195331404365,291.01999369024804,7977.761406785908,0.28415139566978465,1.276150452005582,2.6335376000377106,0.381574631049584,0.8024438370613594,0.19675692795042155,0.3864625950252664
1.3800368716635523,19.709286784515914,71.50505849724895,2117.0069409655525,0.8529547938592874,0.1800177443422157,0.3458882807057327,0.1139750404304194,0.6969773695284677,0.14202015437653367,0.31133185582388495,1.7342906608764572,3.7138681430868363,52.244958376497976,0.026835366937075843,0.0939622537999297,0.43351774274065663,0.08339168473351223,0.1446173059269507,0.041857707130629716,1.3131581516303041,26.008989500788918,132.46969760496685,4850.282740811608,0.2701816788931316,0.572243694705093,1.2195885841556091,0.1887404777601948,0.589189135527095,0.14046587937935057,0.8302333429654989
1.645007031056355,27.666146765770858,86.46460645152476,2729.103163872178,0.5610069848839816,0.20591352380180528,0.5133272843665618,0.08290302465110454,0.6896068623834429,0.1298099447469657,0.1566667299558935,0.7316034267922632,1.9266153899228224,32.668804272800436,0.012003753468303931,0.10973601792497725,0.5386520443334442,0.03139370035454011,0.10109035612359248,0.031027337170665473,1.955666988899694,35.106839370669725,208.412052879943,5952.0987024564765,0.2611998790318659,1.326860549548506,2.6087533792675415,0.2512322229629036,0.8977536111632123,0.33636506093331087,0.7938574251001247
1.5912879122718147,23.419828043182697,81.39533822692704,2659.673547037608,0.659391587694156,0.13681916067785846,0.17005563249465927,0.08177971244552999,0.5294904488213775,0.08123130022248676,0.1663474438255547,1.1282849516532016,2.0796976929050794,41.01182003135544,0.021669980709244946,0.06269916334099239,0.22951899762571337,0.03463281536522847,0.0800744412166944,0.015233152845086681,1.6077056608145837,27.03361673588678,150.89964992383443,5476.139493579848,0.20481415973148656,0.5641229239927772,1.1215470003680892,0.16190380078968852,0.41800589268948907,0.10887172604739857,0.9585436032188671
1.3714141368334087,16.21117521905527,71.15022029420602,1998.459212168547,0.9060267431282579,0.2542827899976565,0.3702375420744672,0.1107642783117652,0.8929268500167155,0.1461627485155842,0.25313315758919,1.7195576922875313,3.180784993498413,42.75372743670825,0.028898889709985776,0.12317854215213955,0.3418875395840504,0.046051681075598594,0.1493520877223029,0.03123084677928586,1.4009409529745036,25.684079305523873,147.00068128279295,4866.322384794534,0.45943920493915996,0.9046301930612861,1.4946683225907615,0.21419764585395534,0.954819738666256,0.2554725364647035,0.43962058135274473
1.680686229048454,20.131472758647643,89.28692467835687,2797.1558681782917,0.7269367494285264,0.31616365497479143,0.603273045552237,0.16753828445786637,0.7246469256875895,0.14226797784729917,0.22970223429662637,1.5553452408475843,3.064999221251438,34.46862965126604,0.018436105306642414,0.12533664941540687,0.6164906079965834,0.06905781900527892,0.14423342875911238,0.040692214077545474,1.7691517993938617,28.407453814551474,180.99434631227052,5277.413146026692,0.16508413833357877,0.772464013961788,1.878229905273974,0.25518564198205795,0.8417625130012685,0.19738552893984446,0.6447109633062685
1.3850467473553416,20.708122008685223,70.57408850960616,1950.6513149727348,0.7026126008633761,0.11230277337520318,0.1406377825371623,0.05810752183355292,0.5651794229613887,0.06676584605898189,0.1253017088887872,1.102115490158915,1.2497762458179211,26.932519739142837,0.02521861688012785,0.059274342673436425,0.26195223936514733,0.03226051425633814,0.05240721509686436,0.023578229648718273,1.4512678721589767,29.89652702300923,130.95826994246244,5025.835202596423,0.38955525583011114,0.6518646511671969,1.23678016776006,0.16751564672797362,0.5730013584081887,0.18503090181275386,0.6396202601848568
1.6605996859315801,27.936758875383582,87.74423603750755,2551.860035238732,0.6319411345952913,0.21812624554073834,0.4483487428783021,0.10234882632571281,0.8011623301514673,0.07963647242868332,0.27953284289733565,0.8424058792976783,3.185531767421336,38.55224594823064,0.01156672583375141,0.07214280066145559,0.30398575165895747,0.028252972946037465,0.11436397838268711,0.01349908774660634,1.8611423109075618,31.747400322645632,194.16802324229656,5258.690829788228,0.2266887874912547,1.0684084537191703,2.1144199417727982,0.20038525987628275,0.7850563179799851,0.18070461466099455,0.4514568273261057
1.6747607607737975,28.509654511180926,87.09874631237749,2587.5267428049888,0.542396441802587,0.1219958474209949,0.1259563897022017,0.0598540353028093,0.5619347339625765,0.06499262997578546,0.11444123246967787,0.8560232791621809,1.21238581018436,22.5041421339701,0.01772517326547496,0.06009864711608928,0.2452062092949715,0.026876770333891277,0.0638235430787795,0.027844667842259623,1.7073916113759438,32.47422200985488,169.73562458264152,5082.564505663463,0.1820392412912272,0.5807058264321433,1.1593294452452274,0.1305756467925499,0.5488981152362563,0.13141183362356632,0.8894384920013267
1.911822959213455,23.545145563610646,97.61600946310035,3204.8081714792825,0.6568175405471696,0.18661450955960457,0.4370707890428458,0.11877296463995132,0.6673119085643902,0.08100793299699421,0.17685147686301456,1.1009664472992011,2.215185465167348,31.26804095170136,0.021340697826591253,0.08173993888448827,0.3848858614925055,0.05915685359850446,0.0818475878942366,0.032569586871490815,1.9803586969116336,27.157152489352256,210.24371414388455,5831.377202585546,0.1373225628581825,0.6441188205666588,1.49292264993833,0.22298485182473676,0.45623815071022333,0.13851564519345888,0.6414513977818691
1.3752704278003478,31.478868805687867,71.49635038971043,1730.3362037684192,0.8610978759734953,0.3832944791133055,0.6142135876883571,0.13927843902817486,0.7117017172242084,0.17842256831322076,0.17691806903141893,1.5271025475258604,1.757947321682721,24.125596202152572,0.02894359065546233,0.18383292111547664,0.634169363600552,0.06988465002503765,0.08613874369811643,0.04476246400319202,1.637117746046067,39.15371527861374,163.69714721564293,5016.148779080808,0.4794671071187851,1.755437692123576,2.8011761622536238,0.3459995679353929,0.7326168212912791,0.3752787260256485,0.387918664395866
2.2083408613085407,37.945825195440406,112.76411870848908,3929.18655819838,0.9332545437500541,0.48792390136149166,0.8742702533340811,0.29654011086379584,0.7678491797769124,0.15515461887558984,0.44984858385125154,1.1900781793355872,4.746650133469386,67.30070483438149,0.028417026275808596,0.16883225933679613,0.5455231507562891,0.09387668581154336,0.09298134074001271,0.044149873996829986,2.8746777148645126,39.65424331644132,292.9082540306822,7455.068670650679,0.47499177165683726,1.819022992975533,2.803165785372724,0.4908837949771092,0.8482887534812886,0.36686975339789535,0.0008625453528544602
